{
"type": "FeatureCollection",
"name": "a4",
"crs": { "type": "name", "properties": { "name": "urn:ogc:def:crs:OGC:1.3:CRS84" } },
"features": [
{ "type": "Feature", "properties": { "name": "A8-Scansano-Montorgiali", "len": 9396 }, "geometry": { "type": "LineString", "coordinates": [ [ 11.33542, 42.688374, 489.013476 ], [ 11.335472, 42.688551, 489.013476 ], [ 11.335295, 42.688589, 489.013476 ], [ 11.33528, 42.688539, 489.013476 ], [ 11.334675, 42.688809, 489.013476 ], [ 11.334658, 42.688866, 488.891157 ], [ 11.334461, 42.688993, 488.391007 ], [ 11.334206, 42.689259, 487.546015 ], [ 11.334073, 42.689346, 487.206187 ], [ 11.333684, 42.68952, 486.337026 ], [ 11.33364, 42.689537, 486.242147 ], [ 11.333676, 42.689566, 486.140204 ], [ 11.333927, 42.689843, 485.275964 ], [ 11.333928, 42.689966, 484.956558 ], [ 11.334356, 42.69005, 484.601471 ], [ 11.334625, 42.690133, 485.222604 ], [ 11.334772, 42.690236, 485.654995 ], [ 11.334837, 42.690351, 486.015703 ], [ 11.334856, 42.690459, 486.331136 ], [ 11.334865, 42.690683, 486.980249 ], [ 11.334818, 42.691031, 487.993208 ], [ 11.334376, 42.691643, 490.487093 ], [ 11.334201, 42.692146, 493.6274 ], [ 11.33419, 42.692362, 494.934796 ], [ 11.334248, 42.69268, 496.875432 ], [ 11.334206, 42.69282, 497.742567 ], [ 11.334398, 42.693253, 500.502566 ], [ 11.334493, 42.693375, 501.423197 ], [ 11.334528, 42.693402, 501.667442 ], [ 11.334638, 42.693415, 502.203753 ], [ 11.334768, 42.693405, 502.832955 ], [ 11.334966, 42.693324, 503.923762 ], [ 11.335046, 42.693335, 504.315542 ], [ 11.335145, 42.693373, 504.853173 ], [ 11.335556, 42.693726, 507.896064 ], [ 11.335738, 42.694006, 509.928409 ], [ 11.335764, 42.694667, 514.902314 ], [ 11.336044, 42.69539, 521.371618 ], [ 11.33619, 42.695883, 525.713727 ], [ 11.336437, 42.696478, 529.435937 ], [ 11.336383, 42.696609, 530.04474 ], [ 11.336072, 42.696737, 531.20991 ], [ 11.336265, 42.696849, 532.013757 ], [ 11.336514, 42.697072, 533.29682 ], [ 11.336466, 42.697405, 534.786197 ], [ 11.336457, 42.697776, 535.117972 ], [ 11.336352, 42.698118, 533.920035 ], [ 11.336253, 42.698673, 532.007463 ], [ 11.336306049339983, 42.698797614649258, 530.62425 ], [ 11.336334422535506, 42.698933154316705, 527.311743 ], [ 11.336348609133264, 42.699131250221548, 524.611659 ], [ 11.336462101915343, 42.699381475724323, 523.293712 ], [ 11.336774207066062, 42.699694256184756, 516.15148 ], [ 11.336887699848141, 42.699892349661432, 515.042116 ], [ 11.33715724520558, 42.700413645264369, 513.212348 ], [ 11.337171431803339, 42.700976639599666, 512.494612 ], [ 11.33728492458542, 42.701477074723194, 511.625355 ], [ 11.337738895713738, 42.701935803376394, 509.730123 ], [ 11.337859481794693, 42.702342400940083, 509.067543 ], [ 11.338029720967812, 42.702681230209087, 507.796805 ], [ 11.338107747255489, 42.702926228682429, 505.898941 ], [ 11.338107747255489, 42.703093035600425, 503.620716 ], [ 11.338228333336447, 42.7033640958863, 501.458944 ], [ 11.338398572509565, 42.703723770207809, 499.964714 ], [ 11.338625558073725, 42.704224183188764, 497.032697 ], [ 11.338724864258044, 42.704578639943165, 493.461053 ], [ 11.338817077143482, 42.704980007648224, 488.608955 ], [ 11.339022782811002, 42.705574235589481, 483.588571 ], [ 11.33915755548972, 42.705720185441798, 478.419669 ], [ 11.338845450339003, 42.705829647605853, 475.497998 ], [ 11.338682304464765, 42.705933897106469, 470.493819 ], [ 11.338327639520768, 42.705933897106469, 469.389929 ], [ 11.337653776127175, 42.706163245391565, 464.365086 ], [ 11.337292017884296, 42.70639780526124, 460.042393 ], [ 11.336965726135819, 42.706689700750218, 458.722302 ], [ 11.33680967356046, 42.707059780557607, 449.478738 ], [ 11.336752927169421, 42.707377734686411, 443.197504 ], [ 11.336334422535501, 42.707773871978162, 440.696153 ], [ 11.335369733887831, 42.708149157606847, 435.610356 ], [ 11.334632030804315, 42.708399346765461, 433.712468 ], [ 11.333724088547683, 42.708503591950596, 431.738303 ], [ 11.333497102983525, 42.707898967439824, 428.233307 ], [ 11.333071505050729, 42.707857268980611, 424.328236 ], [ 11.332390548358255, 42.707982364274208, 416.125292 ], [ 11.331993323620978, 42.708149157606847, 411.297519 ], [ 11.331567725688181, 42.708232554105088, 402.92802 ], [ 11.331000261777788, 42.708107459315698, 398.595678 ], [ 11.330744903018109, 42.70773217343492, 395.901914 ], [ 11.330092319521155, 42.70833679957034, 389.834503 ], [ 11.329978826739074, 42.709003966402264, 388.098338 ], [ 11.328900645309325, 42.709817066283243, 387.909415 ], [ 11.328957391700365, 42.710400823731689, 387.830804 ], [ 11.329292, 42.710538, 387.688248 ], [ 11.329994, 42.710497, 387.388873 ], [ 11.330123, 42.710883, 387.158914 ], [ 11.329354616437641, 42.710963727500221, 396.534667 ], [ 11.329950453543555, 42.711526626163653, 398.27887 ], [ 11.330007199934595, 42.71213121533804, 400.184029 ], [ 11.329780214370437, 42.712423083866078, 402.740034 ], [ 11.32938298963316, 42.712777493804865, 404.243406 ], [ 11.3292978700466, 42.71394494752456, 409.481975 ], [ 11.329496482415241, 42.714528666148958, 418.900808 ], [ 11.330205812303236, 42.714507819149773, 421.631299 ], [ 11.331377, 42.714745, 437.094864 ], [ 11.331072, 42.714748, 439.708143 ], [ 11.330815, 42.714722, 441.930729 ], [ 11.330603, 42.714736, 443.754331 ], [ 11.33028, 42.714828, 446.722244 ], [ 11.329423, 42.71517, 451.832575 ], [ 11.328881, 42.715552, 455.461631 ], [ 11.328676, 42.715642, 456.615545 ], [ 11.328567, 42.715651, 457.145543 ], [ 11.328405, 42.715627, 457.944073 ], [ 11.327974, 42.715497, 460.347007 ], [ 11.32772, 42.715493, 461.829157 ], [ 11.327119, 42.715696, 465.688079 ], [ 11.326403, 42.7158, 469.945974 ], [ 11.326113, 42.715751, 471.681957 ], [ 11.325823, 42.715749, 473.373854 ], [ 11.32559, 42.715796, 474.251291 ], [ 11.325416, 42.715893, 474.872381 ], [ 11.325236, 42.716041, 475.640555 ], [ 11.32504, 42.716147, 476.332608 ], [ 11.324624, 42.716269, 477.606295 ], [ 11.322653, 42.716701, 480.839055 ], [ 11.322119, 42.716892, 480.920502 ], [ 11.321813, 42.717048, 480.971578 ], [ 11.321551, 42.717148, 481.012066 ], [ 11.321298, 42.717172, 481.046113 ], [ 11.320116, 42.717432, 481.182512 ], [ 11.318541, 42.717934, 479.970135 ], [ 11.317991, 42.718224, 478.279836 ], [ 11.317329, 42.71875, 475.845204 ], [ 11.316964, 42.718973, 474.741051 ], [ 11.316594, 42.71931, 473.490501 ], [ 11.316438, 42.719407, 473.056825 ], [ 11.316342, 42.719432, 472.840695 ], [ 11.315862, 42.71934, 471.788047 ], [ 11.31572, 42.719334, 471.486225 ], [ 11.315656, 42.719354, 471.338642 ], [ 11.316186, 42.719668, 470.030873 ], [ 11.316755, 42.71999, 470.38102 ], [ 11.316992, 42.720153, 470.539288 ], [ 11.317463, 42.720675, 470.954867 ], [ 11.318147, 42.721057, 471.178808 ], [ 11.318305, 42.721208, 471.164358 ], [ 11.31851, 42.721507, 471.138959 ], [ 11.31954, 42.722414, 470.926654 ], [ 11.319681, 42.722635, 470.73344 ], [ 11.320016, 42.723531, 469.997872 ], [ 11.320376, 42.724246, 470.488287 ], [ 11.320804, 42.725204, 473.266877 ], [ 11.32084, 42.725278, 473.483437 ], [ 11.320412, 42.725634, 474.511431 ], [ 11.319778, 42.725963, 473.844175 ], [ 11.319645, 42.726081, 473.664908 ], [ 11.319535, 42.726214, 473.482804 ], [ 11.319446, 42.726381, 473.272945 ], [ 11.319369, 42.726671, 472.927203 ], [ 11.319275, 42.726785, 472.771241 ], [ 11.317851, 42.727563, 465.221158 ], [ 11.317466, 42.727702, 463.067586 ], [ 11.317085, 42.727796, 461.049923 ], [ 11.316316, 42.728047, 458.077259 ], [ 11.316049, 42.728151, 457.123119 ], [ 11.315779, 42.728193, 456.25178 ], [ 11.3152, 42.728148, 454.413577 ], [ 11.314888, 42.728089, 453.396424 ], [ 11.314395, 42.72794, 451.555254 ], [ 11.313973, 42.727911, 449.936854 ], [ 11.313598, 42.727912, 448.504944 ], [ 11.313119, 42.727816, 446.609078 ], [ 11.312467, 42.727769, 444.107518 ], [ 11.312266, 42.727726, 443.308133 ], [ 11.312144, 42.727722, 443.013947 ], [ 11.312091, 42.727737, 442.931859 ], [ 11.311941, 42.727935, 442.486039 ], [ 11.311684, 42.728034, 442.06663 ], [ 11.311485, 42.728079, 441.765702 ], [ 11.310529, 42.728061, 440.383569 ], [ 11.310465, 42.728082, 440.282263 ], [ 11.310017, 42.728425, 439.100791 ], [ 11.309601, 42.728812, 437.10508 ], [ 11.309533, 42.728905, 436.677829 ], [ 11.309499, 42.729092, 435.914273 ], [ 11.309432, 42.729258, 435.213523 ], [ 11.309289, 42.72945, 434.327756 ], [ 11.308997, 42.729731, 432.897019 ], [ 11.308704, 42.729898, 431.676665 ], [ 11.308518, 42.729967, 430.912934 ], [ 11.308003, 42.73004, 428.990536 ], [ 11.307611, 42.73024, 427.241215 ], [ 11.307358, 42.730436, 425.893515 ], [ 11.307177, 42.730527, 425.089611 ], [ 11.306439, 42.730798, 421.720515 ], [ 11.306145, 42.730976, 419.941784 ], [ 11.305978, 42.73103, 419.089923 ], [ 11.305795, 42.731057, 418.2185 ], [ 11.305421, 42.731051, 416.472017 ], [ 11.30526, 42.731077, 415.702417 ], [ 11.304818, 42.731197, 413.502448 ], [ 11.304623, 42.731291, 412.413535 ], [ 11.304473, 42.731415, 411.274092 ], [ 11.30384, 42.731687, 407.305223 ], [ 11.303604, 42.731859, 405.505999 ], [ 11.303258, 42.732211, 402.307201 ], [ 11.303012, 42.732562, 399.39855 ], [ 11.302873, 42.73264, 398.576986 ], [ 11.302549, 42.732743, 397.923321 ], [ 11.302114, 42.732799, 397.105637 ], [ 11.301898, 42.732852, 396.683986 ], [ 11.30155, 42.733006, 395.931761 ], [ 11.300851, 42.733464, 394.197471 ], [ 11.300762, 42.7335, 393.88938 ], [ 11.300502, 42.733505, 392.823426 ], [ 11.300334, 42.733546, 392.097881 ], [ 11.300199, 42.73364, 391.335503 ], [ 11.300043, 42.733794, 390.26446 ], [ 11.299786, 42.734108, 388.220187 ], [ 11.299052, 42.734629, 384.00194 ], [ 11.298965, 42.734654, 383.24113 ], [ 11.29887, 42.734652, 382.467144 ], [ 11.298343, 42.734489, 377.810315 ], [ 11.298272, 42.7345, 377.219376 ], [ 11.298174, 42.734539, 376.311659 ], [ 11.297739, 42.734907, 370.908124 ], [ 11.29771, 42.734967, 370.202192 ], [ 11.297768, 42.735171, 367.891531 ], [ 11.29771, 42.73534, 365.959114 ], [ 11.297337, 42.735642, 361.335084 ], [ 11.297317, 42.735734, 360.262556 ], [ 11.297446, 42.735808, 358.878546 ], [ 11.298036, 42.735835, 353.88012 ], [ 11.298156, 42.735877, 352.756146 ], [ 11.298261, 42.735973, 351.338537 ], [ 11.298265, 42.73611, 349.76102 ], [ 11.298227, 42.736247, 348.151468 ], [ 11.298159, 42.736598, 344.070026 ], [ 11.298211, 42.736637, 343.44162 ], [ 11.298228, 42.73675, 343.423517 ], [ 11.298262, 42.737002, 343.423517 ], [ 11.29838, 42.737003, 343.423517 ], [ 11.298536, 42.737511, 343.423517 ], [ 11.298552, 42.737556, 343.423517 ], [ 11.298687, 42.737552, 343.423517 ], [ 11.298792, 42.737645, 343.423517 ], [ 11.298788, 42.737838, 343.423517 ], [ 11.298688, 42.737834, 343.423517 ], [ 11.298758, 42.737996, 343.423517 ] ] } },
{ "type": "Feature", "properties": { "name": "04-X2-Montorgiali-Murci", "len": 19843 }, "geometry": { "type": "LineString", "coordinates": [ [ 11.298137581272178, 42.736836666508836, 475.0 ], [ 11.298185675450821, 42.735776933334584, 475.0 ], [ 11.297368074413887, 42.735741608583545, 475.0 ], [ 11.297656639485744, 42.735211734903352, 475.0 ], [ 11.29784901620032, 42.734611205925923, 475.0 ], [ 11.299099464845048, 42.73464653132087, 475.0 ], [ 11.300253725132487, 42.733516108702133, 475.0 ], [ 11.301985115563646, 42.732738931199258, 475.0 ], [ 11.302802716600585, 42.732597625152387, 475.0 ], [ 11.303524129280236, 42.731997070861439, 475.0 ], [ 11.303620317637522, 42.731714455065259, 475.0 ], [ 11.30472648374632, 42.731184546976401, 475.0 ], [ 11.305976932391047, 42.730972582473186, 475.0 ], [ 11.307371663571706, 42.730548651293567, 475.0 ], [ 11.307804511179494, 42.730018733244378, 475.0 ], [ 11.308766394752361, 42.729771436605375, 475.0 ], [ 11.309054959824222, 42.729630123797548, 475.0 ], [ 11.309535901610655, 42.729064869346765, 475.0 ], [ 11.309824466682516, 42.728499609744802, 475.0 ], [ 11.31044969100488, 42.728040332525254, 475.0 ], [ 11.311555857113676, 42.728110990780365, 476.0 ], [ 11.312084893078753, 42.727793027998516, 476.0 ], [ 11.313046776651623, 42.727757698699918, 476.0 ], [ 11.31343153008077, 42.727934344991667, 476.0 ], [ 11.314345319474993, 42.727934344991667, 476.0 ], [ 11.315355297226503, 42.728146319877744, 476.0 ], [ 11.316076709906154, 42.728075661662871, 476.0 ], [ 11.317327158550881, 42.727651710683418, 477.0 ], [ 11.318577607195609, 42.72729841598715, 477.0 ], [ 11.319347114053901, 42.726662480463197, 477.0 ], [ 11.319395208232546, 42.726309180132866, 477.0 ], [ 11.320501374341342, 42.725496581736948, 477.0 ], [ 11.320867, 42.725158, 478.0 ], [ 11.32089, 42.725208, 478.0 ], [ 11.320912, 42.725257, 478.0 ], [ 11.320935, 42.725307, 479.0 ], [ 11.320962, 42.725352, 479.0 ], [ 11.320992, 42.725398, 479.0 ], [ 11.321022, 42.725443, 479.0 ], [ 11.321047, 42.725492, 479.0 ], [ 11.321073, 42.725538, 480.0 ], [ 11.321102, 42.725583, 480.0 ], [ 11.321137, 42.725623, 480.0 ], [ 11.321172, 42.725662, 480.0 ], [ 11.321205, 42.725705, 480.0 ], [ 11.321237, 42.72575, 481.0 ], [ 11.321268, 42.725793, 481.0 ], [ 11.3213, 42.725838, 481.0 ], [ 11.321332, 42.725878, 481.0 ], [ 11.321368, 42.725917, 481.0 ], [ 11.321402, 42.725958, 481.0 ], [ 11.32143, 42.726002, 481.0 ], [ 11.321457, 42.726052, 481.0 ], [ 11.321488, 42.726095, 481.0 ], [ 11.321518, 42.726135, 481.0 ], [ 11.32155, 42.726175, 481.0 ], [ 11.321577, 42.726222, 481.0 ], [ 11.321607, 42.726265, 481.0 ], [ 11.321637, 42.72631, 482.0 ], [ 11.321667, 42.726355, 482.0 ], [ 11.321697, 42.726395, 482.0 ], [ 11.321727, 42.726442, 482.0 ], [ 11.321753, 42.726488, 482.0 ], [ 11.321782, 42.726538, 482.0 ], [ 11.321812, 42.726582, 483.0 ], [ 11.321843, 42.726622, 483.0 ], [ 11.321875, 42.72666, 483.0 ], [ 11.321908, 42.726692, 483.0 ], [ 11.32194, 42.72673, 484.0 ], [ 11.32197, 42.726772, 484.0 ], [ 11.322, 42.726815, 485.0 ], [ 11.322032, 42.726853, 485.0 ], [ 11.322062, 42.72689, 486.0 ], [ 11.32209, 42.726925, 486.0 ], [ 11.322118, 42.726958, 486.0 ], [ 11.322147, 42.726992, 487.0 ], [ 11.322175, 42.727022, 487.0 ], [ 11.3222, 42.727052, 487.0 ], [ 11.322228, 42.727082, 487.0 ], [ 11.322258, 42.727107, 487.0 ], [ 11.322287, 42.727135, 488.0 ], [ 11.322315, 42.727162, 489.0 ], [ 11.322342, 42.727188, 489.0 ], [ 11.322367, 42.727217, 489.0 ], [ 11.322395, 42.727243, 490.0 ], [ 11.322422, 42.727272, 490.0 ], [ 11.322447, 42.727305, 490.0 ], [ 11.322475, 42.727335, 491.0 ], [ 11.322505, 42.727363, 491.0 ], [ 11.322533, 42.72739, 491.0 ], [ 11.322558, 42.727422, 492.0 ], [ 11.322582, 42.727455, 492.0 ], [ 11.322607, 42.727488, 493.0 ], [ 11.322628, 42.727522, 493.0 ], [ 11.322652, 42.727553, 493.0 ], [ 11.322675, 42.727587, 493.0 ], [ 11.322703, 42.727612, 493.0 ], [ 11.322735, 42.727637, 493.0 ], [ 11.32276, 42.727662, 493.0 ], [ 11.32279, 42.727685, 494.0 ], [ 11.32282, 42.727712, 494.0 ], [ 11.32285, 42.727743, 495.0 ], [ 11.322877, 42.727775, 495.0 ], [ 11.322905, 42.727805, 495.0 ], [ 11.322935, 42.727837, 496.0 ], [ 11.322963, 42.727863, 496.0 ], [ 11.32299, 42.72789, 497.0 ], [ 11.323018, 42.72792, 497.0 ], [ 11.323052, 42.727948, 497.0 ], [ 11.323082, 42.727978, 497.0 ], [ 11.323113, 42.728008, 497.0 ], [ 11.323145, 42.728033, 498.0 ], [ 11.323177, 42.72806, 498.0 ], [ 11.323205, 42.728092, 498.0 ], [ 11.32324, 42.728123, 499.0 ], [ 11.323272, 42.728155, 499.0 ], [ 11.323305, 42.728187, 499.0 ], [ 11.323337, 42.72822, 499.0 ], [ 11.323372, 42.728252, 499.0 ], [ 11.323405, 42.728287, 499.0 ], [ 11.323438, 42.728325, 499.0 ], [ 11.32347, 42.728362, 499.0 ], [ 11.323505, 42.728398, 499.0 ], [ 11.323542, 42.728435, 499.0 ], [ 11.323578, 42.72847, 499.0 ], [ 11.323615, 42.728505, 499.0 ], [ 11.32365, 42.72854, 499.0 ], [ 11.323685, 42.728572, 499.0 ], [ 11.32372, 42.728605, 499.0 ], [ 11.323755, 42.728637, 499.0 ], [ 11.32379, 42.728668, 499.0 ], [ 11.323827, 42.728698, 499.0 ], [ 11.323865, 42.728728, 500.0 ], [ 11.3239, 42.728758, 500.0 ], [ 11.323938, 42.728788, 500.0 ], [ 11.323975, 42.72882, 500.0 ], [ 11.32401, 42.728852, 501.0 ], [ 11.32405, 42.72888, 501.0 ], [ 11.32409, 42.728905, 501.0 ], [ 11.324127, 42.728932, 501.0 ], [ 11.32416, 42.72896, 501.0 ], [ 11.324197, 42.728983, 502.0 ], [ 11.324232, 42.729012, 502.0 ], [ 11.324265, 42.72904, 502.0 ], [ 11.3243, 42.729068, 502.0 ], [ 11.324335, 42.729093, 502.0 ], [ 11.32437, 42.729117, 503.0 ], [ 11.3244, 42.729145, 503.0 ], [ 11.324432, 42.729173, 503.0 ], [ 11.324468, 42.7292, 503.0 ], [ 11.324502, 42.72923, 503.0 ], [ 11.324535, 42.72926, 504.0 ], [ 11.324568, 42.729292, 504.0 ], [ 11.324603, 42.729322, 504.0 ], [ 11.32464, 42.729353, 504.0 ], [ 11.324673, 42.729385, 504.0 ], [ 11.324707, 42.729417, 504.0 ], [ 11.324737, 42.72945, 504.0 ], [ 11.324763, 42.729485, 504.0 ], [ 11.324788, 42.72952, 504.0 ], [ 11.324812, 42.729555, 505.0 ], [ 11.324832, 42.729593, 505.0 ], [ 11.32485, 42.72963, 505.0 ], [ 11.324867, 42.72967, 505.0 ], [ 11.324883, 42.729708, 505.0 ], [ 11.324898, 42.729748, 505.0 ], [ 11.324912, 42.729787, 505.0 ], [ 11.324927, 42.729825, 505.0 ], [ 11.324947, 42.72986, 505.0 ], [ 11.324972, 42.729893, 505.0 ], [ 11.325007, 42.729918, 505.0 ], [ 11.325052, 42.729935, 505.0 ], [ 11.3251, 42.729943, 506.0 ], [ 11.325147, 42.729945, 506.0 ], [ 11.325195, 42.729945, 507.0 ], [ 11.32524, 42.72994, 507.0 ], [ 11.32528, 42.729933, 508.0 ], [ 11.32532, 42.72992, 508.0 ], [ 11.32536, 42.729905, 508.0 ], [ 11.325452, 42.729887, 508.0 ], [ 11.325502, 42.729878, 508.0 ], [ 11.325557, 42.72987, 508.0 ], [ 11.325612, 42.729868, 507.0 ], [ 11.32567, 42.729872, 506.0 ], [ 11.325732, 42.729878, 506.0 ], [ 11.325795, 42.729888, 506.0 ], [ 11.325862, 42.729895, 506.0 ], [ 11.325923, 42.729908, 506.0 ], [ 11.325983, 42.729923, 506.0 ], [ 11.326045, 42.729937, 506.0 ], [ 11.326105, 42.729945, 505.0 ], [ 11.326163, 42.729953, 505.0 ], [ 11.326222, 42.729957, 505.0 ], [ 11.32628, 42.72996, 505.0 ], [ 11.326335, 42.72996, 505.0 ], [ 11.326385, 42.72996, 505.0 ], [ 11.32643, 42.729953, 505.0 ], [ 11.326467, 42.729943, 505.0 ], [ 11.326505, 42.729927, 505.0 ], [ 11.326538, 42.729913, 505.0 ], [ 11.326575, 42.729897, 505.0 ], [ 11.326605, 42.729878, 505.0 ], [ 11.326637, 42.729858, 505.0 ], [ 11.326667, 42.729838, 506.0 ], [ 11.326697, 42.72982, 506.0 ], [ 11.326727, 42.729803, 506.0 ], [ 11.326755, 42.729785, 506.0 ], [ 11.326785, 42.729772, 506.0 ], [ 11.326815, 42.729762, 507.0 ], [ 11.326843, 42.729753, 507.0 ], [ 11.326877, 42.729743, 508.0 ], [ 11.326912, 42.729733, 508.0 ], [ 11.32695, 42.729725, 508.0 ], [ 11.326988, 42.72972, 508.0 ], [ 11.327027, 42.729713, 508.0 ], [ 11.327065, 42.729707, 508.0 ], [ 11.327105, 42.729702, 508.0 ], [ 11.327143, 42.729695, 508.0 ], [ 11.327173, 42.72969, 508.0 ], [ 11.327198, 42.729687, 508.0 ], [ 11.327227, 42.72968, 508.0 ], [ 11.327255, 42.729672, 508.0 ], [ 11.327285, 42.729662, 508.0 ], [ 11.32731, 42.72965, 508.0 ], [ 11.327337, 42.729642, 508.0 ], [ 11.327368, 42.729632, 508.0 ], [ 11.327397, 42.729622, 509.0 ], [ 11.327422, 42.729612, 509.0 ], [ 11.327448, 42.729605, 510.0 ], [ 11.327477, 42.7296, 510.0 ], [ 11.327502, 42.729595, 510.0 ], [ 11.327532, 42.729587, 510.0 ], [ 11.327563, 42.72958, 510.0 ], [ 11.327597, 42.729573, 511.0 ], [ 11.327627, 42.72957, 511.0 ], [ 11.327658, 42.729565, 511.0 ], [ 11.327688, 42.729563, 511.0 ], [ 11.327718, 42.729562, 511.0 ], [ 11.327747, 42.72956, 511.0 ], [ 11.327775, 42.729557, 511.0 ], [ 11.327805, 42.729558, 512.0 ], [ 11.32781, 42.729577, 511.0 ], [ 11.327833, 42.729595, 511.0 ], [ 11.32786, 42.729597, 512.0 ], [ 11.327907, 42.729593, 512.0 ], [ 11.327932, 42.72959, 512.0 ], [ 11.32796, 42.729585, 512.0 ], [ 11.32799, 42.729582, 512.0 ], [ 11.328022, 42.729582, 512.0 ], [ 11.328053, 42.729582, 512.0 ], [ 11.328087, 42.729583, 513.0 ], [ 11.328118, 42.729587, 513.0 ], [ 11.328152, 42.72959, 513.0 ], [ 11.328183, 42.729597, 513.0 ], [ 11.328217, 42.729605, 514.0 ], [ 11.328255, 42.72961, 514.0 ], [ 11.328293, 42.729617, 514.0 ], [ 11.328333, 42.729622, 514.0 ], [ 11.328373, 42.729627, 515.0 ], [ 11.328412, 42.729632, 515.0 ], [ 11.32845, 42.729638, 515.0 ], [ 11.328487, 42.729647, 515.0 ], [ 11.328523, 42.729657, 515.0 ], [ 11.328562, 42.729665, 515.0 ], [ 11.328602, 42.729667, 516.0 ], [ 11.328637, 42.72967, 516.0 ], [ 11.328672, 42.729678, 517.0 ], [ 11.328708, 42.729683, 517.0 ], [ 11.328742, 42.729692, 517.0 ], [ 11.328775, 42.7297, 517.0 ], [ 11.328807, 42.729707, 517.0 ], [ 11.328842, 42.729712, 517.0 ], [ 11.328873, 42.72972, 517.0 ], [ 11.328908, 42.729728, 517.0 ], [ 11.328943, 42.729737, 517.0 ], [ 11.328977, 42.729745, 517.0 ], [ 11.329012, 42.729755, 518.0 ], [ 11.329048, 42.729762, 519.0 ], [ 11.329085, 42.72977, 519.0 ], [ 11.329118, 42.729782, 519.0 ], [ 11.329155, 42.729793, 519.0 ], [ 11.32919, 42.729807, 520.0 ], [ 11.329222, 42.729822, 520.0 ], [ 11.329253, 42.729835, 520.0 ], [ 11.329288, 42.729845, 520.0 ], [ 11.329327, 42.729853, 520.0 ], [ 11.329367, 42.729863, 521.0 ], [ 11.329408, 42.729875, 521.0 ], [ 11.329452, 42.72989, 521.0 ], [ 11.329492, 42.729907, 521.0 ], [ 11.329528, 42.72992, 521.0 ], [ 11.329567, 42.729933, 522.0 ], [ 11.329607, 42.729948, 522.0 ], [ 11.329648, 42.729965, 522.0 ], [ 11.329692, 42.729977, 522.0 ], [ 11.329733, 42.72999, 522.0 ], [ 11.329773, 42.730005, 522.0 ], [ 11.329813, 42.730017, 522.0 ], [ 11.329855, 42.730027, 522.0 ], [ 11.329897, 42.730032, 522.0 ], [ 11.329937, 42.730042, 522.0 ], [ 11.329978, 42.730052, 522.0 ], [ 11.33002, 42.730062, 522.0 ], [ 11.330062, 42.730075, 522.0 ], [ 11.330102, 42.730087, 523.0 ], [ 11.330143, 42.730098, 523.0 ], [ 11.330182, 42.73011, 523.0 ], [ 11.330218, 42.73012, 523.0 ], [ 11.330253, 42.730132, 523.0 ], [ 11.330288, 42.730145, 523.0 ], [ 11.330323, 42.73016, 523.0 ], [ 11.330358, 42.730177, 523.0 ], [ 11.330393, 42.73019, 523.0 ], [ 11.330432, 42.7302, 524.0 ], [ 11.330472, 42.730213, 524.0 ], [ 11.330508, 42.730232, 524.0 ], [ 11.330548, 42.73025, 524.0 ], [ 11.330588, 42.730268, 524.0 ], [ 11.330627, 42.73029, 524.0 ], [ 11.330663, 42.730315, 524.0 ], [ 11.3307, 42.730337, 524.0 ], [ 11.330737, 42.730362, 524.0 ], [ 11.330773, 42.730388, 524.0 ], [ 11.330807, 42.730413, 525.0 ], [ 11.330842, 42.73044, 525.0 ], [ 11.330877, 42.730465, 525.0 ], [ 11.330913, 42.730492, 525.0 ], [ 11.330948, 42.73052, 525.0 ], [ 11.330985, 42.73055, 525.0 ], [ 11.331023, 42.730585, 525.0 ], [ 11.331062, 42.730618, 525.0 ], [ 11.3311, 42.73065, 525.0 ], [ 11.33114, 42.73068, 524.0 ], [ 11.331187, 42.730713, 524.0 ], [ 11.331233, 42.730748, 523.0 ], [ 11.331282, 42.730788, 523.0 ], [ 11.331332, 42.730827, 523.0 ], [ 11.331382, 42.730867, 523.0 ], [ 11.331428, 42.73091, 522.0 ], [ 11.331478, 42.730952, 522.0 ], [ 11.331523, 42.730997, 522.0 ], [ 11.33157, 42.731043, 521.0 ], [ 11.331613, 42.731088, 521.0 ], [ 11.331653, 42.731135, 520.0 ], [ 11.331688, 42.73118, 520.0 ], [ 11.331725, 42.73122, 520.0 ], [ 11.331765, 42.73126, 519.0 ], [ 11.331815, 42.731297, 518.0 ], [ 11.331873, 42.731325, 518.0 ], [ 11.331942, 42.731337, 518.0 ], [ 11.332008, 42.731343, 518.0 ], [ 11.33208, 42.73136, 517.0 ], [ 11.332163, 42.731382, 516.0 ], [ 11.332247, 42.731413, 515.0 ], [ 11.332325, 42.731442, 514.0 ], [ 11.332403, 42.731467, 514.0 ], [ 11.332483, 42.73149, 513.0 ], [ 11.332638, 42.731525, 513.0 ], [ 11.332727, 42.731537, 513.0 ], [ 11.332822, 42.731545, 512.0 ], [ 11.332918, 42.731552, 512.0 ], [ 11.33301, 42.731565, 511.0 ], [ 11.3331, 42.731577, 510.0 ], [ 11.333182, 42.73159, 510.0 ], [ 11.333255, 42.731612, 509.0 ], [ 11.333327, 42.731635, 509.0 ], [ 11.333395, 42.731658, 509.0 ], [ 11.333453, 42.731688, 509.0 ], [ 11.333508, 42.73172, 509.0 ], [ 11.333553, 42.73176, 509.0 ], [ 11.333592, 42.731807, 509.0 ], [ 11.333625, 42.731865, 508.0 ], [ 11.333653, 42.73192, 508.0 ], [ 11.33368, 42.731973, 508.0 ], [ 11.33371, 42.732025, 508.0 ], [ 11.333748, 42.732068, 508.0 ], [ 11.33379, 42.732112, 508.0 ], [ 11.333838, 42.732152, 507.0 ], [ 11.333892, 42.73219, 506.0 ], [ 11.333948, 42.732218, 506.0 ], [ 11.334005, 42.732247, 506.0 ], [ 11.334057, 42.732275, 506.0 ], [ 11.334107, 42.73231, 506.0 ], [ 11.33416, 42.732337, 506.0 ], [ 11.334208, 42.73236, 507.0 ], [ 11.334253, 42.73238, 506.0 ], [ 11.334295, 42.732405, 506.0 ], [ 11.334335, 42.73243, 506.0 ], [ 11.33437, 42.732452, 506.0 ], [ 11.334405, 42.732477, 506.0 ], [ 11.334435, 42.732503, 506.0 ], [ 11.334462, 42.732528, 505.0 ], [ 11.334488, 42.73255, 505.0 ], [ 11.334513, 42.732575, 505.0 ], [ 11.334535, 42.732597, 504.0 ], [ 11.334552, 42.732618, 504.0 ], [ 11.334548, 42.732637, 503.0 ], [ 11.334543, 42.732667, 503.0 ], [ 11.334538, 42.732703, 503.0 ], [ 11.334528, 42.732733, 502.0 ], [ 11.334512, 42.732768, 502.0 ], [ 11.334498, 42.732792, 502.0 ], [ 11.334488, 42.732815, 502.0 ], [ 11.334472, 42.732838, 502.0 ], [ 11.334453, 42.732863, 502.0 ], [ 11.33443, 42.732893, 501.0 ], [ 11.334412, 42.732923, 501.0 ], [ 11.334392, 42.732948, 500.0 ], [ 11.33438, 42.732973, 500.0 ], [ 11.334375, 42.733, 499.0 ], [ 11.334375, 42.733027, 499.0 ], [ 11.334382, 42.733058, 498.0 ], [ 11.334392, 42.733087, 498.0 ], [ 11.334405, 42.733112, 498.0 ], [ 11.334422, 42.733135, 497.0 ], [ 11.334443, 42.733162, 497.0 ], [ 11.334472, 42.733187, 497.0 ], [ 11.3345, 42.733213, 497.0 ], [ 11.334533, 42.73324, 497.0 ], [ 11.334567, 42.733273, 497.0 ], [ 11.334597, 42.733308, 496.0 ], [ 11.334623, 42.733345, 496.0 ], [ 11.33465, 42.73338, 496.0 ], [ 11.334673, 42.733417, 495.0 ], [ 11.334695, 42.73345, 494.0 ], [ 11.334722, 42.73349, 494.0 ], [ 11.334747, 42.733528, 493.0 ], [ 11.334772, 42.733567, 492.0 ], [ 11.334792, 42.733608, 491.0 ], [ 11.33481, 42.73365, 491.0 ], [ 11.334822, 42.733695, 491.0 ], [ 11.334833, 42.733745, 491.0 ], [ 11.334838, 42.733793, 490.0 ], [ 11.334837, 42.733842, 489.0 ], [ 11.334832, 42.733893, 488.0 ], [ 11.334823, 42.73395, 488.0 ], [ 11.334802, 42.734007, 487.0 ], [ 11.334762, 42.734058, 486.0 ], [ 11.33471, 42.734102, 486.0 ], [ 11.334648, 42.73414, 486.0 ], [ 11.334582, 42.734173, 486.0 ], [ 11.33452, 42.734208, 485.0 ], [ 11.334457, 42.734243, 485.0 ], [ 11.3344, 42.734278, 484.0 ], [ 11.334355, 42.734318, 484.0 ], [ 11.334328, 42.734355, 484.0 ], [ 11.33433, 42.734398, 484.0 ], [ 11.334355, 42.734435, 482.0 ], [ 11.334405, 42.734458, 481.0 ], [ 11.334462, 42.734475, 481.0 ], [ 11.334527, 42.734483, 481.0 ], [ 11.334597, 42.734482, 481.0 ], [ 11.334665, 42.73448, 481.0 ], [ 11.334735, 42.73448, 481.0 ], [ 11.334807, 42.734487, 481.0 ], [ 11.334877, 42.734493, 481.0 ], [ 11.334947, 42.734502, 481.0 ], [ 11.33502, 42.73451, 481.0 ], [ 11.33509, 42.73452, 481.0 ], [ 11.335162, 42.734533, 480.0 ], [ 11.335235, 42.734547, 480.0 ], [ 11.335305, 42.73456, 480.0 ], [ 11.335375, 42.734575, 479.0 ], [ 11.335442, 42.734592, 479.0 ], [ 11.335508, 42.73461, 479.0 ], [ 11.335575, 42.734628, 479.0 ], [ 11.335642, 42.734643, 478.0 ], [ 11.33571, 42.73466, 478.0 ], [ 11.33578, 42.734672, 477.0 ], [ 11.335858, 42.73468, 476.0 ], [ 11.335937, 42.734683, 476.0 ], [ 11.336017, 42.734683, 476.0 ], [ 11.336092, 42.73468, 476.0 ], [ 11.336167, 42.734673, 476.0 ], [ 11.336237, 42.734668, 475.0 ], [ 11.336305, 42.734667, 475.0 ], [ 11.336368, 42.734672, 474.0 ], [ 11.336432, 42.73468, 474.0 ], [ 11.336495, 42.73469, 473.0 ], [ 11.336557, 42.734702, 472.0 ], [ 11.336612, 42.73472, 472.0 ], [ 11.336665, 42.734735, 472.0 ], [ 11.336718, 42.734748, 472.0 ], [ 11.336773, 42.73476, 472.0 ], [ 11.336828, 42.734775, 471.0 ], [ 11.33688, 42.73479, 471.0 ], [ 11.336927, 42.734807, 471.0 ], [ 11.336977, 42.734822, 470.0 ], [ 11.337027, 42.734835, 470.0 ], [ 11.337072, 42.734858, 470.0 ], [ 11.337108, 42.734887, 470.0 ], [ 11.337142, 42.734915, 469.0 ], [ 11.337168, 42.734942, 469.0 ], [ 11.337188, 42.734958, 469.0 ], [ 11.337173, 42.734973, 470.0 ], [ 11.33717, 42.734997, 470.0 ], [ 11.337175, 42.735015, 470.0 ], [ 11.337177, 42.735038, 470.0 ], [ 11.337187, 42.735055, 470.0 ], [ 11.337203, 42.73508, 470.0 ], [ 11.337227, 42.735107, 469.0 ], [ 11.337258, 42.73513, 469.0 ], [ 11.3373, 42.735148, 469.0 ], [ 11.337402, 42.735163, 468.0 ], [ 11.337455, 42.735155, 467.0 ], [ 11.337507, 42.735128, 467.0 ], [ 11.33756, 42.7351, 466.0 ], [ 11.337613, 42.735072, 466.0 ], [ 11.337667, 42.735045, 466.0 ], [ 11.33772, 42.73502, 465.0 ], [ 11.337773, 42.734998, 465.0 ], [ 11.337832, 42.73498, 464.0 ], [ 11.337942, 42.734933, 464.0 ], [ 11.338, 42.734912, 464.0 ], [ 11.338057, 42.734895, 462.0 ], [ 11.338113, 42.734885, 461.0 ], [ 11.338172, 42.734878, 461.0 ], [ 11.338227, 42.734872, 461.0 ], [ 11.338278, 42.734863, 461.0 ], [ 11.338327, 42.734853, 461.0 ], [ 11.338372, 42.734835, 461.0 ], [ 11.338415, 42.734813, 460.0 ], [ 11.338452, 42.73479, 460.0 ], [ 11.338487, 42.73477, 459.0 ], [ 11.338523, 42.734748, 458.0 ], [ 11.338565, 42.734725, 457.0 ], [ 11.338602, 42.734702, 457.0 ], [ 11.338642, 42.734675, 457.0 ], [ 11.338687, 42.734653, 457.0 ], [ 11.33873, 42.734633, 456.0 ], [ 11.33877, 42.73461, 456.0 ], [ 11.338807, 42.734583, 456.0 ], [ 11.338847, 42.734553, 455.0 ], [ 11.33889, 42.734523, 455.0 ], [ 11.338935, 42.73449, 455.0 ], [ 11.33898, 42.734458, 455.0 ], [ 11.339025, 42.734425, 454.0 ], [ 11.33907, 42.734393, 454.0 ], [ 11.33911, 42.734365, 454.0 ], [ 11.33915, 42.734335, 453.0 ], [ 11.339183, 42.734305, 453.0 ], [ 11.339212, 42.734273, 453.0 ], [ 11.339242, 42.734248, 452.0 ], [ 11.339272, 42.734225, 452.0 ], [ 11.339295, 42.734198, 452.0 ], [ 11.339313, 42.73417, 451.0 ], [ 11.339335, 42.734143, 451.0 ], [ 11.339352, 42.734115, 451.0 ], [ 11.33936, 42.734082, 451.0 ], [ 11.33936, 42.734047, 451.0 ], [ 11.33935, 42.73401, 450.0 ], [ 11.339337, 42.733978, 449.0 ], [ 11.339327, 42.73395, 449.0 ], [ 11.339322, 42.733925, 449.0 ], [ 11.339317, 42.733897, 449.0 ], [ 11.339312, 42.733865, 449.0 ], [ 11.339298, 42.73383, 449.0 ], [ 11.339273, 42.733797, 449.0 ], [ 11.339235, 42.733767, 448.0 ], [ 11.339197, 42.733735, 448.0 ], [ 11.339157, 42.733705, 447.0 ], [ 11.339112, 42.73368, 446.0 ], [ 11.339067, 42.733658, 445.0 ], [ 11.339023, 42.733637, 445.0 ], [ 11.33898, 42.733612, 445.0 ], [ 11.338932, 42.733587, 444.0 ], [ 11.338885, 42.733563, 443.0 ], [ 11.338847, 42.733542, 443.0 ], [ 11.338823, 42.733518, 442.0 ], [ 11.338817, 42.733492, 441.0 ], [ 11.33883, 42.733467, 440.0 ], [ 11.338857, 42.73344, 439.0 ], [ 11.338903, 42.73341, 438.0 ], [ 11.338962, 42.733377, 438.0 ], [ 11.339012, 42.73335, 437.0 ], [ 11.339055, 42.733325, 437.0 ], [ 11.339092, 42.733297, 436.0 ], [ 11.33913, 42.733262, 435.0 ], [ 11.339175, 42.733227, 435.0 ], [ 11.33921, 42.733192, 435.0 ], [ 11.339245, 42.733148, 435.0 ], [ 11.339278, 42.733113, 435.0 ], [ 11.339312, 42.733085, 435.0 ], [ 11.339347, 42.733062, 435.0 ], [ 11.339382, 42.733037, 435.0 ], [ 11.339415, 42.733012, 435.0 ], [ 11.339445, 42.732987, 435.0 ], [ 11.339478, 42.732963, 435.0 ], [ 11.339517, 42.732938, 435.0 ], [ 11.339553, 42.73291, 435.0 ], [ 11.339587, 42.732882, 435.0 ], [ 11.339618, 42.732855, 435.0 ], [ 11.339658, 42.73283, 436.0 ], [ 11.339752, 42.732767, 436.0 ], [ 11.339875, 42.732665, 436.0 ], [ 11.33991, 42.732642, 436.0 ], [ 11.339943, 42.732622, 435.0 ], [ 11.339977, 42.7326, 434.0 ], [ 11.34001, 42.732573, 434.0 ], [ 11.340045, 42.732545, 434.0 ], [ 11.34008, 42.73252, 434.0 ], [ 11.340117, 42.732492, 434.0 ], [ 11.340153, 42.732462, 433.0 ], [ 11.340192, 42.73243, 432.0 ], [ 11.340225, 42.7324, 432.0 ], [ 11.340258, 42.732367, 432.0 ], [ 11.340302, 42.732322, 432.0 ], [ 11.340362, 42.73227, 432.0 ], [ 11.340423, 42.732233, 430.0 ], [ 11.340472, 42.732215, 429.0 ], [ 11.34051, 42.7322, 428.0 ], [ 11.340547, 42.732185, 427.0 ], [ 11.340583, 42.732172, 426.0 ], [ 11.340608, 42.732157, 426.0 ], [ 11.340637, 42.732138, 425.0 ], [ 11.340663, 42.732117, 424.0 ], [ 11.340688, 42.7321, 424.0 ], [ 11.340712, 42.732082, 424.0 ], [ 11.340733, 42.732058, 423.0 ], [ 11.340753, 42.732032, 423.0 ], [ 11.340768, 42.732002, 422.0 ], [ 11.340775, 42.73197, 422.0 ], [ 11.34078, 42.731937, 421.0 ], [ 11.340788, 42.731903, 421.0 ], [ 11.340797, 42.731868, 421.0 ], [ 11.340798, 42.731835, 421.0 ], [ 11.340808, 42.731798, 421.0 ], [ 11.340822, 42.731757, 421.0 ], [ 11.340833, 42.731718, 421.0 ], [ 11.340843, 42.73168, 421.0 ], [ 11.340855, 42.731642, 421.0 ], [ 11.340867, 42.731602, 421.0 ], [ 11.340878, 42.731563, 421.0 ], [ 11.340887, 42.731528, 421.0 ], [ 11.340898, 42.731485, 421.0 ], [ 11.340908, 42.731448, 421.0 ], [ 11.340917, 42.731413, 421.0 ], [ 11.340925, 42.73138, 421.0 ], [ 11.340938, 42.731342, 421.0 ], [ 11.340948, 42.731305, 421.0 ], [ 11.34096, 42.731272, 420.0 ], [ 11.340967, 42.731242, 420.0 ], [ 11.340972, 42.731208, 420.0 ], [ 11.340975, 42.73118, 421.0 ], [ 11.340972, 42.731138, 421.0 ], [ 11.340962, 42.731102, 421.0 ], [ 11.340948, 42.731067, 420.0 ], [ 11.340935, 42.73103, 420.0 ], [ 11.340927, 42.73099, 420.0 ], [ 11.340917, 42.730957, 420.0 ], [ 11.340908, 42.730923, 421.0 ], [ 11.340897, 42.730892, 421.0 ], [ 11.340887, 42.730858, 421.0 ], [ 11.34088, 42.730827, 421.0 ], [ 11.340875, 42.730793, 421.0 ], [ 11.340877, 42.730763, 421.0 ], [ 11.340883, 42.730727, 421.0 ], [ 11.340908, 42.730678, 421.0 ], [ 11.340948, 42.730613, 421.0 ], [ 11.340987, 42.730565, 420.0 ], [ 11.34102, 42.730518, 420.0 ], [ 11.341052, 42.730467, 419.0 ], [ 11.341075, 42.730427, 418.0 ], [ 11.341125, 42.73034, 417.0 ], [ 11.341157, 42.73028, 416.0 ], [ 11.341185, 42.730227, 416.0 ], [ 11.341207, 42.730182, 416.0 ], [ 11.34123, 42.73014, 416.0 ], [ 11.341253, 42.730105, 416.0 ], [ 11.341273, 42.730075, 416.0 ], [ 11.341297, 42.730055, 416.0 ], [ 11.341322, 42.730042, 416.0 ], [ 11.341365, 42.730033, 416.0 ], [ 11.341408, 42.730022, 414.0 ], [ 11.341433, 42.730027, 414.0 ], [ 11.341457, 42.730033, 414.0 ], [ 11.341507, 42.730047, 413.0 ], [ 11.341533, 42.73006, 413.0 ], [ 11.341565, 42.730078, 413.0 ], [ 11.341597, 42.730095, 413.0 ], [ 11.341628, 42.730113, 412.0 ], [ 11.341658, 42.730132, 412.0 ], [ 11.341692, 42.730145, 411.0 ], [ 11.341727, 42.730162, 411.0 ], [ 11.341763, 42.73018, 410.0 ], [ 11.341803, 42.7302, 409.0 ], [ 11.341845, 42.730217, 408.0 ], [ 11.34189, 42.730232, 408.0 ], [ 11.341935, 42.730248, 408.0 ], [ 11.341982, 42.73027, 407.0 ], [ 11.342028, 42.730288, 406.0 ], [ 11.342078, 42.730307, 405.0 ], [ 11.342132, 42.730332, 404.0 ], [ 11.342182, 42.730357, 403.0 ], [ 11.34223, 42.730378, 402.0 ], [ 11.342278, 42.730402, 401.0 ], [ 11.342323, 42.730412, 400.0 ], [ 11.342372, 42.730417, 399.0 ], [ 11.342418, 42.730428, 399.0 ], [ 11.342467, 42.730438, 399.0 ], [ 11.342512, 42.73045, 398.0 ], [ 11.342557, 42.730467, 397.0 ], [ 11.342597, 42.730485, 396.0 ], [ 11.342627, 42.730502, 396.0 ], [ 11.342647, 42.730522, 396.0 ], [ 11.342665, 42.730537, 395.0 ], [ 11.342683, 42.730557, 395.0 ], [ 11.342707, 42.730577, 394.0 ], [ 11.342732, 42.730607, 394.0 ], [ 11.342752, 42.730628, 394.0 ], [ 11.342768, 42.730645, 393.0 ], [ 11.342787, 42.730663, 393.0 ], [ 11.342803, 42.730682, 393.0 ], [ 11.342818, 42.730698, 392.0 ], [ 11.342842, 42.73071, 392.0 ], [ 11.342827, 42.730695, 392.0 ], [ 11.342813, 42.73068, 391.0 ], [ 11.342842, 42.730667, 391.0 ], [ 11.342868, 42.730663, 390.0 ], [ 11.342897, 42.730655, 389.0 ], [ 11.342918, 42.730667, 389.0 ], [ 11.342937, 42.73068, 389.0 ], [ 11.342968, 42.730682, 389.0 ], [ 11.342995, 42.730685, 389.0 ], [ 11.343043, 42.730697, 389.0 ], [ 11.343068, 42.730707, 389.0 ], [ 11.343093, 42.730715, 389.0 ], [ 11.343137, 42.73073, 389.0 ], [ 11.343163, 42.730743, 389.0 ], [ 11.343188, 42.73075, 389.0 ], [ 11.343207, 42.730768, 389.0 ], [ 11.343225, 42.730782, 388.0 ], [ 11.343248, 42.7308, 388.0 ], [ 11.343258, 42.730817, 388.0 ], [ 11.343272, 42.73084, 387.0 ], [ 11.343288, 42.730865, 387.0 ], [ 11.34331, 42.730898, 387.0 ], [ 11.343332, 42.730938, 387.0 ], [ 11.343348, 42.730982, 387.0 ], [ 11.343363, 42.731025, 387.0 ], [ 11.343378, 42.731067, 386.0 ], [ 11.343397, 42.731107, 386.0 ], [ 11.343418, 42.73114, 386.0 ], [ 11.343447, 42.73117, 386.0 ], [ 11.343477, 42.731193, 386.0 ], [ 11.343505, 42.731215, 385.0 ], [ 11.343527, 42.731235, 385.0 ], [ 11.343547, 42.731257, 385.0 ], [ 11.343565, 42.731282, 385.0 ], [ 11.34358, 42.731307, 385.0 ], [ 11.34359, 42.731332, 386.0 ], [ 11.343597, 42.731362, 386.0 ], [ 11.343602, 42.73139, 386.0 ], [ 11.343607, 42.731417, 386.0 ], [ 11.343612, 42.731442, 386.0 ], [ 11.343615, 42.73147, 386.0 ], [ 11.343617, 42.731497, 386.0 ], [ 11.343615, 42.73152, 386.0 ], [ 11.343613, 42.731542, 386.0 ], [ 11.343615, 42.73156, 387.0 ], [ 11.343622, 42.731592, 387.0 ], [ 11.343623, 42.731627, 387.0 ], [ 11.343623, 42.731647, 387.0 ], [ 11.343623, 42.73167, 387.0 ], [ 11.343625, 42.731693, 387.0 ], [ 11.34363, 42.731717, 387.0 ], [ 11.343635, 42.73174, 387.0 ], [ 11.343637, 42.731762, 387.0 ], [ 11.343638, 42.731785, 387.0 ], [ 11.343642, 42.73181, 387.0 ], [ 11.343653, 42.731835, 386.0 ], [ 11.343675, 42.731862, 386.0 ], [ 11.343708, 42.731878, 386.0 ], [ 11.343752, 42.731887, 386.0 ], [ 11.343802, 42.731895, 386.0 ], [ 11.34386, 42.731893, 385.0 ], [ 11.343917, 42.73189, 384.0 ], [ 11.343975, 42.731887, 383.0 ], [ 11.344037, 42.731887, 383.0 ], [ 11.344105, 42.73189, 383.0 ], [ 11.344173, 42.731892, 381.0 ], [ 11.344242, 42.731895, 380.0 ], [ 11.344308, 42.7319, 379.0 ], [ 11.344372, 42.731905, 378.0 ], [ 11.344432, 42.73191, 377.0 ], [ 11.344492, 42.731915, 377.0 ], [ 11.344553, 42.731922, 377.0 ], [ 11.344615, 42.731928, 376.0 ], [ 11.344675, 42.731935, 376.0 ], [ 11.344735, 42.731945, 375.0 ], [ 11.344795, 42.731953, 375.0 ], [ 11.344852, 42.731962, 374.0 ], [ 11.344912, 42.731972, 374.0 ], [ 11.34497, 42.731982, 374.0 ], [ 11.345022, 42.731992, 373.0 ], [ 11.345067, 42.732, 372.0 ], [ 11.34511, 42.732008, 371.0 ], [ 11.345153, 42.732017, 370.0 ], [ 11.345197, 42.732027, 370.0 ], [ 11.345237, 42.73204, 370.0 ], [ 11.345267, 42.732062, 369.0 ], [ 11.345277, 42.732085, 368.0 ], [ 11.345267, 42.732115, 367.0 ], [ 11.345252, 42.732142, 366.0 ], [ 11.345232, 42.732173, 366.0 ], [ 11.345212, 42.732207, 366.0 ], [ 11.34519, 42.73224, 366.0 ], [ 11.345168, 42.732273, 366.0 ], [ 11.345152, 42.73231, 366.0 ], [ 11.34514, 42.732347, 366.0 ], [ 11.345132, 42.732387, 366.0 ], [ 11.34512, 42.732423, 366.0 ], [ 11.345108, 42.732455, 365.0 ], [ 11.345098, 42.732482, 365.0 ], [ 11.345092, 42.73251, 365.0 ], [ 11.34509, 42.732537, 365.0 ], [ 11.345092, 42.732562, 365.0 ], [ 11.345098, 42.732587, 365.0 ], [ 11.345105, 42.73261, 364.0 ], [ 11.345113, 42.73263, 364.0 ], [ 11.345133, 42.732652, 364.0 ], [ 11.345152, 42.732663, 363.0 ], [ 11.345177, 42.732678, 363.0 ], [ 11.345158, 42.732692, 362.0 ], [ 11.345207, 42.732705, 362.0 ], [ 11.345265, 42.7327, 362.0 ], [ 11.345302, 42.732695, 362.0 ], [ 11.345343, 42.732692, 362.0 ], [ 11.34539, 42.732688, 362.0 ], [ 11.345437, 42.732688, 363.0 ], [ 11.345478, 42.732693, 364.0 ], [ 11.345512, 42.732707, 364.0 ], [ 11.345537, 42.732723, 365.0 ], [ 11.345558, 42.732745, 365.0 ], [ 11.345577, 42.732772, 365.0 ], [ 11.345587, 42.732795, 365.0 ], [ 11.345595, 42.732818, 366.0 ], [ 11.3456, 42.732842, 366.0 ], [ 11.345607, 42.732863, 366.0 ], [ 11.345615, 42.732883, 367.0 ], [ 11.34562, 42.732903, 368.0 ], [ 11.345625, 42.732922, 368.0 ], [ 11.345633, 42.732948, 368.0 ], [ 11.345642, 42.732968, 370.0 ], [ 11.345657, 42.73299, 370.0 ], [ 11.34567, 42.733012, 370.0 ], [ 11.345683, 42.73303, 370.0 ], [ 11.345688, 42.733053, 370.0 ], [ 11.345712, 42.733072, 370.0 ], [ 11.345735, 42.733098, 370.0 ], [ 11.345765, 42.733125, 371.0 ], [ 11.345795, 42.733152, 371.0 ], [ 11.345832, 42.733178, 371.0 ], [ 11.345857, 42.733192, 371.0 ], [ 11.345878, 42.733205, 372.0 ], [ 11.3459, 42.733218, 373.0 ], [ 11.34592, 42.73323, 373.0 ], [ 11.345942, 42.73324, 374.0 ], [ 11.345983, 42.733258, 374.0 ], [ 11.346, 42.733272, 375.0 ], [ 11.34602, 42.733283, 375.0 ], [ 11.346045, 42.733295, 375.0 ], [ 11.34607, 42.733305, 376.0 ], [ 11.346093, 42.733317, 376.0 ], [ 11.34612, 42.733328, 376.0 ], [ 11.346145, 42.733342, 377.0 ], [ 11.346173, 42.733353, 377.0 ], [ 11.346198, 42.733367, 378.0 ], [ 11.346223, 42.733385, 378.0 ], [ 11.34625, 42.733402, 378.0 ], [ 11.346277, 42.733415, 379.0 ], [ 11.346325, 42.73344, 380.0 ], [ 11.346348, 42.733453, 380.0 ], [ 11.346373, 42.733467, 381.0 ], [ 11.346397, 42.733478, 381.0 ], [ 11.346418, 42.733492, 381.0 ], [ 11.346438, 42.733505, 382.0 ], [ 11.346462, 42.733517, 383.0 ], [ 11.346485, 42.733527, 383.0 ], [ 11.34651, 42.733538, 383.0 ], [ 11.346533, 42.733553, 384.0 ], [ 11.346558, 42.733567, 384.0 ], [ 11.346583, 42.733578, 384.0 ], [ 11.346607, 42.733593, 385.0 ], [ 11.346632, 42.733607, 385.0 ], [ 11.346655, 42.733618, 386.0 ], [ 11.34668, 42.733632, 386.0 ], [ 11.346703, 42.733643, 387.0 ], [ 11.346727, 42.733658, 387.0 ], [ 11.34675, 42.733673, 387.0 ], [ 11.346773, 42.733688, 388.0 ], [ 11.346795, 42.733702, 389.0 ], [ 11.346818, 42.733718, 390.0 ], [ 11.346842, 42.733737, 390.0 ], [ 11.346867, 42.733752, 390.0 ], [ 11.34689, 42.733768, 391.0 ], [ 11.346915, 42.733782, 391.0 ], [ 11.34694, 42.733797, 392.0 ], [ 11.346963, 42.73381, 392.0 ], [ 11.346988, 42.733825, 392.0 ], [ 11.347013, 42.733843, 392.0 ], [ 11.347035, 42.733862, 393.0 ], [ 11.347057, 42.733878, 394.0 ], [ 11.347078, 42.733893, 395.0 ], [ 11.347103, 42.733902, 395.0 ], [ 11.34713, 42.733905, 395.0 ], [ 11.347158, 42.733903, 396.0 ], [ 11.347182, 42.733897, 396.0 ], [ 11.347223, 42.733882, 396.0 ], [ 11.34724, 42.733868, 395.0 ], [ 11.347248, 42.733845, 395.0 ], [ 11.34726, 42.733827, 395.0 ], [ 11.347277, 42.733807, 395.0 ], [ 11.347295, 42.733785, 395.0 ], [ 11.347315, 42.73376, 395.0 ], [ 11.347337, 42.733737, 395.0 ], [ 11.347358, 42.73371, 395.0 ], [ 11.347375, 42.733685, 395.0 ], [ 11.347395, 42.73366, 394.0 ], [ 11.347418, 42.733633, 394.0 ], [ 11.347442, 42.733605, 394.0 ], [ 11.347465, 42.733573, 393.0 ], [ 11.34749, 42.733542, 393.0 ], [ 11.347518, 42.733512, 393.0 ], [ 11.347545, 42.733482, 393.0 ], [ 11.347572, 42.733453, 392.0 ], [ 11.347595, 42.73343, 392.0 ], [ 11.34762, 42.733408, 391.0 ], [ 11.347643, 42.733388, 391.0 ], [ 11.347662, 42.73337, 391.0 ], [ 11.34768, 42.733352, 391.0 ], [ 11.347702, 42.733335, 391.0 ], [ 11.347727, 42.73332, 391.0 ], [ 11.347753, 42.733308, 391.0 ], [ 11.347775, 42.733293, 391.0 ], [ 11.347805, 42.733267, 391.0 ], [ 11.347842, 42.733245, 391.0 ], [ 11.347865, 42.733228, 391.0 ], [ 11.347885, 42.733208, 391.0 ], [ 11.347905, 42.733185, 391.0 ], [ 11.34793, 42.73316, 391.0 ], [ 11.34796, 42.733132, 391.0 ], [ 11.347995, 42.733107, 391.0 ], [ 11.348027, 42.733082, 391.0 ], [ 11.348055, 42.733057, 390.0 ], [ 11.348075, 42.733035, 390.0 ], [ 11.348098, 42.733013, 390.0 ], [ 11.348123, 42.732995, 389.0 ], [ 11.348147, 42.732975, 389.0 ], [ 11.348163, 42.732955, 389.0 ], [ 11.348182, 42.732938, 389.0 ], [ 11.348203, 42.73292, 389.0 ], [ 11.34823, 42.732898, 389.0 ], [ 11.348257, 42.732875, 389.0 ], [ 11.348283, 42.732848, 388.0 ], [ 11.348313, 42.73282, 388.0 ], [ 11.34834, 42.732793, 388.0 ], [ 11.348365, 42.732768, 388.0 ], [ 11.34839, 42.73274, 387.0 ], [ 11.348413, 42.732713, 387.0 ], [ 11.348438, 42.732687, 387.0 ], [ 11.34846, 42.732658, 387.0 ], [ 11.348485, 42.732628, 387.0 ], [ 11.34851, 42.732602, 387.0 ], [ 11.348537, 42.732573, 386.0 ], [ 11.348568, 42.732545, 386.0 ], [ 11.3486, 42.732517, 386.0 ], [ 11.348633, 42.732485, 386.0 ], [ 11.348665, 42.732453, 386.0 ], [ 11.348695, 42.732422, 386.0 ], [ 11.34872, 42.73239, 386.0 ], [ 11.348742, 42.732358, 386.0 ], [ 11.348763, 42.73233, 386.0 ], [ 11.348785, 42.732303, 386.0 ], [ 11.348803, 42.732278, 386.0 ], [ 11.348818, 42.732255, 385.0 ], [ 11.348833, 42.732233, 385.0 ], [ 11.348852, 42.732218, 385.0 ], [ 11.348873, 42.732203, 385.0 ], [ 11.348893, 42.732185, 385.0 ], [ 11.348912, 42.732167, 385.0 ], [ 11.348927, 42.732148, 385.0 ], [ 11.348943, 42.732133, 385.0 ], [ 11.348962, 42.73212, 385.0 ], [ 11.348983, 42.732108, 384.0 ], [ 11.349008, 42.732097, 384.0 ], [ 11.349035, 42.732078, 384.0 ], [ 11.34906, 42.732052, 384.0 ], [ 11.349083, 42.732023, 384.0 ], [ 11.349105, 42.731997, 383.0 ], [ 11.349135, 42.731973, 383.0 ], [ 11.349162, 42.73195, 383.0 ], [ 11.349188, 42.731927, 383.0 ], [ 11.349213, 42.731905, 382.0 ], [ 11.349237, 42.731885, 382.0 ], [ 11.349258, 42.731865, 382.0 ], [ 11.34928, 42.73185, 382.0 ], [ 11.34931, 42.73184, 381.0 ], [ 11.349343, 42.73183, 381.0 ], [ 11.34937, 42.73182, 381.0 ], [ 11.349393, 42.73181, 380.0 ], [ 11.349418, 42.7318, 380.0 ], [ 11.349452, 42.731785, 380.0 ], [ 11.349483, 42.731765, 380.0 ], [ 11.349513, 42.731742, 379.0 ], [ 11.349547, 42.731727, 379.0 ], [ 11.349582, 42.731707, 379.0 ], [ 11.349618, 42.731685, 378.0 ], [ 11.349653, 42.731662, 378.0 ], [ 11.349685, 42.731637, 377.0 ], [ 11.34972, 42.731612, 376.0 ], [ 11.349753, 42.731583, 375.0 ], [ 11.349787, 42.731557, 374.0 ], [ 11.349817, 42.731532, 374.0 ], [ 11.349845, 42.731507, 374.0 ], [ 11.349877, 42.731482, 373.0 ], [ 11.349913, 42.731457, 372.0 ], [ 11.349955, 42.731425, 372.0 ], [ 11.350002, 42.73139, 371.0 ], [ 11.350047, 42.731348, 370.0 ], [ 11.350082, 42.731305, 369.0 ], [ 11.350107, 42.731267, 368.0 ], [ 11.350127, 42.731238, 368.0 ], [ 11.350143, 42.731212, 367.0 ], [ 11.350148, 42.731187, 366.0 ], [ 11.350143, 42.731167, 366.0 ], [ 11.350143, 42.73114, 365.0 ], [ 11.350162, 42.731118, 365.0 ], [ 11.350175, 42.73109, 365.0 ], [ 11.350188, 42.731063, 365.0 ], [ 11.35021, 42.731032, 365.0 ], [ 11.350222, 42.731015, 365.0 ], [ 11.350242, 42.730985, 364.0 ], [ 11.350257, 42.730955, 364.0 ], [ 11.350282, 42.730927, 364.0 ], [ 11.350303, 42.73091, 364.0 ], [ 11.350327, 42.730895, 363.0 ], [ 11.350342, 42.730877, 363.0 ], [ 11.350367, 42.730852, 363.0 ], [ 11.350395, 42.730828, 363.0 ], [ 11.350427, 42.730807, 363.0 ], [ 11.350458, 42.730787, 362.0 ], [ 11.350492, 42.730762, 362.0 ], [ 11.350525, 42.730735, 362.0 ], [ 11.350557, 42.730707, 362.0 ], [ 11.350592, 42.730683, 361.0 ], [ 11.350632, 42.730658, 361.0 ], [ 11.350673, 42.730628, 361.0 ], [ 11.350712, 42.730595, 360.0 ], [ 11.350747, 42.73056, 359.0 ], [ 11.350785, 42.730525, 359.0 ], [ 11.350828, 42.730493, 359.0 ], [ 11.350873, 42.73046, 358.0 ], [ 11.350923, 42.73043, 358.0 ], [ 11.350975, 42.7304, 357.0 ], [ 11.351035, 42.730382, 356.0 ], [ 11.351098, 42.73037, 356.0 ], [ 11.35116, 42.730358, 356.0 ], [ 11.351223, 42.730345, 356.0 ], [ 11.351285, 42.730328, 356.0 ], [ 11.351345, 42.730307, 355.0 ], [ 11.351402, 42.730285, 355.0 ], [ 11.351457, 42.730263, 354.0 ], [ 11.351508, 42.730237, 354.0 ], [ 11.35156, 42.73021, 354.0 ], [ 11.351613, 42.730182, 354.0 ], [ 11.351672, 42.730155, 353.0 ], [ 11.351735, 42.73013, 353.0 ], [ 11.351797, 42.730108, 353.0 ], [ 11.351857, 42.730085, 353.0 ], [ 11.351913, 42.730065, 353.0 ], [ 11.351968, 42.730045, 353.0 ], [ 11.352023, 42.730025, 353.0 ], [ 11.352077, 42.730003, 352.0 ], [ 11.352135, 42.729985, 352.0 ], [ 11.352198, 42.729972, 352.0 ], [ 11.352265, 42.72996, 351.0 ], [ 11.352335, 42.729948, 351.0 ], [ 11.352408, 42.72994, 351.0 ], [ 11.352483, 42.729938, 350.0 ], [ 11.352555, 42.72994, 350.0 ], [ 11.352623, 42.729943, 350.0 ], [ 11.352685, 42.729948, 350.0 ], [ 11.35274, 42.729958, 350.0 ], [ 11.352788, 42.729972, 350.0 ], [ 11.352833, 42.729985, 350.0 ], [ 11.352883, 42.729993, 350.0 ], [ 11.35293, 42.729995, 350.0 ], [ 11.352978, 42.729993, 350.0 ], [ 11.353023, 42.72999, 350.0 ], [ 11.353065, 42.729985, 350.0 ], [ 11.353107, 42.729978, 350.0 ], [ 11.353148, 42.729972, 350.0 ], [ 11.35319, 42.729967, 350.0 ], [ 11.35323, 42.729955, 351.0 ], [ 11.353268, 42.72995, 351.0 ], [ 11.353302, 42.729943, 351.0 ], [ 11.353327, 42.729932, 351.0 ], [ 11.353348, 42.72992, 351.0 ], [ 11.353373, 42.729913, 351.0 ], [ 11.3534, 42.729908, 351.0 ], [ 11.353425, 42.729905, 351.0 ], [ 11.353457, 42.729902, 351.0 ], [ 11.353473, 42.729887, 350.0 ], [ 11.35351, 42.729882, 350.0 ], [ 11.353537, 42.72988, 350.0 ], [ 11.35357, 42.729882, 350.0 ], [ 11.353585, 42.72986, 350.0 ], [ 11.353603, 42.729842, 350.0 ], [ 11.353642, 42.729842, 350.0 ], [ 11.353668, 42.729835, 350.0 ], [ 11.353695, 42.729827, 350.0 ], [ 11.353722, 42.729815, 350.0 ], [ 11.353757, 42.729805, 350.0 ], [ 11.353795, 42.729797, 350.0 ], [ 11.35383, 42.729783, 350.0 ], [ 11.35386, 42.729772, 350.0 ], [ 11.353892, 42.729758, 349.0 ], [ 11.353925, 42.729745, 349.0 ], [ 11.353955, 42.729728, 349.0 ], [ 11.353983, 42.729712, 349.0 ], [ 11.35401, 42.729692, 348.0 ], [ 11.35404, 42.729672, 348.0 ], [ 11.354073, 42.729652, 348.0 ], [ 11.35411, 42.729633, 347.0 ], [ 11.354148, 42.729612, 347.0 ], [ 11.354185, 42.729585, 346.0 ], [ 11.354225, 42.729557, 345.0 ], [ 11.354267, 42.729533, 345.0 ], [ 11.35431, 42.729512, 344.0 ], [ 11.354357, 42.729483, 344.0 ], [ 11.354402, 42.72945, 344.0 ], [ 11.354448, 42.729417, 343.0 ], [ 11.354488, 42.729383, 342.0 ], [ 11.35452, 42.729347, 341.0 ], [ 11.354537, 42.729307, 340.0 ], [ 11.354537, 42.729263, 340.0 ], [ 11.354517, 42.72922, 339.0 ], [ 11.354487, 42.729182, 338.0 ], [ 11.354453, 42.729147, 337.0 ], [ 11.354418, 42.729112, 337.0 ], [ 11.354388, 42.729078, 337.0 ], [ 11.354362, 42.729043, 337.0 ], [ 11.354335, 42.729007, 336.0 ], [ 11.354308, 42.72897, 335.0 ], [ 11.354288, 42.728933, 335.0 ], [ 11.354277, 42.7289, 334.0 ], [ 11.35427, 42.728867, 334.0 ], [ 11.354268, 42.728837, 334.0 ], [ 11.354275, 42.72881, 333.0 ], [ 11.354283, 42.728785, 332.0 ], [ 11.354292, 42.728765, 332.0 ], [ 11.354302, 42.728738, 331.0 ], [ 11.354325, 42.728733, 329.0 ], [ 11.354328, 42.728715, 329.0 ], [ 11.354345, 42.728698, 328.0 ], [ 11.354375, 42.728683, 328.0 ], [ 11.354392, 42.728665, 328.0 ], [ 11.3544, 42.728645, 328.0 ], [ 11.3544, 42.728623, 328.0 ], [ 11.3544, 42.728603, 327.0 ], [ 11.354408, 42.728582, 327.0 ], [ 11.35442, 42.728558, 327.0 ], [ 11.35443, 42.728537, 326.0 ], [ 11.354442, 42.728512, 326.0 ], [ 11.354452, 42.728488, 326.0 ], [ 11.354467, 42.728468, 326.0 ], [ 11.35448, 42.728448, 325.0 ], [ 11.354492, 42.728427, 325.0 ], [ 11.3545, 42.728402, 325.0 ], [ 11.35451, 42.728372, 324.0 ], [ 11.354515, 42.728345, 324.0 ], [ 11.35452, 42.72832, 324.0 ], [ 11.354525, 42.728293, 324.0 ], [ 11.354532, 42.728262, 323.0 ], [ 11.35454, 42.728232, 323.0 ], [ 11.354547, 42.7282, 322.0 ], [ 11.35456, 42.728163, 322.0 ], [ 11.354575, 42.728127, 321.0 ], [ 11.35459, 42.728093, 320.0 ], [ 11.354602, 42.728063, 318.0 ], [ 11.354625, 42.728023, 318.0 ], [ 11.354645, 42.727982, 318.0 ], [ 11.35466, 42.727948, 318.0 ], [ 11.354672, 42.727918, 317.0 ], [ 11.35468, 42.727887, 316.0 ], [ 11.354687, 42.727847, 316.0 ], [ 11.354692, 42.727807, 315.0 ], [ 11.354695, 42.727772, 315.0 ], [ 11.354697, 42.727738, 314.0 ], [ 11.354693, 42.727708, 314.0 ], [ 11.35469, 42.727677, 313.0 ], [ 11.354687, 42.727645, 313.0 ], [ 11.354685, 42.727612, 313.0 ], [ 11.354683, 42.727578, 313.0 ], [ 11.354678, 42.727545, 312.0 ], [ 11.35468, 42.727518, 312.0 ], [ 11.354685, 42.727493, 312.0 ], [ 11.354688, 42.72747, 311.0 ], [ 11.354693, 42.727448, 310.0 ], [ 11.3547, 42.727427, 310.0 ], [ 11.354707, 42.727403, 310.0 ], [ 11.354718, 42.727375, 310.0 ], [ 11.35473, 42.727348, 309.0 ], [ 11.354738, 42.72732, 309.0 ], [ 11.354752, 42.727297, 308.0 ], [ 11.35476, 42.727277, 308.0 ], [ 11.354768, 42.727253, 308.0 ], [ 11.354778, 42.727227, 308.0 ], [ 11.35479, 42.7272, 307.0 ], [ 11.354803, 42.727173, 307.0 ], [ 11.354808, 42.72715, 307.0 ], [ 11.354807, 42.727132, 307.0 ], [ 11.354822, 42.727097, 306.0 ], [ 11.354832, 42.727077, 306.0 ], [ 11.354842, 42.727057, 305.0 ], [ 11.354853, 42.72704, 305.0 ], [ 11.354867, 42.727022, 305.0 ], [ 11.354877, 42.727, 305.0 ], [ 11.354887, 42.726978, 305.0 ], [ 11.354898, 42.726955, 305.0 ], [ 11.354908, 42.726938, 305.0 ], [ 11.354928, 42.726913, 305.0 ], [ 11.35495, 42.726893, 304.0 ], [ 11.354967, 42.72686, 304.0 ], [ 11.35498, 42.72684, 304.0 ], [ 11.354995, 42.726818, 304.0 ], [ 11.355015, 42.7268, 303.0 ], [ 11.355032, 42.726783, 302.0 ], [ 11.35505, 42.726765, 302.0 ], [ 11.35507, 42.726747, 302.0 ], [ 11.355093, 42.72673, 301.0 ], [ 11.355117, 42.726712, 301.0 ], [ 11.355142, 42.726695, 301.0 ], [ 11.355168, 42.726677, 301.0 ], [ 11.355192, 42.72666, 300.0 ], [ 11.355217, 42.726642, 300.0 ], [ 11.355243, 42.726625, 300.0 ], [ 11.355272, 42.72661, 299.0 ], [ 11.3553, 42.726595, 298.0 ], [ 11.355332, 42.726585, 297.0 ], [ 11.355365, 42.726573, 296.0 ], [ 11.355398, 42.726563, 296.0 ], [ 11.355437, 42.726555, 296.0 ], [ 11.355477, 42.726553, 296.0 ], [ 11.35551, 42.726553, 295.0 ], [ 11.355538, 42.726552, 294.0 ], [ 11.355565, 42.72655, 294.0 ], [ 11.355593, 42.726545, 294.0 ], [ 11.355627, 42.726542, 294.0 ], [ 11.35566, 42.726537, 294.0 ], [ 11.35569, 42.726528, 294.0 ], [ 11.35572, 42.72652, 293.0 ], [ 11.355747, 42.726508, 292.0 ], [ 11.355772, 42.726485, 292.0 ], [ 11.355798, 42.726463, 291.0 ], [ 11.355822, 42.726438, 290.0 ], [ 11.355842, 42.726415, 290.0 ], [ 11.355862, 42.72639, 289.0 ], [ 11.355885, 42.726367, 289.0 ], [ 11.35591, 42.726343, 288.0 ], [ 11.355937, 42.726322, 288.0 ], [ 11.355962, 42.7263, 288.0 ], [ 11.355985, 42.726278, 288.0 ], [ 11.35601, 42.72626, 287.0 ], [ 11.356037, 42.726245, 286.0 ], [ 11.356072, 42.726232, 285.0 ], [ 11.35611, 42.72622, 284.0 ], [ 11.356147, 42.726208, 283.0 ], [ 11.356188, 42.726203, 283.0 ], [ 11.35623, 42.726195, 283.0 ], [ 11.356275, 42.72619, 283.0 ], [ 11.356325, 42.726185, 282.0 ], [ 11.35638, 42.726183, 281.0 ], [ 11.356433, 42.726177, 280.0 ], [ 11.356483, 42.726168, 278.0 ], [ 11.356533, 42.726165, 278.0 ], [ 11.356583, 42.72616, 278.0 ], [ 11.35663, 42.72616, 278.0 ], [ 11.35669, 42.726162, 277.0 ], [ 11.356823, 42.726178, 276.0 ], [ 11.356962, 42.726228, 275.0 ], [ 11.357013, 42.726253, 275.0 ], [ 11.357063, 42.72628, 275.0 ], [ 11.357118, 42.726317, 275.0 ], [ 11.357158, 42.726355, 275.0 ], [ 11.357202, 42.72639, 274.0 ], [ 11.357243, 42.726425, 274.0 ], [ 11.357285, 42.726448, 273.0 ], [ 11.357323, 42.726472, 272.0 ], [ 11.35736, 42.726495, 273.0 ], [ 11.357393, 42.72652, 273.0 ], [ 11.357423, 42.72654, 274.0 ], [ 11.357457, 42.72656, 274.0 ], [ 11.35749, 42.726585, 274.0 ], [ 11.357523, 42.726608, 274.0 ], [ 11.357557, 42.726625, 274.0 ], [ 11.357595, 42.72664, 274.0 ], [ 11.357637, 42.726655, 273.0 ], [ 11.357683, 42.726668, 273.0 ], [ 11.35773, 42.726683, 272.0 ], [ 11.357773, 42.726697, 271.0 ], [ 11.357815, 42.726713, 271.0 ], [ 11.357852, 42.726732, 271.0 ], [ 11.357887, 42.72676, 271.0 ], [ 11.357918, 42.72679, 271.0 ], [ 11.357948, 42.726815, 271.0 ], [ 11.357977, 42.726835, 270.0 ], [ 11.358005, 42.726848, 270.0 ], [ 11.358035, 42.726863, 270.0 ], [ 11.358067, 42.726875, 269.0 ], [ 11.358103, 42.726885, 269.0 ], [ 11.358138, 42.726905, 268.0 ], [ 11.358168, 42.72692, 268.0 ], [ 11.358187, 42.726935, 268.0 ], [ 11.358203, 42.72695, 267.0 ], [ 11.358228, 42.72696, 267.0 ], [ 11.358265, 42.726967, 266.0 ], [ 11.358305, 42.726963, 266.0 ], [ 11.358327, 42.726955, 266.0 ], [ 11.35834, 42.726938, 266.0 ], [ 11.358337, 42.72692, 266.0 ], [ 11.358342, 42.726903, 266.0 ], [ 11.358365, 42.72689, 267.0 ], [ 11.35839, 42.726878, 267.0 ], [ 11.358393, 42.726857, 268.0 ], [ 11.358412, 42.726837, 267.0 ], [ 11.358443, 42.72682, 268.0 ], [ 11.358477, 42.726805, 268.0 ], [ 11.358497, 42.726785, 268.0 ], [ 11.358518, 42.726772, 268.0 ], [ 11.358528, 42.726755, 269.0 ], [ 11.358565, 42.726747, 268.0 ], [ 11.358612, 42.72675, 268.0 ], [ 11.35866, 42.72675, 268.0 ], [ 11.358702, 42.726753, 268.0 ], [ 11.358725, 42.726757, 268.0 ], [ 11.358753, 42.72676, 269.0 ], [ 11.358782, 42.726763, 269.0 ], [ 11.35881, 42.726765, 269.0 ], [ 11.358838, 42.726765, 269.0 ], [ 11.358867, 42.726767, 269.0 ], [ 11.358895, 42.726767, 269.0 ], [ 11.358923, 42.726763, 269.0 ], [ 11.358952, 42.726758, 270.0 ], [ 11.358977, 42.726755, 270.0 ], [ 11.359025, 42.726748, 270.0 ], [ 11.359072, 42.726742, 270.0 ], [ 11.359118, 42.726735, 270.0 ], [ 11.359143, 42.726732, 270.0 ], [ 11.359192, 42.726728, 272.0 ], [ 11.35922, 42.726732, 272.0 ], [ 11.359247, 42.726732, 272.0 ], [ 11.359272, 42.726728, 272.0 ], [ 11.359322, 42.72672, 272.0 ], [ 11.359348, 42.726717, 272.0 ], [ 11.359373, 42.726717, 273.0 ], [ 11.3594, 42.726713, 273.0 ], [ 11.359432, 42.726713, 273.0 ], [ 11.35946, 42.726712, 273.0 ], [ 11.35949, 42.72671, 273.0 ], [ 11.35952, 42.726712, 273.0 ], [ 11.35955, 42.726712, 273.0 ], [ 11.359577, 42.726708, 273.0 ], [ 11.359607, 42.726708, 273.0 ], [ 11.359637, 42.726703, 274.0 ], [ 11.359665, 42.726698, 274.0 ], [ 11.359692, 42.7267, 274.0 ], [ 11.359722, 42.726697, 274.0 ], [ 11.359752, 42.726692, 274.0 ], [ 11.359783, 42.726688, 274.0 ], [ 11.359812, 42.726687, 274.0 ], [ 11.35984, 42.726683, 275.0 ], [ 11.35987, 42.726682, 275.0 ], [ 11.3599, 42.726677, 276.0 ], [ 11.35993, 42.726673, 276.0 ], [ 11.35996, 42.726672, 276.0 ], [ 11.359988, 42.726668, 276.0 ], [ 11.360015, 42.726663, 276.0 ], [ 11.360042, 42.72666, 277.0 ], [ 11.360085, 42.726648, 277.0 ], [ 11.360115, 42.726633, 278.0 ], [ 11.360148, 42.726608, 278.0 ], [ 11.360168, 42.726597, 278.0 ], [ 11.360188, 42.726582, 279.0 ], [ 11.360212, 42.726567, 280.0 ], [ 11.360235, 42.726547, 280.0 ], [ 11.360255, 42.726532, 280.0 ], [ 11.360275, 42.726518, 280.0 ], [ 11.360293, 42.726507, 281.0 ], [ 11.360313, 42.726492, 281.0 ], [ 11.360337, 42.726473, 281.0 ], [ 11.36036, 42.726457, 281.0 ], [ 11.360383, 42.726438, 281.0 ], [ 11.36041, 42.726422, 281.0 ], [ 11.360435, 42.726407, 281.0 ], [ 11.36046, 42.726388, 281.0 ], [ 11.360483, 42.726372, 281.0 ], [ 11.360505, 42.726357, 281.0 ], [ 11.360527, 42.726345, 281.0 ], [ 11.36055, 42.726333, 282.0 ], [ 11.360577, 42.72632, 282.0 ], [ 11.360605, 42.726308, 282.0 ], [ 11.360633, 42.726295, 283.0 ], [ 11.36066, 42.726287, 283.0 ], [ 11.360688, 42.726278, 283.0 ], [ 11.360713, 42.72627, 283.0 ], [ 11.360735, 42.726262, 284.0 ], [ 11.360762, 42.726248, 284.0 ], [ 11.360788, 42.726232, 284.0 ], [ 11.360818, 42.726217, 284.0 ], [ 11.360847, 42.726203, 285.0 ], [ 11.360873, 42.726188, 285.0 ], [ 11.360898, 42.726175, 285.0 ], [ 11.360923, 42.726165, 285.0 ], [ 11.360945, 42.726153, 285.0 ], [ 11.360967, 42.726138, 285.0 ], [ 11.360993, 42.726123, 285.0 ], [ 11.36102, 42.726112, 285.0 ], [ 11.361047, 42.726097, 285.0 ], [ 11.361072, 42.726087, 285.0 ], [ 11.361098, 42.72607, 285.0 ], [ 11.36112, 42.726053, 285.0 ], [ 11.361145, 42.726038, 285.0 ], [ 11.361167, 42.726023, 285.0 ], [ 11.361198, 42.726, 285.0 ], [ 11.361213, 42.725987, 285.0 ], [ 11.36123, 42.725968, 285.0 ], [ 11.361243, 42.725952, 286.0 ], [ 11.361257, 42.725933, 286.0 ], [ 11.36127, 42.725918, 286.0 ], [ 11.361288, 42.725902, 286.0 ], [ 11.361305, 42.725883, 286.0 ], [ 11.361323, 42.725865, 286.0 ], [ 11.361343, 42.725848, 286.0 ], [ 11.361365, 42.72583, 286.0 ], [ 11.361385, 42.72581, 286.0 ], [ 11.3614, 42.725792, 286.0 ], [ 11.361415, 42.725775, 286.0 ], [ 11.361447, 42.725757, 286.0 ], [ 11.361468, 42.725728, 286.0 ], [ 11.361485, 42.725702, 286.0 ], [ 11.361507, 42.725683, 286.0 ], [ 11.361525, 42.725667, 286.0 ], [ 11.361543, 42.725647, 286.0 ], [ 11.36157, 42.725627, 286.0 ], [ 11.3616, 42.725593, 286.0 ], [ 11.361618, 42.72558, 286.0 ], [ 11.36164, 42.725567, 286.0 ], [ 11.361663, 42.725548, 286.0 ], [ 11.361685, 42.72553, 286.0 ], [ 11.361708, 42.725508, 286.0 ], [ 11.361728, 42.725488, 286.0 ], [ 11.36175, 42.725468, 286.0 ], [ 11.36177, 42.725448, 286.0 ], [ 11.361792, 42.725428, 286.0 ], [ 11.361813, 42.725407, 286.0 ], [ 11.361837, 42.725387, 287.0 ], [ 11.361863, 42.725363, 287.0 ], [ 11.36189, 42.725342, 287.0 ], [ 11.361915, 42.725318, 287.0 ], [ 11.36194, 42.725297, 287.0 ], [ 11.361967, 42.725272, 287.0 ], [ 11.36199, 42.725248, 286.0 ], [ 11.362013, 42.725225, 286.0 ], [ 11.362038, 42.725202, 286.0 ], [ 11.362063, 42.725178, 286.0 ], [ 11.362088, 42.725157, 286.0 ], [ 11.36211, 42.725137, 286.0 ], [ 11.362132, 42.725115, 286.0 ], [ 11.362152, 42.725093, 286.0 ], [ 11.362175, 42.725072, 286.0 ], [ 11.3622, 42.725047, 287.0 ], [ 11.362227, 42.72502, 287.0 ], [ 11.36225, 42.724997, 287.0 ], [ 11.362273, 42.724973, 287.0 ], [ 11.362295, 42.724948, 287.0 ], [ 11.362318, 42.724923, 287.0 ], [ 11.362338, 42.724898, 287.0 ], [ 11.36236, 42.724873, 287.0 ], [ 11.36238, 42.724847, 288.0 ], [ 11.362405, 42.72482, 288.0 ], [ 11.36243, 42.724793, 288.0 ], [ 11.362455, 42.724767, 288.0 ], [ 11.36248, 42.724737, 288.0 ], [ 11.362505, 42.724708, 288.0 ], [ 11.362532, 42.724678, 288.0 ], [ 11.362557, 42.724648, 288.0 ], [ 11.362583, 42.724617, 288.0 ], [ 11.36261, 42.724587, 288.0 ], [ 11.362638, 42.724557, 288.0 ], [ 11.362663, 42.724527, 288.0 ], [ 11.36269, 42.724497, 288.0 ], [ 11.362717, 42.724468, 288.0 ], [ 11.362743, 42.724438, 288.0 ], [ 11.362768, 42.724412, 288.0 ], [ 11.362793, 42.724383, 288.0 ], [ 11.36282, 42.724355, 288.0 ], [ 11.362845, 42.724327, 288.0 ], [ 11.36287, 42.724297, 288.0 ], [ 11.362898, 42.724263, 288.0 ], [ 11.362925, 42.724232, 289.0 ], [ 11.362952, 42.724202, 289.0 ], [ 11.362978, 42.724172, 289.0 ], [ 11.363003, 42.72414, 289.0 ], [ 11.363028, 42.72411, 289.0 ], [ 11.363053, 42.72408, 289.0 ], [ 11.363073, 42.724048, 289.0 ], [ 11.363098, 42.724018, 289.0 ], [ 11.363123, 42.723992, 289.0 ], [ 11.363152, 42.723962, 289.0 ], [ 11.363177, 42.723935, 289.0 ], [ 11.363202, 42.72391, 289.0 ], [ 11.363232, 42.723883, 289.0 ], [ 11.363262, 42.723853, 289.0 ], [ 11.363297, 42.723825, 289.0 ], [ 11.36333, 42.7238, 289.0 ], [ 11.363367, 42.72378, 289.0 ], [ 11.363497, 42.723723, 288.0 ], [ 11.363667, 42.723673, 288.0 ], [ 11.363845, 42.723665, 288.0 ], [ 11.363903, 42.723677, 288.0 ], [ 11.363967, 42.72369, 288.0 ], [ 11.364028, 42.723707, 288.0 ], [ 11.36409, 42.723723, 288.0 ], [ 11.364153, 42.723742, 288.0 ], [ 11.364217, 42.723758, 288.0 ], [ 11.364278, 42.723777, 288.0 ], [ 11.364337, 42.723797, 288.0 ], [ 11.364392, 42.72382, 288.0 ], [ 11.364443, 42.723842, 288.0 ], [ 11.364488, 42.723863, 288.0 ], [ 11.36453, 42.723883, 288.0 ], [ 11.364572, 42.72391, 287.0 ], [ 11.364607, 42.723938, 287.0 ], [ 11.364633, 42.723972, 287.0 ], [ 11.364655, 42.724002, 287.0 ], [ 11.36467, 42.724032, 287.0 ], [ 11.364673, 42.724063, 287.0 ], [ 11.364663, 42.724102, 287.0 ], [ 11.364637, 42.724152, 287.0 ], [ 11.364602, 42.724205, 286.0 ], [ 11.364563, 42.724247, 286.0 ], [ 11.364525, 42.72428, 286.0 ], [ 11.364485, 42.724308, 286.0 ], [ 11.364447, 42.724337, 286.0 ], [ 11.36441, 42.724372, 286.0 ], [ 11.364387, 42.724407, 286.0 ], [ 11.364382, 42.724448, 285.0 ], [ 11.364392, 42.724492, 285.0 ], [ 11.364413, 42.724528, 285.0 ], [ 11.364443, 42.724562, 285.0 ], [ 11.364473, 42.724588, 285.0 ], [ 11.364503, 42.724613, 285.0 ], [ 11.364533, 42.724637, 285.0 ], [ 11.364555, 42.72466, 285.0 ], [ 11.36457, 42.724683, 286.0 ], [ 11.364578, 42.72471, 286.0 ], [ 11.364577, 42.724735, 286.0 ], [ 11.364565, 42.724762, 287.0 ], [ 11.36455, 42.724793, 288.0 ], [ 11.364528, 42.724822, 288.0 ], [ 11.364505, 42.724847, 287.0 ], [ 11.364478, 42.724867, 287.0 ], [ 11.36445, 42.724888, 287.0 ], [ 11.364422, 42.724912, 288.0 ], [ 11.364392, 42.724932, 288.0 ], [ 11.364362, 42.72495, 289.0 ], [ 11.364335, 42.724973, 289.0 ], [ 11.36431, 42.724995, 289.0 ], [ 11.36429, 42.725015, 290.0 ], [ 11.364268, 42.725035, 290.0 ], [ 11.364252, 42.725057, 291.0 ], [ 11.364245, 42.725078, 291.0 ], [ 11.364242, 42.725107, 291.0 ], [ 11.364248, 42.725135, 291.0 ], [ 11.36426, 42.725162, 292.0 ], [ 11.364275, 42.72519, 293.0 ], [ 11.364288, 42.725217, 292.0 ], [ 11.36431, 42.725242, 292.0 ], [ 11.364338, 42.725257, 292.0 ], [ 11.36437, 42.72527, 292.0 ], [ 11.364403, 42.725277, 293.0 ], [ 11.364438, 42.725282, 293.0 ], [ 11.364475, 42.72528, 293.0 ], [ 11.364512, 42.725277, 294.0 ], [ 11.364545, 42.725267, 294.0 ], [ 11.364573, 42.725252, 295.0 ], [ 11.364603, 42.72524, 295.0 ], [ 11.36463, 42.72523, 295.0 ], [ 11.364658, 42.725215, 296.0 ], [ 11.36468, 42.725195, 296.0 ], [ 11.3647, 42.725175, 296.0 ], [ 11.364725, 42.725157, 296.0 ], [ 11.364753, 42.72514, 297.0 ], [ 11.364782, 42.725127, 297.0 ], [ 11.36481, 42.725113, 297.0 ], [ 11.364838, 42.7251, 297.0 ], [ 11.364868, 42.72509, 297.0 ], [ 11.3649, 42.72508, 297.0 ], [ 11.364933, 42.725073, 298.0 ], [ 11.36497, 42.72507, 298.0 ], [ 11.365005, 42.725065, 298.0 ], [ 11.365042, 42.725062, 299.0 ], [ 11.365077, 42.725062, 299.0 ], [ 11.365112, 42.725067, 299.0 ], [ 11.365143, 42.725067, 300.0 ], [ 11.365175, 42.725067, 300.0 ], [ 11.365205, 42.725067, 301.0 ], [ 11.365235, 42.725067, 301.0 ], [ 11.365265, 42.725067, 300.0 ], [ 11.365295, 42.72507, 301.0 ], [ 11.365325, 42.72508, 301.0 ], [ 11.36535, 42.72509, 301.0 ], [ 11.365372, 42.725105, 301.0 ], [ 11.36539, 42.72512, 302.0 ], [ 11.365405, 42.72514, 302.0 ], [ 11.365418, 42.725162, 302.0 ], [ 11.365425, 42.725185, 302.0 ], [ 11.365425, 42.72521, 302.0 ], [ 11.365418, 42.725232, 303.0 ], [ 11.365407, 42.725255, 303.0 ], [ 11.365388, 42.725277, 304.0 ], [ 11.36537, 42.725305, 304.0 ], [ 11.36535, 42.725327, 305.0 ], [ 11.365332, 42.72535, 305.0 ], [ 11.365315, 42.72537, 304.0 ], [ 11.365303, 42.725392, 304.0 ], [ 11.365295, 42.725413, 305.0 ], [ 11.365288, 42.725433, 306.0 ], [ 11.365283, 42.725455, 306.0 ], [ 11.365287, 42.725475, 306.0 ], [ 11.365298, 42.725498, 307.0 ], [ 11.365312, 42.725522, 307.0 ], [ 11.365328, 42.725545, 307.0 ], [ 11.365348, 42.725565, 307.0 ], [ 11.365375, 42.72558, 307.0 ], [ 11.365407, 42.725595, 307.0 ], [ 11.365438, 42.725605, 307.0 ], [ 11.365473, 42.725612, 308.0 ], [ 11.365508, 42.725615, 308.0 ], [ 11.365543, 42.725615, 308.0 ], [ 11.365573, 42.725615, 308.0 ], [ 11.365602, 42.72562, 309.0 ], [ 11.365628, 42.72563, 310.0 ], [ 11.365658, 42.725643, 310.0 ], [ 11.365688, 42.725655, 310.0 ], [ 11.365718, 42.725667, 310.0 ], [ 11.365747, 42.72568, 310.0 ], [ 11.365773, 42.725695, 311.0 ], [ 11.365797, 42.725713, 311.0 ], [ 11.365818, 42.725732, 311.0 ], [ 11.365838, 42.725752, 311.0 ], [ 11.36586, 42.72577, 312.0 ], [ 11.36588, 42.72579, 312.0 ], [ 11.365898, 42.725812, 312.0 ], [ 11.365917, 42.725832, 312.0 ], [ 11.365937, 42.725852, 313.0 ], [ 11.365955, 42.725872, 314.0 ], [ 11.365975, 42.72589, 314.0 ], [ 11.365995, 42.725903, 314.0 ], [ 11.366015, 42.725918, 314.0 ], [ 11.366037, 42.725935, 315.0 ], [ 11.36606, 42.725952, 316.0 ], [ 11.366083, 42.725968, 316.0 ], [ 11.366108, 42.725987, 317.0 ], [ 11.366135, 42.726002, 317.0 ], [ 11.366162, 42.726017, 316.0 ], [ 11.366188, 42.726033, 316.0 ], [ 11.366217, 42.72605, 317.0 ], [ 11.366243, 42.726065, 317.0 ], [ 11.366267, 42.726082, 317.0 ], [ 11.366292, 42.726097, 317.0 ], [ 11.366323, 42.726127, 318.0 ], [ 11.366347, 42.726152, 319.0 ], [ 11.366365, 42.726173, 319.0 ], [ 11.366378, 42.726195, 319.0 ], [ 11.36639, 42.726218, 319.0 ], [ 11.3664, 42.726238, 319.0 ], [ 11.366405, 42.726258, 320.0 ], [ 11.366402, 42.726283, 320.0 ], [ 11.366395, 42.726312, 321.0 ], [ 11.366382, 42.726345, 321.0 ], [ 11.366363, 42.726373, 321.0 ], [ 11.366342, 42.726412, 322.0 ], [ 11.366313, 42.72644, 322.0 ], [ 11.366282, 42.726455, 322.0 ], [ 11.366247, 42.726467, 322.0 ], [ 11.366217, 42.72648, 322.0 ], [ 11.366187, 42.726497, 322.0 ], [ 11.366157, 42.726512, 322.0 ], [ 11.36613, 42.726532, 323.0 ], [ 11.36611, 42.726555, 323.0 ], [ 11.366095, 42.726578, 323.0 ], [ 11.366085, 42.726603, 323.0 ], [ 11.366082, 42.726625, 324.0 ], [ 11.366085, 42.726647, 324.0 ], [ 11.366093, 42.72667, 324.0 ], [ 11.366103, 42.726692, 325.0 ], [ 11.36612, 42.726717, 325.0 ], [ 11.366137, 42.72674, 325.0 ], [ 11.366153, 42.726765, 326.0 ], [ 11.36617, 42.726788, 327.0 ], [ 11.36619, 42.72681, 327.0 ], [ 11.366207, 42.726835, 327.0 ], [ 11.366225, 42.726857, 327.0 ], [ 11.366242, 42.726882, 327.0 ], [ 11.366257, 42.726905, 328.0 ], [ 11.36627, 42.726927, 328.0 ], [ 11.366285, 42.72695, 328.0 ], [ 11.366302, 42.726973, 329.0 ], [ 11.366322, 42.726995, 329.0 ], [ 11.366345, 42.727013, 329.0 ], [ 11.366367, 42.727032, 330.0 ], [ 11.36639, 42.727048, 330.0 ], [ 11.366415, 42.727067, 330.0 ], [ 11.36644, 42.727085, 331.0 ], [ 11.36647, 42.7271, 331.0 ], [ 11.366498, 42.727112, 331.0 ], [ 11.366527, 42.727125, 332.0 ], [ 11.366555, 42.727135, 331.0 ], [ 11.366583, 42.727145, 331.0 ], [ 11.366613, 42.727157, 331.0 ], [ 11.366645, 42.72717, 331.0 ], [ 11.366675, 42.727182, 332.0 ], [ 11.366702, 42.727193, 332.0 ], [ 11.36673, 42.727205, 332.0 ], [ 11.366753, 42.727213, 333.0 ], [ 11.366778, 42.727222, 333.0 ], [ 11.366802, 42.727233, 333.0 ], [ 11.366825, 42.727243, 334.0 ], [ 11.366847, 42.727253, 335.0 ], [ 11.366875, 42.727278, 335.0 ], [ 11.366882, 42.727302, 336.0 ], [ 11.366877, 42.727323, 336.0 ], [ 11.366868, 42.727343, 336.0 ], [ 11.366842, 42.72735, 336.0 ], [ 11.366822, 42.727335, 336.0 ], [ 11.36682, 42.727312, 335.0 ], [ 11.366838, 42.727293, 335.0 ], [ 11.366862, 42.727277, 335.0 ], [ 11.366898, 42.727287, 335.0 ], [ 11.366933, 42.7273, 335.0 ], [ 11.366975, 42.72732, 335.0 ], [ 11.366998, 42.727332, 335.0 ], [ 11.367022, 42.727343, 335.0 ], [ 11.367045, 42.727355, 335.0 ], [ 11.36707, 42.727363, 335.0 ], [ 11.367093, 42.727373, 336.0 ], [ 11.367117, 42.727385, 336.0 ], [ 11.367145, 42.727395, 337.0 ], [ 11.367172, 42.727405, 338.0 ], [ 11.3672, 42.727412, 338.0 ], [ 11.367227, 42.727422, 338.0 ], [ 11.367255, 42.72743, 338.0 ], [ 11.367278, 42.727442, 338.0 ], [ 11.367297, 42.727458, 338.0 ], [ 11.367317, 42.727477, 338.0 ], [ 11.36734, 42.727498, 338.0 ], [ 11.36736, 42.72752, 338.0 ], [ 11.36738, 42.72754, 338.0 ], [ 11.367397, 42.727562, 339.0 ], [ 11.367408, 42.727585, 339.0 ], [ 11.367422, 42.72761, 339.0 ], [ 11.367437, 42.727633, 339.0 ], [ 11.36745, 42.727658, 340.0 ], [ 11.367462, 42.727682, 341.0 ], [ 11.36747, 42.727705, 341.0 ], [ 11.367477, 42.72773, 340.0 ], [ 11.367482, 42.727755, 340.0 ], [ 11.367483, 42.727782, 341.0 ], [ 11.367483, 42.727802, 341.0 ], [ 11.367482, 42.727822, 341.0 ], [ 11.367477, 42.727845, 341.0 ], [ 11.36747, 42.727873, 341.0 ], [ 11.367463, 42.727908, 341.0 ], [ 11.367452, 42.727943, 341.0 ], [ 11.367437, 42.72798, 341.0 ], [ 11.367418, 42.728012, 341.0 ], [ 11.3674, 42.728045, 341.0 ], [ 11.367385, 42.728077, 341.0 ], [ 11.367372, 42.72811, 341.0 ], [ 11.367365, 42.72814, 341.0 ], [ 11.367358, 42.728173, 341.0 ], [ 11.367353, 42.72821, 341.0 ], [ 11.36735, 42.728247, 341.0 ], [ 11.367348, 42.728285, 341.0 ], [ 11.367347, 42.728323, 341.0 ], [ 11.367345, 42.728358, 341.0 ], [ 11.367343, 42.728392, 341.0 ], [ 11.367345, 42.728427, 341.0 ], [ 11.367352, 42.728462, 341.0 ], [ 11.367358, 42.728495, 341.0 ], [ 11.367362, 42.728528, 341.0 ], [ 11.367368, 42.728557, 341.0 ], [ 11.367378, 42.728587, 341.0 ], [ 11.367392, 42.728612, 342.0 ], [ 11.367412, 42.728637, 342.0 ], [ 11.36743, 42.728658, 343.0 ], [ 11.367452, 42.728682, 343.0 ], [ 11.367475, 42.728703, 344.0 ], [ 11.3675, 42.728722, 344.0 ], [ 11.367528, 42.728737, 344.0 ], [ 11.36756, 42.728748, 344.0 ], [ 11.367595, 42.728757, 345.0 ], [ 11.367632, 42.72876, 345.0 ], [ 11.367667, 42.72876, 345.0 ], [ 11.367705, 42.728758, 345.0 ], [ 11.36774, 42.72875, 345.0 ], [ 11.367775, 42.728742, 345.0 ], [ 11.36781, 42.728733, 345.0 ], [ 11.367842, 42.728723, 345.0 ], [ 11.367873, 42.728717, 346.0 ], [ 11.367905, 42.728707, 347.0 ], [ 11.367933, 42.728697, 347.0 ], [ 11.367962, 42.728687, 347.0 ], [ 11.367992, 42.728678, 347.0 ], [ 11.36802, 42.728673, 347.0 ], [ 11.368047, 42.728668, 348.0 ], [ 11.368075, 42.728662, 348.0 ], [ 11.368108, 42.728657, 349.0 ], [ 11.368143, 42.728655, 349.0 ], [ 11.368182, 42.728662, 349.0 ], [ 11.368217, 42.728672, 348.0 ], [ 11.368248, 42.728685, 348.0 ], [ 11.368268, 42.728707, 348.0 ], [ 11.36828, 42.728733, 348.0 ], [ 11.368287, 42.72876, 348.0 ], [ 11.368287, 42.728787, 348.0 ], [ 11.36828, 42.728813, 348.0 ], [ 11.368267, 42.72884, 348.0 ], [ 11.368248, 42.728865, 348.0 ], [ 11.36823, 42.728888, 348.0 ], [ 11.36821, 42.728913, 348.0 ], [ 11.368188, 42.728937, 348.0 ], [ 11.368165, 42.728958, 348.0 ], [ 11.36814, 42.728978, 349.0 ], [ 11.368115, 42.728997, 349.0 ], [ 11.36809, 42.729013, 349.0 ], [ 11.368065, 42.729032, 350.0 ], [ 11.368038, 42.729052, 350.0 ], [ 11.368012, 42.729068, 350.0 ], [ 11.367985, 42.729087, 351.0 ], [ 11.36796, 42.729107, 351.0 ], [ 11.367938, 42.729127, 352.0 ], [ 11.367922, 42.72915, 352.0 ], [ 11.367915, 42.729173, 352.0 ], [ 11.367917, 42.729197, 352.0 ], [ 11.367927, 42.729215, 353.0 ], [ 11.367947, 42.729232, 353.0 ], [ 11.36797, 42.729243, 353.0 ], [ 11.367995, 42.729252, 353.0 ], [ 11.368025, 42.729253, 353.0 ], [ 11.368053, 42.729255, 353.0 ], [ 11.368085, 42.729255, 354.0 ], [ 11.368117, 42.72925, 354.0 ], [ 11.368147, 42.729242, 355.0 ], [ 11.368173, 42.729228, 355.0 ], [ 11.3682, 42.729217, 355.0 ], [ 11.368225, 42.729205, 355.0 ], [ 11.36825, 42.729193, 355.0 ], [ 11.368275, 42.72918, 355.0 ], [ 11.368303, 42.72917, 355.0 ], [ 11.36833, 42.729158, 355.0 ], [ 11.36836, 42.729147, 356.0 ], [ 11.368388, 42.729133, 356.0 ], [ 11.368418, 42.729123, 356.0 ], [ 11.368445, 42.729115, 356.0 ], [ 11.368473, 42.729108, 357.0 ], [ 11.3685, 42.729098, 357.0 ], [ 11.368525, 42.729087, 357.0 ], [ 11.36855, 42.729075, 357.0 ], [ 11.368577, 42.729067, 357.0 ], [ 11.368602, 42.729053, 357.0 ], [ 11.368627, 42.72904, 357.0 ], [ 11.368652, 42.729025, 358.0 ], [ 11.368675, 42.72901, 358.0 ], [ 11.368695, 42.728993, 358.0 ], [ 11.368718, 42.728973, 358.0 ], [ 11.368738, 42.728957, 359.0 ], [ 11.368755, 42.72894, 359.0 ], [ 11.368773, 42.728923, 359.0 ], [ 11.36879, 42.728905, 359.0 ], [ 11.368808, 42.728885, 360.0 ], [ 11.368825, 42.728865, 360.0 ], [ 11.368837, 42.728845, 360.0 ], [ 11.36885, 42.728825, 360.0 ], [ 11.368862, 42.728805, 361.0 ], [ 11.368873, 42.728787, 361.0 ], [ 11.368883, 42.728768, 361.0 ], [ 11.368892, 42.728748, 361.0 ], [ 11.3689, 42.728728, 362.0 ], [ 11.368908, 42.728707, 362.0 ], [ 11.368918, 42.728685, 362.0 ], [ 11.36893, 42.728663, 362.0 ], [ 11.368942, 42.728643, 362.0 ], [ 11.36895, 42.72862, 362.0 ], [ 11.368958, 42.7286, 362.0 ], [ 11.368968, 42.728578, 362.0 ], [ 11.368978, 42.728558, 362.0 ], [ 11.368988, 42.728537, 363.0 ], [ 11.368998, 42.728515, 363.0 ], [ 11.36901, 42.728495, 363.0 ], [ 11.369023, 42.728475, 363.0 ], [ 11.369038, 42.728457, 363.0 ], [ 11.36905, 42.728437, 364.0 ], [ 11.369063, 42.728417, 364.0 ], [ 11.369077, 42.728397, 364.0 ], [ 11.369093, 42.728375, 365.0 ], [ 11.369108, 42.728353, 365.0 ], [ 11.369127, 42.728332, 365.0 ], [ 11.369143, 42.72831, 365.0 ], [ 11.369162, 42.728288, 366.0 ], [ 11.369178, 42.728268, 366.0 ], [ 11.369195, 42.728248, 366.0 ], [ 11.369213, 42.728228, 366.0 ], [ 11.36923, 42.728207, 366.0 ], [ 11.369248, 42.728187, 366.0 ], [ 11.369267, 42.728168, 366.0 ], [ 11.369283, 42.728148, 366.0 ], [ 11.3693, 42.728128, 367.0 ], [ 11.369318, 42.72811, 367.0 ], [ 11.369335, 42.72809, 367.0 ], [ 11.369355, 42.728072, 367.0 ], [ 11.369373, 42.728052, 367.0 ], [ 11.36939, 42.728032, 367.0 ], [ 11.36941, 42.728013, 367.0 ], [ 11.36943, 42.727997, 367.0 ], [ 11.36945, 42.727978, 367.0 ], [ 11.36947, 42.72796, 368.0 ], [ 11.36949, 42.727942, 368.0 ], [ 11.36951, 42.727927, 368.0 ], [ 11.36953, 42.727908, 369.0 ], [ 11.369553, 42.727893, 369.0 ], [ 11.369575, 42.727877, 369.0 ], [ 11.3696, 42.727863, 369.0 ], [ 11.369623, 42.72785, 369.0 ], [ 11.369647, 42.727837, 370.0 ], [ 11.36967, 42.727825, 370.0 ], [ 11.369693, 42.727813, 370.0 ], [ 11.369718, 42.727802, 370.0 ], [ 11.369745, 42.727788, 371.0 ], [ 11.369772, 42.727778, 371.0 ], [ 11.369798, 42.727768, 371.0 ], [ 11.369823, 42.727758, 371.0 ], [ 11.369852, 42.727752, 371.0 ], [ 11.36988, 42.727742, 371.0 ], [ 11.369908, 42.727732, 371.0 ], [ 11.369938, 42.727722, 371.0 ], [ 11.369967, 42.727713, 371.0 ], [ 11.369995, 42.727703, 371.0 ], [ 11.370023, 42.727693, 371.0 ], [ 11.370052, 42.727685, 371.0 ], [ 11.37008, 42.727677, 372.0 ], [ 11.37011, 42.727668, 372.0 ], [ 11.370138, 42.727658, 372.0 ], [ 11.370165, 42.727648, 372.0 ], [ 11.370192, 42.727638, 372.0 ], [ 11.370217, 42.727628, 372.0 ], [ 11.370243, 42.727618, 373.0 ], [ 11.370268, 42.727608, 373.0 ], [ 11.370295, 42.7276, 373.0 ], [ 11.370323, 42.72759, 374.0 ], [ 11.37035, 42.727582, 374.0 ], [ 11.37038, 42.727575, 374.0 ], [ 11.37041, 42.72757, 374.0 ], [ 11.37044, 42.727562, 374.0 ], [ 11.370468, 42.727557, 374.0 ], [ 11.370497, 42.72755, 374.0 ], [ 11.370525, 42.727543, 374.0 ], [ 11.370552, 42.72754, 375.0 ], [ 11.37058, 42.727537, 375.0 ], [ 11.37061, 42.727533, 375.0 ], [ 11.370638, 42.727532, 375.0 ], [ 11.37067, 42.72753, 375.0 ], [ 11.3707, 42.72753, 375.0 ], [ 11.370732, 42.727533, 375.0 ], [ 11.370763, 42.727535, 375.0 ], [ 11.370793, 42.727538, 375.0 ], [ 11.370823, 42.727538, 375.0 ], [ 11.370853, 42.727543, 376.0 ], [ 11.370885, 42.727548, 376.0 ], [ 11.370915, 42.72755, 376.0 ], [ 11.370945, 42.727555, 376.0 ], [ 11.370973, 42.727558, 376.0 ], [ 11.371002, 42.727563, 376.0 ], [ 11.37103, 42.727573, 376.0 ], [ 11.371058, 42.727582, 376.0 ], [ 11.371083, 42.72759, 376.0 ], [ 11.371108, 42.7276, 377.0 ], [ 11.371133, 42.727613, 377.0 ], [ 11.371157, 42.72763, 377.0 ], [ 11.37118, 42.727645, 377.0 ], [ 11.3712, 42.72766, 377.0 ], [ 11.371218, 42.727675, 377.0 ], [ 11.371238, 42.727692, 377.0 ], [ 11.371257, 42.727708, 377.0 ], [ 11.371275, 42.727728, 378.0 ], [ 11.371295, 42.727745, 378.0 ], [ 11.371312, 42.727765, 378.0 ], [ 11.371328, 42.727783, 379.0 ], [ 11.371348, 42.727798, 379.0 ], [ 11.371368, 42.727812, 379.0 ], [ 11.371385, 42.727825, 379.0 ], [ 11.371403, 42.727842, 380.0 ], [ 11.371418, 42.727858, 380.0 ], [ 11.371435, 42.727875, 380.0 ], [ 11.371453, 42.72789, 380.0 ], [ 11.371473, 42.727905, 380.0 ], [ 11.37149, 42.72792, 380.0 ], [ 11.371508, 42.727935, 381.0 ], [ 11.371528, 42.727952, 381.0 ], [ 11.371548, 42.727968, 382.0 ], [ 11.371568, 42.727983, 382.0 ], [ 11.371585, 42.727998, 383.0 ], [ 11.371605, 42.728018, 383.0 ], [ 11.371625, 42.728038, 383.0 ], [ 11.371645, 42.728055, 383.0 ], [ 11.371665, 42.728073, 383.0 ], [ 11.371685, 42.728088, 383.0 ], [ 11.371708, 42.7281, 384.0 ], [ 11.37173, 42.728113, 384.0 ], [ 11.371755, 42.728127, 384.0 ], [ 11.37178, 42.728143, 384.0 ], [ 11.371805, 42.728153, 384.0 ], [ 11.37183, 42.728165, 384.0 ], [ 11.371855, 42.728175, 384.0 ], [ 11.37188, 42.728185, 384.0 ], [ 11.371908, 42.728198, 384.0 ], [ 11.371935, 42.728208, 384.0 ], [ 11.371963, 42.728218, 385.0 ], [ 11.371993, 42.728225, 385.0 ], [ 11.372022, 42.72823, 386.0 ], [ 11.372052, 42.728232, 386.0 ], [ 11.37208, 42.728228, 387.0 ], [ 11.372108, 42.728223, 387.0 ], [ 11.372133, 42.728215, 387.0 ], [ 11.372158, 42.728205, 387.0 ], [ 11.372182, 42.728195, 388.0 ], [ 11.372202, 42.728183, 388.0 ], [ 11.372218, 42.728168, 388.0 ], [ 11.372233, 42.72815, 389.0 ], [ 11.372248, 42.728135, 389.0 ], [ 11.372267, 42.72812, 389.0 ], [ 11.372283, 42.728105, 389.0 ], [ 11.372303, 42.728093, 390.0 ], [ 11.372327, 42.728078, 390.0 ], [ 11.372348, 42.728065, 390.0 ], [ 11.372373, 42.728053, 390.0 ], [ 11.372402, 42.728043, 390.0 ], [ 11.372433, 42.728035, 391.0 ], [ 11.372462, 42.728027, 391.0 ], [ 11.372492, 42.72802, 391.0 ], [ 11.37252, 42.728015, 391.0 ], [ 11.372547, 42.728008, 391.0 ], [ 11.372573, 42.728002, 391.0 ], [ 11.3726, 42.727993, 392.0 ], [ 11.372627, 42.727988, 392.0 ], [ 11.372653, 42.727985, 392.0 ], [ 11.372682, 42.727983, 392.0 ], [ 11.372708, 42.727982, 393.0 ], [ 11.372737, 42.72798, 393.0 ], [ 11.372762, 42.727977, 393.0 ], [ 11.372787, 42.727972, 393.0 ], [ 11.372813, 42.727968, 393.0 ], [ 11.372838, 42.727965, 393.0 ], [ 11.372868, 42.727963, 393.0 ], [ 11.372898, 42.727965, 393.0 ], [ 11.372928, 42.727967, 394.0 ], [ 11.372958, 42.727968, 394.0 ], [ 11.372988, 42.727975, 394.0 ], [ 11.373018, 42.72798, 395.0 ], [ 11.373047, 42.727987, 395.0 ], [ 11.373073, 42.727997, 395.0 ], [ 11.3731, 42.728008, 395.0 ], [ 11.373125, 42.728018, 395.0 ], [ 11.373148, 42.72803, 395.0 ], [ 11.373172, 42.728043, 396.0 ], [ 11.373193, 42.728058, 396.0 ], [ 11.373217, 42.728073, 396.0 ], [ 11.373238, 42.728087, 396.0 ], [ 11.37326, 42.728102, 396.0 ], [ 11.373282, 42.728117, 396.0 ], [ 11.373302, 42.728132, 397.0 ], [ 11.373322, 42.728145, 397.0 ], [ 11.373342, 42.72816, 397.0 ], [ 11.373363, 42.728175, 397.0 ], [ 11.373383, 42.72819, 398.0 ], [ 11.373403, 42.728207, 399.0 ], [ 11.373425, 42.728223, 399.0 ], [ 11.373447, 42.728238, 399.0 ], [ 11.373467, 42.728253, 399.0 ], [ 11.373487, 42.72827, 400.0 ], [ 11.373507, 42.728285, 400.0 ], [ 11.373523, 42.728305, 399.0 ], [ 11.373542, 42.728323, 399.0 ], [ 11.373562, 42.72834, 400.0 ], [ 11.37358, 42.728357, 400.0 ], [ 11.373598, 42.728373, 400.0 ], [ 11.373615, 42.728392, 400.0 ], [ 11.373632, 42.728408, 401.0 ], [ 11.37365, 42.728425, 401.0 ], [ 11.373667, 42.72844, 402.0 ], [ 11.373685, 42.728458, 402.0 ], [ 11.373702, 42.728475, 402.0 ], [ 11.373717, 42.728493, 402.0 ], [ 11.373735, 42.728512, 402.0 ], [ 11.373752, 42.728528, 402.0 ], [ 11.373768, 42.728548, 402.0 ], [ 11.373787, 42.728565, 402.0 ], [ 11.373807, 42.728582, 402.0 ], [ 11.373822, 42.728598, 403.0 ], [ 11.373837, 42.728618, 403.0 ], [ 11.373853, 42.728637, 403.0 ], [ 11.37387, 42.728655, 404.0 ], [ 11.373887, 42.728675, 404.0 ], [ 11.373905, 42.728693, 404.0 ], [ 11.373922, 42.72871, 404.0 ], [ 11.373942, 42.728727, 404.0 ], [ 11.373958, 42.728743, 405.0 ], [ 11.373975, 42.728762, 406.0 ], [ 11.37399, 42.728778, 406.0 ], [ 11.374007, 42.728793, 406.0 ], [ 11.374025, 42.728808, 406.0 ], [ 11.374045, 42.728825, 406.0 ], [ 11.374062, 42.728842, 406.0 ], [ 11.374082, 42.728857, 406.0 ], [ 11.374097, 42.728873, 407.0 ], [ 11.374112, 42.728888, 407.0 ], [ 11.374127, 42.728903, 407.0 ], [ 11.374142, 42.72892, 407.0 ], [ 11.37416, 42.728937, 408.0 ], [ 11.374177, 42.72895, 408.0 ], [ 11.374195, 42.728963, 408.0 ], [ 11.374215, 42.728978, 408.0 ], [ 11.374233, 42.728993, 408.0 ], [ 11.374252, 42.72901, 408.0 ], [ 11.374268, 42.729025, 408.0 ], [ 11.374285, 42.729042, 409.0 ], [ 11.374307, 42.729053, 409.0 ], [ 11.37433, 42.729063, 409.0 ], [ 11.374348, 42.729075, 409.0 ], [ 11.374367, 42.729092, 410.0 ], [ 11.37438, 42.729108, 410.0 ], [ 11.374415, 42.729133, 411.0 ], [ 11.374437, 42.729165, 412.0 ], [ 11.374468, 42.729188, 412.0 ], [ 11.374475, 42.729207, 412.0 ], [ 11.374485, 42.729227, 412.0 ], [ 11.374498, 42.729245, 412.0 ], [ 11.374512, 42.72926, 413.0 ], [ 11.37452, 42.729278, 413.0 ], [ 11.374528, 42.729298, 413.0 ], [ 11.374535, 42.729318, 413.0 ], [ 11.374542, 42.729338, 413.0 ], [ 11.37455, 42.72936, 413.0 ], [ 11.374558, 42.729383, 413.0 ], [ 11.374563, 42.729407, 414.0 ], [ 11.374568, 42.72943, 414.0 ], [ 11.374573, 42.729453, 414.0 ], [ 11.374575, 42.729477, 414.0 ], [ 11.374578, 42.7295, 414.0 ], [ 11.374582, 42.729522, 414.0 ], [ 11.374587, 42.729543, 415.0 ], [ 11.37459, 42.729567, 415.0 ], [ 11.374593, 42.72959, 415.0 ], [ 11.374598, 42.729613, 415.0 ], [ 11.374603, 42.729633, 415.0 ], [ 11.374608, 42.729657, 415.0 ], [ 11.374613, 42.729678, 416.0 ], [ 11.37462, 42.7297, 416.0 ], [ 11.374625, 42.729722, 417.0 ], [ 11.37463, 42.729742, 417.0 ], [ 11.374635, 42.72976, 417.0 ], [ 11.374645, 42.72978, 417.0 ], [ 11.374655, 42.729798, 418.0 ], [ 11.374663, 42.72982, 418.0 ], [ 11.374673, 42.729843, 418.0 ], [ 11.374685, 42.729863, 418.0 ], [ 11.374697, 42.729883, 418.0 ], [ 11.374705, 42.729905, 418.0 ], [ 11.374715, 42.729928, 418.0 ], [ 11.374723, 42.729955, 418.0 ], [ 11.374733, 42.729985, 419.0 ], [ 11.37474, 42.730015, 419.0 ], [ 11.374748, 42.730047, 419.0 ], [ 11.37475, 42.730078, 419.0 ], [ 11.37475, 42.730105, 419.0 ], [ 11.374743, 42.730133, 419.0 ], [ 11.374733, 42.73016, 419.0 ], [ 11.374725, 42.730195, 419.0 ], [ 11.374713, 42.730228, 420.0 ], [ 11.374697, 42.730255, 420.0 ], [ 11.374677, 42.730283, 420.0 ], [ 11.374653, 42.730308, 420.0 ], [ 11.37463, 42.730333, 420.0 ], [ 11.374607, 42.730355, 420.0 ], [ 11.374583, 42.730373, 420.0 ], [ 11.374562, 42.730395, 421.0 ], [ 11.374542, 42.730415, 421.0 ], [ 11.374523, 42.73044, 421.0 ], [ 11.374508, 42.730463, 422.0 ], [ 11.374497, 42.730487, 422.0 ], [ 11.374488, 42.730512, 423.0 ], [ 11.37448, 42.730535, 423.0 ], [ 11.374475, 42.730555, 423.0 ], [ 11.37448, 42.73059, 424.0 ], [ 11.374487, 42.730613, 424.0 ], [ 11.374493, 42.730637, 424.0 ], [ 11.374503, 42.730658, 424.0 ], [ 11.374518, 42.730677, 425.0 ], [ 11.374533, 42.73069, 426.0 ], [ 11.37455, 42.730705, 426.0 ], [ 11.374565, 42.730723, 426.0 ], [ 11.374582, 42.730743, 426.0 ], [ 11.374602, 42.73077, 426.0 ], [ 11.374623, 42.730803, 426.0 ], [ 11.374645, 42.730832, 426.0 ], [ 11.37467, 42.730855, 426.0 ], [ 11.374695, 42.730877, 427.0 ], [ 11.37472, 42.730898, 427.0 ], [ 11.374747, 42.730917, 427.0 ], [ 11.374775, 42.730932, 427.0 ], [ 11.374807, 42.73094, 428.0 ], [ 11.374842, 42.730947, 428.0 ], [ 11.37488, 42.730952, 428.0 ], [ 11.374918, 42.730953, 429.0 ], [ 11.374957, 42.730952, 429.0 ], [ 11.374993, 42.730943, 429.0 ], [ 11.37503, 42.730932, 430.0 ], [ 11.375067, 42.730918, 431.0 ], [ 11.3751, 42.730905, 431.0 ], [ 11.375132, 42.730893, 431.0 ], [ 11.375165, 42.730882, 431.0 ], [ 11.375202, 42.730873, 431.0 ], [ 11.375237, 42.730862, 432.0 ], [ 11.37527, 42.730852, 432.0 ], [ 11.375305, 42.730838, 432.0 ], [ 11.37534, 42.730825, 432.0 ], [ 11.375375, 42.730812, 432.0 ], [ 11.375408, 42.730798, 432.0 ], [ 11.375443, 42.730788, 433.0 ], [ 11.375482, 42.73078, 433.0 ], [ 11.375518, 42.73077, 433.0 ], [ 11.375557, 42.730762, 434.0 ], [ 11.375595, 42.730752, 434.0 ], [ 11.375632, 42.730738, 434.0 ], [ 11.375668, 42.730727, 434.0 ], [ 11.375705, 42.730715, 435.0 ], [ 11.375742, 42.730705, 435.0 ], [ 11.37578, 42.730695, 436.0 ], [ 11.375817, 42.730685, 436.0 ], [ 11.375852, 42.730673, 436.0 ], [ 11.375887, 42.730662, 436.0 ], [ 11.37592, 42.730648, 436.0 ], [ 11.375955, 42.730635, 437.0 ], [ 11.37599, 42.730623, 437.0 ], [ 11.376025, 42.73061, 437.0 ], [ 11.37606, 42.730597, 438.0 ], [ 11.376095, 42.730587, 438.0 ], [ 11.37613, 42.730577, 438.0 ], [ 11.376167, 42.730572, 439.0 ], [ 11.376205, 42.730568, 439.0 ], [ 11.37624, 42.730567, 439.0 ], [ 11.376277, 42.730572, 439.0 ], [ 11.376312, 42.73058, 439.0 ], [ 11.37634, 42.7306, 440.0 ], [ 11.376363, 42.730625, 440.0 ], [ 11.376382, 42.730657, 440.0 ], [ 11.376392, 42.730687, 440.0 ], [ 11.376392, 42.730715, 440.0 ], [ 11.376387, 42.730743, 441.0 ], [ 11.37638, 42.73077, 441.0 ], [ 11.376373, 42.730798, 442.0 ], [ 11.37637, 42.730825, 442.0 ], [ 11.376368, 42.73085, 442.0 ], [ 11.376368, 42.730878, 443.0 ], [ 11.376372, 42.730902, 443.0 ], [ 11.376378, 42.730928, 443.0 ], [ 11.376387, 42.73095, 444.0 ], [ 11.376402, 42.730972, 444.0 ], [ 11.376418, 42.730993, 444.0 ], [ 11.376438, 42.731012, 444.0 ], [ 11.37646, 42.731032, 445.0 ], [ 11.37649, 42.731048, 445.0 ], [ 11.376522, 42.731063, 445.0 ], [ 11.376553, 42.731075, 445.0 ], [ 11.376587, 42.73108, 445.0 ], [ 11.37662, 42.731085, 446.0 ], [ 11.376655, 42.731088, 446.0 ], [ 11.376693, 42.731088, 446.0 ], [ 11.376728, 42.731085, 446.0 ], [ 11.376758, 42.73108, 446.0 ], [ 11.376785, 42.73107, 447.0 ], [ 11.376812, 42.731057, 447.0 ], [ 11.376835, 42.731042, 448.0 ], [ 11.376858, 42.731025, 448.0 ], [ 11.376882, 42.731013, 448.0 ], [ 11.376905, 42.731, 448.0 ], [ 11.376928, 42.730988, 449.0 ], [ 11.376952, 42.730973, 449.0 ], [ 11.376978, 42.73096, 449.0 ], [ 11.377003, 42.730945, 449.0 ], [ 11.377028, 42.730935, 449.0 ], [ 11.377055, 42.730922, 450.0 ], [ 11.37708, 42.730903, 450.0 ], [ 11.377103, 42.730887, 450.0 ], [ 11.377127, 42.73087, 450.0 ], [ 11.37715, 42.730855, 450.0 ], [ 11.377173, 42.730838, 451.0 ], [ 11.377195, 42.730818, 451.0 ], [ 11.377218, 42.730802, 451.0 ], [ 11.377242, 42.730785, 451.0 ], [ 11.377263, 42.730765, 452.0 ], [ 11.377283, 42.730748, 452.0 ], [ 11.377303, 42.73073, 452.0 ], [ 11.37732, 42.730712, 452.0 ], [ 11.377338, 42.730692, 452.0 ], [ 11.377357, 42.73067, 452.0 ], [ 11.377373, 42.730648, 453.0 ], [ 11.377385, 42.730628, 453.0 ], [ 11.377398, 42.730608, 454.0 ], [ 11.377415, 42.730588, 454.0 ], [ 11.377433, 42.73057, 455.0 ], [ 11.377452, 42.730552, 455.0 ], [ 11.377473, 42.730533, 455.0 ], [ 11.377495, 42.73051, 455.0 ], [ 11.377513, 42.730485, 455.0 ], [ 11.377555, 42.730443, 456.0 ], [ 11.377578, 42.730423, 456.0 ], [ 11.3776, 42.730405, 456.0 ], [ 11.377625, 42.73039, 457.0 ], [ 11.377652, 42.730375, 457.0 ], [ 11.377682, 42.730362, 457.0 ], [ 11.377713, 42.730347, 457.0 ], [ 11.377745, 42.730335, 457.0 ], [ 11.377777, 42.730328, 457.0 ], [ 11.37781, 42.730313, 457.0 ], [ 11.377843, 42.730305, 458.0 ], [ 11.377875, 42.7303, 458.0 ], [ 11.377907, 42.7303, 458.0 ], [ 11.377938, 42.730308, 458.0 ], [ 11.377967, 42.73032, 458.0 ], [ 11.377992, 42.730335, 459.0 ], [ 11.378012, 42.730352, 459.0 ], [ 11.378025, 42.730372, 460.0 ], [ 11.378035, 42.730392, 460.0 ], [ 11.37804, 42.730413, 460.0 ], [ 11.37804, 42.730435, 460.0 ], [ 11.378037, 42.730457, 460.0 ], [ 11.37803, 42.73048, 460.0 ], [ 11.378017, 42.730505, 460.0 ], [ 11.378002, 42.730533, 461.0 ], [ 11.377987, 42.730558, 462.0 ], [ 11.37797, 42.73058, 462.0 ], [ 11.377955, 42.730603, 462.0 ], [ 11.377942, 42.730628, 462.0 ], [ 11.377927, 42.73065, 462.0 ], [ 11.377912, 42.730673, 462.0 ], [ 11.377897, 42.730695, 462.0 ], [ 11.377883, 42.730718, 462.0 ], [ 11.37787, 42.73074, 463.0 ], [ 11.377855, 42.73076, 463.0 ], [ 11.377843, 42.730778, 463.0 ], [ 11.377832, 42.7308, 463.0 ], [ 11.377822, 42.730822, 463.0 ], [ 11.377812, 42.730843, 463.0 ], [ 11.3778, 42.730867, 464.0 ], [ 11.377788, 42.730888, 464.0 ], [ 11.377778, 42.730912, 464.0 ], [ 11.37777, 42.730935, 464.0 ], [ 11.377758, 42.730957, 465.0 ], [ 11.377747, 42.730978, 465.0 ], [ 11.377735, 42.731, 465.0 ], [ 11.377727, 42.731023, 465.0 ], [ 11.377717, 42.731047, 466.0 ], [ 11.377707, 42.731068, 466.0 ], [ 11.377698, 42.731092, 467.0 ], [ 11.37769, 42.731115, 467.0 ], [ 11.37768, 42.731135, 467.0 ], [ 11.377672, 42.731157, 467.0 ], [ 11.377667, 42.73118, 467.0 ], [ 11.377665, 42.731202, 467.0 ], [ 11.377667, 42.731223, 468.0 ], [ 11.37767, 42.731245, 469.0 ], [ 11.377675, 42.731265, 469.0 ], [ 11.377687, 42.731285, 469.0 ], [ 11.377703, 42.731303, 469.0 ], [ 11.377722, 42.731322, 469.0 ], [ 11.377743, 42.73134, 469.0 ], [ 11.377768, 42.731358, 469.0 ], [ 11.377795, 42.731373, 470.0 ], [ 11.377823, 42.731387, 470.0 ], [ 11.37785, 42.7314, 470.0 ], [ 11.377875, 42.731412, 470.0 ], [ 11.377903, 42.731423, 470.0 ], [ 11.37793, 42.731435, 470.0 ], [ 11.377957, 42.731447, 470.0 ], [ 11.377983, 42.731457, 470.0 ], [ 11.378013, 42.731468, 470.0 ], [ 11.378042, 42.731477, 471.0 ], [ 11.378072, 42.731482, 471.0 ], [ 11.3781, 42.73149, 471.0 ], [ 11.378128, 42.7315, 471.0 ], [ 11.378153, 42.731512, 472.0 ], [ 11.37818, 42.731522, 472.0 ], [ 11.378207, 42.731535, 472.0 ], [ 11.378235, 42.731545, 473.0 ], [ 11.37826, 42.731555, 473.0 ], [ 11.378288, 42.731565, 474.0 ], [ 11.378313, 42.731575, 474.0 ], [ 11.37834, 42.731582, 474.0 ], [ 11.378365, 42.73159, 474.0 ], [ 11.378388, 42.731602, 474.0 ], [ 11.378415, 42.731618, 475.0 ], [ 11.378442, 42.731632, 475.0 ], [ 11.378468, 42.731647, 475.0 ], [ 11.378493, 42.731665, 475.0 ], [ 11.378515, 42.731678, 475.0 ], [ 11.378533, 42.731693, 475.0 ], [ 11.378548, 42.73171, 476.0 ], [ 11.37856, 42.731728, 476.0 ], [ 11.378568, 42.731747, 476.0 ], [ 11.378582, 42.731763, 476.0 ], [ 11.3786, 42.731782, 476.0 ], [ 11.378618, 42.731798, 476.0 ], [ 11.378635, 42.731817, 477.0 ], [ 11.37865, 42.731835, 477.0 ], [ 11.378665, 42.731855, 477.0 ], [ 11.378682, 42.731873, 478.0 ], [ 11.378698, 42.73189, 478.0 ], [ 11.378715, 42.73191, 478.0 ], [ 11.378733, 42.73193, 479.0 ], [ 11.378753, 42.731955, 479.0 ], [ 11.378773, 42.731977, 479.0 ], [ 11.378793, 42.731997, 479.0 ], [ 11.378818, 42.732015, 479.0 ], [ 11.378842, 42.732032, 479.0 ], [ 11.378868, 42.732047, 480.0 ], [ 11.378893, 42.73206, 480.0 ], [ 11.378918, 42.73207, 481.0 ], [ 11.378945, 42.732077, 481.0 ], [ 11.37897, 42.732087, 481.0 ], [ 11.378997, 42.732097, 481.0 ], [ 11.379023, 42.732105, 481.0 ], [ 11.379048, 42.732112, 481.0 ], [ 11.379075, 42.73212, 481.0 ], [ 11.3791, 42.732123, 482.0 ], [ 11.379125, 42.732125, 482.0 ], [ 11.379153, 42.73213, 482.0 ], [ 11.379182, 42.732135, 482.0 ], [ 11.379213, 42.732142, 482.0 ], [ 11.379245, 42.73215, 482.0 ], [ 11.379275, 42.732158, 482.0 ], [ 11.379303, 42.73217, 483.0 ], [ 11.379328, 42.732177, 483.0 ], [ 11.379353, 42.732185, 484.0 ], [ 11.37938, 42.732188, 484.0 ], [ 11.379405, 42.732188, 485.0 ], [ 11.379432, 42.732188, 485.0 ], [ 11.37946, 42.732188, 485.0 ], [ 11.379488, 42.73219, 485.0 ], [ 11.37952, 42.73219, 485.0 ], [ 11.37955, 42.73219, 485.0 ], [ 11.379585, 42.732197, 485.0 ], [ 11.379618, 42.732207, 486.0 ], [ 11.379645, 42.732217, 486.0 ], [ 11.379672, 42.732225, 486.0 ], [ 11.3797, 42.732235, 486.0 ], [ 11.379728, 42.732247, 486.0 ], [ 11.379758, 42.732258, 486.0 ], [ 11.379785, 42.73227, 486.0 ], [ 11.379813, 42.732285, 486.0 ], [ 11.379842, 42.7323, 487.0 ], [ 11.379873, 42.732315, 487.0 ], [ 11.379905, 42.732333, 487.0 ], [ 11.379937, 42.732352, 487.0 ], [ 11.379965, 42.732372, 487.0 ], [ 11.379988, 42.732387, 487.0 ], [ 11.38001, 42.732402, 487.0 ], [ 11.380032, 42.73242, 487.0 ], [ 11.380058, 42.732437, 488.0 ], [ 11.380082, 42.732452, 488.0 ], [ 11.3801, 42.732467, 488.0 ], [ 11.38012, 42.732482, 488.0 ], [ 11.380145, 42.732497, 488.0 ], [ 11.380168, 42.73251, 488.0 ], [ 11.380195, 42.732527, 488.0 ], [ 11.380223, 42.732547, 488.0 ], [ 11.380248, 42.732565, 488.0 ], [ 11.380275, 42.732583, 488.0 ], [ 11.380305, 42.732597, 488.0 ], [ 11.380332, 42.732612, 488.0 ], [ 11.38036, 42.73263, 488.0 ], [ 11.380387, 42.73265, 488.0 ], [ 11.38041, 42.732665, 488.0 ], [ 11.380435, 42.732677, 488.0 ], [ 11.38046, 42.73269, 488.0 ], [ 11.380488, 42.7327, 489.0 ], [ 11.380513, 42.73271, 489.0 ], [ 11.380538, 42.73272, 489.0 ], [ 11.380563, 42.732732, 489.0 ], [ 11.380592, 42.732745, 489.0 ], [ 11.38062, 42.732752, 489.0 ], [ 11.38065, 42.73276, 489.0 ], [ 11.38068, 42.732768, 489.0 ], [ 11.380713, 42.732778, 489.0 ], [ 11.380745, 42.732787, 489.0 ], [ 11.380778, 42.732797, 489.0 ], [ 11.380812, 42.732807, 490.0 ], [ 11.380845, 42.732813, 490.0 ], [ 11.380877, 42.73282, 490.0 ], [ 11.380908, 42.732828, 490.0 ], [ 11.380938, 42.732835, 490.0 ], [ 11.380967, 42.732843, 490.0 ], [ 11.380995, 42.732853, 490.0 ], [ 11.381023, 42.73286, 490.0 ], [ 11.381053, 42.732868, 491.0 ], [ 11.38108, 42.732878, 491.0 ], [ 11.381108, 42.732885, 491.0 ], [ 11.381138, 42.732893, 491.0 ], [ 11.381168, 42.7329, 491.0 ], [ 11.381202, 42.732912, 491.0 ], [ 11.381235, 42.73292, 491.0 ], [ 11.381263, 42.73293, 491.0 ], [ 11.381293, 42.732935, 492.0 ], [ 11.381322, 42.732943, 492.0 ], [ 11.381353, 42.732948, 492.0 ], [ 11.381382, 42.732953, 492.0 ], [ 11.381408, 42.732958, 492.0 ], [ 11.381438, 42.73296, 492.0 ], [ 11.38147, 42.73296, 492.0 ], [ 11.381502, 42.732958, 492.0 ], [ 11.381537, 42.732958, 492.0 ], [ 11.381572, 42.732958, 493.0 ], [ 11.381605, 42.732958, 493.0 ], [ 11.381638, 42.73296, 493.0 ], [ 11.381672, 42.73296, 493.0 ], [ 11.381702, 42.732955, 493.0 ], [ 11.381733, 42.732955, 493.0 ], [ 11.381763, 42.732953, 493.0 ], [ 11.381797, 42.732953, 493.0 ], [ 11.381828, 42.732955, 493.0 ], [ 11.381862, 42.732958, 494.0 ], [ 11.381893, 42.732962, 494.0 ], [ 11.381927, 42.732963, 494.0 ], [ 11.38196, 42.732965, 494.0 ], [ 11.381993, 42.732965, 494.0 ], [ 11.382028, 42.732963, 494.0 ], [ 11.382065, 42.732962, 494.0 ], [ 11.382102, 42.73296, 494.0 ], [ 11.382138, 42.73296, 494.0 ], [ 11.382173, 42.732957, 494.0 ], [ 11.382208, 42.732953, 494.0 ], [ 11.382245, 42.732952, 494.0 ], [ 11.382318, 42.732948, 495.0 ], [ 11.382355, 42.732945, 495.0 ], [ 11.382392, 42.73294, 495.0 ], [ 11.382428, 42.732938, 495.0 ], [ 11.382462, 42.732935, 495.0 ], [ 11.382493, 42.732937, 495.0 ], [ 11.382522, 42.73294, 495.0 ], [ 11.382553, 42.732945, 495.0 ], [ 11.382587, 42.732945, 495.0 ], [ 11.382622, 42.732948, 495.0 ], [ 11.382653, 42.73295, 495.0 ], [ 11.382688, 42.73295, 495.0 ], [ 11.38272, 42.732953, 495.0 ], [ 11.38275, 42.732955, 495.0 ], [ 11.382752, 42.733158, 501.0 ], [ 11.382743, 42.733177, 500.0 ], [ 11.382732, 42.733197, 501.0 ], [ 11.382722, 42.733218, 501.0 ], [ 11.382713, 42.733243, 501.0 ], [ 11.382703, 42.733267, 501.0 ], [ 11.382693, 42.733288, 501.0 ], [ 11.382683, 42.733312, 501.0 ], [ 11.382668, 42.733333, 501.0 ], [ 11.382653, 42.733353, 502.0 ], [ 11.382633, 42.733375, 502.0 ], [ 11.38261, 42.733398, 502.0 ], [ 11.382588, 42.733427, 502.0 ], [ 11.382568, 42.733457, 502.0 ], [ 11.382542, 42.733485, 502.0 ], [ 11.382513, 42.733517, 502.0 ], [ 11.382488, 42.733548, 502.0 ], [ 11.382463, 42.73358, 502.0 ], [ 11.382438, 42.733612, 502.0 ], [ 11.382415, 42.73364, 502.0 ], [ 11.382393, 42.733668, 502.0 ], [ 11.382372, 42.733698, 502.0 ], [ 11.382347, 42.733725, 502.0 ], [ 11.38232, 42.733752, 502.0 ], [ 11.382295, 42.73378, 502.0 ], [ 11.38227, 42.733803, 502.0 ], [ 11.382245, 42.733823, 502.0 ], [ 11.382218, 42.733843, 502.0 ], [ 11.382192, 42.733868, 502.0 ], [ 11.382158, 42.733893, 502.0 ], [ 11.382123, 42.733922, 502.0 ], [ 11.38209, 42.73395, 502.0 ], [ 11.382055, 42.733978, 502.0 ], [ 11.382015, 42.734013, 502.0 ], [ 11.38198, 42.734042, 502.0 ], [ 11.381945, 42.734067, 502.0 ], [ 11.38191, 42.734092, 502.0 ], [ 11.381875, 42.734117, 502.0 ], [ 11.381845, 42.734142, 502.0 ], [ 11.38181, 42.734167, 502.0 ], [ 11.381778, 42.734187, 502.0 ], [ 11.381745, 42.734208, 502.0 ], [ 11.381712, 42.734233, 502.0 ], [ 11.381678, 42.734257, 502.0 ], [ 11.381648, 42.734275, 502.0 ], [ 11.381617, 42.734295, 502.0 ], [ 11.381577, 42.734317, 502.0 ], [ 11.381535, 42.734343, 502.0 ], [ 11.381492, 42.734367, 502.0 ], [ 11.381342, 42.734425, 501.0 ], [ 11.381283, 42.73445, 501.0 ], [ 11.381232, 42.734473, 501.0 ], [ 11.38118, 42.734498, 501.0 ], [ 11.381128, 42.734518, 502.0 ], [ 11.38108, 42.734535, 502.0 ], [ 11.381035, 42.734552, 502.0 ], [ 11.380992, 42.734568, 502.0 ], [ 11.380948, 42.734585, 502.0 ], [ 11.380907, 42.7346, 503.0 ], [ 11.380867, 42.734613, 503.0 ], [ 11.380827, 42.734628, 504.0 ], [ 11.38079, 42.734643, 504.0 ], [ 11.380752, 42.734658, 504.0 ], [ 11.380715, 42.734672, 505.0 ], [ 11.38068, 42.734683, 505.0 ], [ 11.380645, 42.734695, 505.0 ], [ 11.380612, 42.734708, 505.0 ], [ 11.380575, 42.734722, 506.0 ], [ 11.380535, 42.734735, 506.0 ], [ 11.380492, 42.734748, 506.0 ], [ 11.38045, 42.734763, 506.0 ], [ 11.380405, 42.734775, 506.0 ], [ 11.380357, 42.734783, 506.0 ], [ 11.380307, 42.734793, 506.0 ], [ 11.380253, 42.7348, 506.0 ], [ 11.3802, 42.734803, 506.0 ], [ 11.380142, 42.734808, 506.0 ], [ 11.380082, 42.734813, 506.0 ], [ 11.38002, 42.734817, 505.0 ], [ 11.379955, 42.73482, 505.0 ], [ 11.379888, 42.734822, 505.0 ], [ 11.379818, 42.734822, 505.0 ], [ 11.379745, 42.734817, 504.0 ], [ 11.37967, 42.734808, 503.0 ], [ 11.379595, 42.734798, 503.0 ], [ 11.37952, 42.734783, 502.0 ], [ 11.379452, 42.734768, 502.0 ], [ 11.379387, 42.734753, 502.0 ], [ 11.379325, 42.73474, 502.0 ], [ 11.379267, 42.734725, 502.0 ], [ 11.379212, 42.73471, 502.0 ], [ 11.379158, 42.734697, 502.0 ], [ 11.379105, 42.734683, 502.0 ], [ 11.379053, 42.73467, 503.0 ], [ 11.379002, 42.734658, 503.0 ], [ 11.37895, 42.73465, 503.0 ], [ 11.378897, 42.734647, 503.0 ], [ 11.378847, 42.734647, 503.0 ], [ 11.378797, 42.734652, 503.0 ], [ 11.378748, 42.734658, 503.0 ], [ 11.378698, 42.734667, 503.0 ], [ 11.37865, 42.734678, 503.0 ], [ 11.378602, 42.73469, 503.0 ], [ 11.378555, 42.734707, 504.0 ], [ 11.378508, 42.734723, 504.0 ], [ 11.378467, 42.734738, 504.0 ], [ 11.378423, 42.734753, 504.0 ], [ 11.378383, 42.734767, 504.0 ], [ 11.378343, 42.73478, 504.0 ], [ 11.378307, 42.734788, 504.0 ], [ 11.378275, 42.734798, 504.0 ], [ 11.378248, 42.734807, 504.0 ], [ 11.378225, 42.734817, 504.0 ], [ 11.3782, 42.734825, 504.0 ], [ 11.378173, 42.734835, 504.0 ], [ 11.378147, 42.734848, 504.0 ], [ 11.378123, 42.734863, 504.0 ], [ 11.3781, 42.73488, 504.0 ], [ 11.378077, 42.734895, 504.0 ], [ 11.378048, 42.734912, 504.0 ], [ 11.37801, 42.734923, 503.0 ], [ 11.377968, 42.734938, 503.0 ], [ 11.377925, 42.734953, 503.0 ], [ 11.377883, 42.734973, 503.0 ], [ 11.377842, 42.734993, 503.0 ], [ 11.377802, 42.735013, 503.0 ], [ 11.377765, 42.735037, 502.0 ], [ 11.37773, 42.735063, 502.0 ], [ 11.3777, 42.735093, 501.0 ], [ 11.37767, 42.735127, 501.0 ], [ 11.37764, 42.735162, 501.0 ], [ 11.377607, 42.735197, 501.0 ], [ 11.37757, 42.735227, 501.0 ], [ 11.37753, 42.735257, 501.0 ], [ 11.377487, 42.735287, 500.0 ], [ 11.377437, 42.735312, 500.0 ], [ 11.377383, 42.735333, 500.0 ], [ 11.377332, 42.735353, 500.0 ], [ 11.377283, 42.735368, 499.0 ], [ 11.377235, 42.735385, 499.0 ], [ 11.37719, 42.735398, 499.0 ], [ 11.377143, 42.735412, 498.0 ], [ 11.377095, 42.735423, 498.0 ], [ 11.37705, 42.735438, 498.0 ], [ 11.377003, 42.735453, 498.0 ], [ 11.376957, 42.73547, 496.0 ], [ 11.376908, 42.735487, 496.0 ], [ 11.376857, 42.735503, 496.0 ], [ 11.376803, 42.735518, 496.0 ], [ 11.37675, 42.735537, 496.0 ], [ 11.376695, 42.735553, 495.0 ], [ 11.376643, 42.73557, 495.0 ], [ 11.37659, 42.735588, 495.0 ], [ 11.376538, 42.735608, 494.0 ], [ 11.376485, 42.735628, 494.0 ], [ 11.37643, 42.735645, 494.0 ], [ 11.376372, 42.735663, 494.0 ], [ 11.376308, 42.735683, 494.0 ], [ 11.376243, 42.735703, 494.0 ], [ 11.37618, 42.735725, 493.0 ], [ 11.37612, 42.735747, 492.0 ], [ 11.37606, 42.735772, 492.0 ], [ 11.375998, 42.735803, 492.0 ], [ 11.375943, 42.735838, 492.0 ], [ 11.375893, 42.735877, 491.0 ], [ 11.375852, 42.735913, 490.0 ], [ 11.375815, 42.73595, 489.0 ], [ 11.375785, 42.735987, 488.0 ], [ 11.375757, 42.736022, 488.0 ], [ 11.375727, 42.736055, 488.0 ], [ 11.375693, 42.73609, 488.0 ], [ 11.37566, 42.736125, 488.0 ], [ 11.375625, 42.73616, 488.0 ], [ 11.375593, 42.736195, 488.0 ], [ 11.375562, 42.73623, 487.0 ], [ 11.375533, 42.736263, 487.0 ], [ 11.375517, 42.736298, 486.0 ], [ 11.375508, 42.736337, 486.0 ], [ 11.375503, 42.736373, 486.0 ], [ 11.375508, 42.736413, 486.0 ], [ 11.375528, 42.736453, 485.0 ], [ 11.375555, 42.73649, 485.0 ], [ 11.375585, 42.736528, 485.0 ], [ 11.37562, 42.736563, 485.0 ], [ 11.375658, 42.736595, 484.0 ], [ 11.375693, 42.736628, 484.0 ], [ 11.37573, 42.736662, 484.0 ], [ 11.375763, 42.736695, 484.0 ], [ 11.375788, 42.736735, 483.0 ], [ 11.375802, 42.736775, 483.0 ], [ 11.375808, 42.736817, 482.0 ], [ 11.37581, 42.736858, 482.0 ], [ 11.375805, 42.736897, 482.0 ], [ 11.375798, 42.736937, 482.0 ], [ 11.375793, 42.736973, 482.0 ], [ 11.375783, 42.73701, 481.0 ], [ 11.375775, 42.737045, 481.0 ], [ 11.375765, 42.737083, 481.0 ], [ 11.375753, 42.737125, 481.0 ], [ 11.37574, 42.73717, 480.0 ], [ 11.375725, 42.737215, 480.0 ], [ 11.375702, 42.737263, 480.0 ], [ 11.375668, 42.737303, 479.0 ], [ 11.375627, 42.73734, 479.0 ], [ 11.375577, 42.73737, 479.0 ], [ 11.375523, 42.737393, 479.0 ], [ 11.375465, 42.737407, 478.0 ], [ 11.37541, 42.737413, 478.0 ], [ 11.375357, 42.737418, 478.0 ], [ 11.375303, 42.737423, 478.0 ], [ 11.37525, 42.737428, 478.0 ], [ 11.375197, 42.73743, 478.0 ], [ 11.375145, 42.737432, 478.0 ], [ 11.375095, 42.737433, 478.0 ], [ 11.375045, 42.737438, 479.0 ], [ 11.374997, 42.737442, 479.0 ], [ 11.374948, 42.737448, 479.0 ], [ 11.3749, 42.737455, 479.0 ], [ 11.374853, 42.73746, 479.0 ], [ 11.374808, 42.737468, 479.0 ], [ 11.374763, 42.737473, 480.0 ], [ 11.37472, 42.737478, 480.0 ], [ 11.374678, 42.737483, 480.0 ], [ 11.374635, 42.73749, 481.0 ], [ 11.374593, 42.737493, 481.0 ], [ 11.374548, 42.737497, 481.0 ], [ 11.374503, 42.737502, 481.0 ], [ 11.374458, 42.737507, 482.0 ], [ 11.374415, 42.73751, 482.0 ], [ 11.37437, 42.737515, 482.0 ], [ 11.374328, 42.737522, 482.0 ], [ 11.374285, 42.737527, 482.0 ], [ 11.374242, 42.73753, 482.0 ], [ 11.374198, 42.737533, 483.0 ], [ 11.374153, 42.737535, 483.0 ], [ 11.374107, 42.737537, 483.0 ], [ 11.374063, 42.737537, 483.0 ], [ 11.37402, 42.737537, 483.0 ], [ 11.373978, 42.737537, 483.0 ], [ 11.373933, 42.737532, 483.0 ], [ 11.373888, 42.737522, 483.0 ], [ 11.37384, 42.737512, 483.0 ], [ 11.37379, 42.7375, 483.0 ], [ 11.373742, 42.737485, 483.0 ], [ 11.37369, 42.737468, 483.0 ], [ 11.37364, 42.737455, 483.0 ], [ 11.373587, 42.737442, 483.0 ], [ 11.373535, 42.73743, 483.0 ], [ 11.373488, 42.737415, 482.0 ], [ 11.373445, 42.7374, 482.0 ], [ 11.37339, 42.737385, 481.0 ], [ 11.373338, 42.737373, 481.0 ], [ 11.373288, 42.73736, 480.0 ], [ 11.373235, 42.737345, 479.0 ], [ 11.373173, 42.737328, 478.0 ], [ 11.37311, 42.737312, 478.0 ], [ 11.373042, 42.7373, 478.0 ], [ 11.372972, 42.737297, 477.0 ], [ 11.372898, 42.737302, 478.0 ], [ 11.37283, 42.737317, 478.0 ], [ 11.372768, 42.737342, 478.0 ], [ 11.372723, 42.737377, 477.0 ], [ 11.37269, 42.737415, 477.0 ], [ 11.37266, 42.737452, 477.0 ], [ 11.372635, 42.73749, 477.0 ], [ 11.37261, 42.737528, 477.0 ], [ 11.372585, 42.737565, 477.0 ], [ 11.37256, 42.7376, 477.0 ], [ 11.372537, 42.737635, 477.0 ], [ 11.372515, 42.737667, 477.0 ], [ 11.3725, 42.737702, 478.0 ], [ 11.372492, 42.737735, 478.0 ], [ 11.37249, 42.737768, 478.0 ], [ 11.372493, 42.737803, 479.0 ], [ 11.372502, 42.737837, 479.0 ], [ 11.372517, 42.737868, 479.0 ], [ 11.372535, 42.7379, 479.0 ], [ 11.372553, 42.737928, 479.0 ], [ 11.372568, 42.737957, 480.0 ], [ 11.372585, 42.737985, 480.0 ], [ 11.3726, 42.738013, 480.0 ], [ 11.372617, 42.738043, 481.0 ], [ 11.372632, 42.738072, 481.0 ], [ 11.372648, 42.7381, 481.0 ], [ 11.372665, 42.738125, 482.0 ], [ 11.37268, 42.738152, 482.0 ], [ 11.372695, 42.73818, 484.0 ], [ 11.37271, 42.738208, 484.0 ], [ 11.372723, 42.738235, 485.0 ], [ 11.372738, 42.738262, 485.0 ], [ 11.372752, 42.73829, 485.0 ], [ 11.372762, 42.738318, 485.0 ], [ 11.372772, 42.738347, 485.0 ], [ 11.372783, 42.738375, 485.0 ], [ 11.372798, 42.738402, 485.0 ], [ 11.372808, 42.73843, 486.0 ], [ 11.372817, 42.738457, 486.0 ], [ 11.372827, 42.738488, 487.0 ], [ 11.372833, 42.73852, 487.0 ], [ 11.372833, 42.73855, 487.0 ], [ 11.372828, 42.738577, 487.0 ], [ 11.37282, 42.738607, 488.0 ], [ 11.37281, 42.738635, 489.0 ], [ 11.372797, 42.738665, 489.0 ], [ 11.372782, 42.738692, 489.0 ], [ 11.372762, 42.73872, 490.0 ], [ 11.372742, 42.738747, 490.0 ], [ 11.372722, 42.738775, 491.0 ], [ 11.372697, 42.7388, 491.0 ], [ 11.372668, 42.738822, 491.0 ], [ 11.372637, 42.738845, 491.0 ], [ 11.372593, 42.738862, 491.0 ], [ 11.372545, 42.738875, 491.0 ], [ 11.372495, 42.738877, 491.0 ], [ 11.372445, 42.738873, 491.0 ], [ 11.372395, 42.738862, 491.0 ], [ 11.372348, 42.738845, 491.0 ], [ 11.372303, 42.738825, 491.0 ], [ 11.372262, 42.738805, 491.0 ], [ 11.37222, 42.738782, 491.0 ], [ 11.372178, 42.738758, 491.0 ], [ 11.372137, 42.738737, 491.0 ], [ 11.372097, 42.738717, 491.0 ], [ 11.372057, 42.738695, 491.0 ], [ 11.372018, 42.738672, 491.0 ], [ 11.37198, 42.738652, 491.0 ], [ 11.371938, 42.738635, 492.0 ], [ 11.371893, 42.73862, 492.0 ], [ 11.371847, 42.73861, 492.0 ], [ 11.371798, 42.738602, 492.0 ], [ 11.37175, 42.738602, 492.0 ], [ 11.371705, 42.738605, 492.0 ], [ 11.371663, 42.738613, 492.0 ], [ 11.371623, 42.738627, 493.0 ], [ 11.371588, 42.738647, 493.0 ], [ 11.371557, 42.73867, 493.0 ], [ 11.371523, 42.738692, 493.0 ], [ 11.371488, 42.738717, 493.0 ], [ 11.371452, 42.738738, 493.0 ], [ 11.371412, 42.738758, 494.0 ], [ 11.371372, 42.738775, 494.0 ], [ 11.371327, 42.738785, 494.0 ], [ 11.371287, 42.738787, 494.0 ], [ 11.371245, 42.738785, 494.0 ], [ 11.371203, 42.738778, 494.0 ], [ 11.371165, 42.738765, 495.0 ], [ 11.371125, 42.738753, 495.0 ], [ 11.371087, 42.73874, 496.0 ], [ 11.371048, 42.738728, 496.0 ], [ 11.371007, 42.738718, 496.0 ], [ 11.370965, 42.73871, 496.0 ], [ 11.37092, 42.738705, 497.0 ], [ 11.370875, 42.738703, 497.0 ], [ 11.370835, 42.738702, 497.0 ], [ 11.370795, 42.7387, 497.0 ], [ 11.370755, 42.7387, 497.0 ], [ 11.370712, 42.738698, 497.0 ], [ 11.370668, 42.738695, 497.0 ], [ 11.370623, 42.73869, 497.0 ], [ 11.37058, 42.738688, 497.0 ], [ 11.370537, 42.738688, 497.0 ], [ 11.370493, 42.738688, 498.0 ], [ 11.370403, 42.738683, 498.0 ], [ 11.370357, 42.738677, 498.0 ], [ 11.370312, 42.738668, 498.0 ], [ 11.37027, 42.738657, 498.0 ], [ 11.37023, 42.738638, 498.0 ], [ 11.370195, 42.738617, 498.0 ], [ 11.370162, 42.738595, 498.0 ], [ 11.370135, 42.73857, 498.0 ], [ 11.37011, 42.738543, 498.0 ], [ 11.370088, 42.738517, 498.0 ], [ 11.370067, 42.73849, 498.0 ], [ 11.370048, 42.73846, 499.0 ], [ 11.370028, 42.738433, 499.0 ], [ 11.37001, 42.738403, 499.0 ], [ 11.36999, 42.738375, 499.0 ], [ 11.369973, 42.738348, 499.0 ], [ 11.369953, 42.738318, 499.0 ], [ 11.369933, 42.738288, 499.0 ], [ 11.369913, 42.738258, 499.0 ], [ 11.369893, 42.738228, 499.0 ], [ 11.369873, 42.7382, 499.0 ], [ 11.369853, 42.738173, 500.0 ], [ 11.369832, 42.738145, 500.0 ], [ 11.36981, 42.738118, 500.0 ], [ 11.36979, 42.73809, 500.0 ], [ 11.36977, 42.738062, 500.0 ], [ 11.369752, 42.738033, 501.0 ], [ 11.369733, 42.738005, 501.0 ], [ 11.369717, 42.737975, 501.0 ], [ 11.369698, 42.737948, 502.0 ], [ 11.36968, 42.73792, 502.0 ], [ 11.36966, 42.737893, 502.0 ], [ 11.36964, 42.737865, 502.0 ], [ 11.369618, 42.73784, 502.0 ], [ 11.369595, 42.737818, 502.0 ], [ 11.369568, 42.737797, 503.0 ], [ 11.369537, 42.73778, 503.0 ], [ 11.369502, 42.737768, 503.0 ], [ 11.369463, 42.73776, 503.0 ], [ 11.369425, 42.73776, 503.0 ], [ 11.369388, 42.737768, 503.0 ], [ 11.369357, 42.737783, 503.0 ], [ 11.369328, 42.737803, 504.0 ], [ 11.369303, 42.737828, 504.0 ], [ 11.369283, 42.737855, 504.0 ], [ 11.369277, 42.737883, 504.0 ], [ 11.36928, 42.737913, 505.0 ], [ 11.369293, 42.737942, 505.0 ], [ 11.36931, 42.737968, 505.0 ], [ 11.369332, 42.737993, 505.0 ], [ 11.369353, 42.738018, 506.0 ], [ 11.369377, 42.738043, 506.0 ], [ 11.369402, 42.738068, 506.0 ], [ 11.36943, 42.738092, 506.0 ], [ 11.369462, 42.738115, 507.0 ], [ 11.369492, 42.738138, 507.0 ], [ 11.36952, 42.738163, 507.0 ], [ 11.369548, 42.738192, 507.0 ], [ 11.369573, 42.73822, 507.0 ], [ 11.369597, 42.738248, 507.0 ], [ 11.369617, 42.738277, 507.0 ], [ 11.369635, 42.738302, 507.0 ], [ 11.369653, 42.738328, 507.0 ], [ 11.369667, 42.738357, 507.0 ], [ 11.36968, 42.738383, 507.0 ], [ 11.36969, 42.738408, 507.0 ], [ 11.369703, 42.738437, 507.0 ], [ 11.369715, 42.738465, 507.0 ], [ 11.369725, 42.738495, 507.0 ], [ 11.369735, 42.738528, 507.0 ], [ 11.369745, 42.738562, 507.0 ], [ 11.369758, 42.738598, 507.0 ], [ 11.36977, 42.738637, 507.0 ], [ 11.369785, 42.738673, 507.0 ], [ 11.3698, 42.73871, 507.0 ], [ 11.36981, 42.738748, 506.0 ], [ 11.369818, 42.738785, 506.0 ], [ 11.369828, 42.738818, 506.0 ], [ 11.36984, 42.738847, 506.0 ], [ 11.36985, 42.738872, 506.0 ], [ 11.369873, 42.738907, 505.0 ], [ 11.3699, 42.738923, 506.0 ], [ 11.369915, 42.738895, 506.0 ], [ 11.369937, 42.738878, 506.0 ], [ 11.369948, 42.738895, 505.0 ], [ 11.369963, 42.73891, 506.0 ], [ 11.369973, 42.738935, 506.0 ], [ 11.369983, 42.738962, 506.0 ], [ 11.369993, 42.738993, 506.0 ], [ 11.37, 42.739017, 506.0 ], [ 11.370012, 42.73904, 507.0 ], [ 11.370023, 42.739063, 507.0 ], [ 11.370033, 42.739087, 507.0 ], [ 11.370043, 42.739112, 508.0 ], [ 11.370053, 42.739138, 508.0 ], [ 11.370062, 42.739162, 509.0 ], [ 11.370068, 42.739187, 510.0 ], [ 11.37008, 42.73921, 510.0 ], [ 11.370093, 42.739233, 510.0 ], [ 11.370108, 42.739257, 510.0 ], [ 11.370128, 42.739278, 511.0 ], [ 11.370148, 42.739302, 512.0 ], [ 11.37017, 42.739322, 513.0 ], [ 11.370193, 42.739343, 513.0 ], [ 11.370223, 42.739358, 513.0 ], [ 11.370255, 42.739373, 513.0 ], [ 11.37029, 42.739387, 514.0 ], [ 11.370323, 42.739397, 515.0 ], [ 11.370357, 42.739403, 516.0 ], [ 11.37039, 42.739412, 516.0 ], [ 11.370423, 42.739422, 516.0 ], [ 11.370458, 42.739433, 516.0 ], [ 11.370488, 42.739445, 517.0 ], [ 11.370517, 42.739458, 519.0 ], [ 11.370543, 42.739472, 519.0 ], [ 11.370562, 42.739487, 519.0 ], [ 11.370577, 42.7395, 520.0 ], [ 11.37059, 42.739518, 521.0 ], [ 11.370602, 42.739538, 521.0 ], [ 11.37061, 42.739557, 521.0 ], [ 11.370617, 42.739575, 523.0 ], [ 11.370627, 42.739593, 525.0 ], [ 11.370643, 42.739607, 526.0 ], [ 11.37065, 42.739625, 527.0 ], [ 11.370648, 42.739643, 527.0 ], [ 11.370677, 42.739648, 527.0 ], [ 11.3707, 42.73966, 528.0 ], [ 11.370722, 42.739673, 529.0 ], [ 11.370737, 42.739688, 529.0 ], [ 11.370752, 42.739707, 530.0 ], [ 11.370775, 42.739713, 531.0 ], [ 11.3708, 42.739703, 532.0 ], [ 11.370828, 42.739708, 532.0 ], [ 11.370862, 42.73971, 532.0 ], [ 11.370898, 42.739715, 532.0 ], [ 11.370925, 42.739717, 532.0 ], [ 11.37096, 42.73972, 532.0 ], [ 11.370987, 42.739728, 532.0 ], [ 11.37101, 42.739735, 532.0 ], [ 11.371028, 42.739722, 533.0 ], [ 11.371053, 42.739735, 533.0 ], [ 11.371085, 42.739743, 533.0 ], [ 11.371115, 42.739752, 533.0 ], [ 11.371148, 42.739755, 533.0 ], [ 11.371195, 42.73976, 534.0 ], [ 11.37122, 42.739765, 534.0 ], [ 11.371247, 42.739772, 534.0 ], [ 11.371275, 42.739778, 534.0 ], [ 11.3713, 42.739788, 535.0 ], [ 11.371327, 42.739802, 535.0 ], [ 11.371355, 42.739817, 535.0 ], [ 11.371382, 42.739832, 535.0 ], [ 11.371407, 42.739845, 534.0 ], [ 11.37143, 42.73986, 534.0 ], [ 11.371453, 42.739877, 534.0 ], [ 11.37148, 42.739893, 534.0 ], [ 11.37151, 42.739907, 534.0 ], [ 11.37154, 42.739923, 534.0 ], [ 11.371567, 42.739938, 534.0 ], [ 11.371597, 42.739953, 534.0 ], [ 11.371627, 42.739968, 534.0 ], [ 11.371658, 42.739983, 534.0 ], [ 11.37169, 42.740002, 534.0 ], [ 11.37172, 42.740018, 534.0 ], [ 11.371748, 42.740033, 534.0 ], [ 11.37178, 42.740048, 534.0 ], [ 11.371817, 42.740067, 533.0 ], [ 11.37186, 42.740093, 533.0 ], [ 11.371913, 42.740123, 533.0 ], [ 11.371975, 42.740153, 533.0 ], [ 11.372043, 42.740188, 532.0 ], [ 11.372115, 42.740222, 532.0 ], [ 11.37219, 42.740253, 532.0 ], [ 11.372267, 42.740283, 531.0 ], [ 11.372343, 42.740308, 531.0 ], [ 11.372417, 42.740333, 531.0 ], [ 11.372485, 42.740352, 531.0 ], [ 11.372545, 42.740367, 530.0 ], [ 11.372597, 42.74038, 530.0 ], [ 11.372643, 42.740392, 530.0 ], [ 11.372683, 42.740403, 530.0 ], [ 11.372723, 42.740415, 531.0 ], [ 11.372762, 42.740423, 531.0 ], [ 11.372798, 42.740432, 531.0 ], [ 11.372838, 42.740443, 531.0 ], [ 11.37288, 42.740455, 531.0 ], [ 11.37292, 42.740467, 531.0 ], [ 11.37296, 42.740477, 531.0 ], [ 11.373002, 42.740487, 531.0 ], [ 11.373045, 42.740497, 531.0 ], [ 11.373092, 42.74051, 531.0 ], [ 11.37314, 42.740522, 531.0 ], [ 11.373193, 42.740535, 531.0 ], [ 11.373253, 42.740547, 531.0 ], [ 11.373317, 42.740558, 530.0 ], [ 11.373382, 42.740567, 530.0 ], [ 11.373447, 42.740578, 529.0 ], [ 11.373513, 42.74059, 529.0 ], [ 11.373583, 42.7406, 529.0 ], [ 11.373658, 42.740612, 529.0 ], [ 11.373737, 42.740622, 529.0 ], [ 11.373818, 42.740635, 529.0 ], [ 11.3739, 42.74065, 529.0 ], [ 11.373982, 42.740663, 528.0 ], [ 11.374058, 42.740675, 527.0 ], [ 11.37413, 42.740688, 527.0 ], [ 11.374198, 42.7407, 526.0 ], [ 11.37426, 42.74071, 526.0 ], [ 11.37432, 42.74072, 526.0 ], [ 11.374378, 42.740728, 526.0 ], [ 11.374438, 42.740737, 526.0 ], [ 11.374497, 42.740748, 526.0 ], [ 11.374557, 42.74076, 526.0 ], [ 11.374618, 42.74077, 526.0 ], [ 11.374683, 42.740782, 526.0 ], [ 11.37475, 42.74079, 526.0 ], [ 11.374815, 42.740797, 526.0 ], [ 11.374875, 42.740802, 525.0 ], [ 11.374932, 42.740807, 525.0 ], [ 11.374987, 42.740813, 525.0 ], [ 11.375038, 42.74082, 525.0 ], [ 11.375088, 42.740825, 525.0 ], [ 11.375137, 42.740827, 525.0 ], [ 11.375183, 42.74083, 525.0 ], [ 11.37523, 42.740835, 525.0 ], [ 11.375277, 42.740837, 526.0 ], [ 11.375322, 42.740842, 526.0 ], [ 11.375405, 42.740848, 526.0 ], [ 11.375447, 42.740852, 527.0 ], [ 11.375487, 42.740855, 527.0 ], [ 11.375527, 42.740855, 528.0 ], [ 11.375565, 42.740858, 528.0 ], [ 11.375602, 42.74086, 528.0 ], [ 11.375642, 42.740862, 528.0 ], [ 11.375678, 42.74086, 529.0 ], [ 11.375713, 42.740858, 529.0 ], [ 11.37575, 42.74086, 529.0 ], [ 11.375785, 42.740862, 529.0 ], [ 11.37582, 42.740865, 529.0 ], [ 11.375853, 42.740868, 530.0 ], [ 11.375888, 42.74087, 531.0 ], [ 11.375922, 42.74087, 531.0 ], [ 11.375955, 42.74087, 531.0 ], [ 11.375987, 42.74087, 532.0 ], [ 11.376017, 42.740867, 532.0 ], [ 11.37605, 42.740865, 532.0 ], [ 11.376082, 42.740862, 532.0 ], [ 11.376117, 42.74086, 533.0 ], [ 11.37615, 42.740857, 533.0 ], [ 11.376182, 42.740857, 533.0 ], [ 11.376213, 42.740858, 534.0 ], [ 11.376245, 42.740857, 534.0 ], [ 11.376275, 42.740857, 534.0 ], [ 11.376305, 42.740857, 535.0 ], [ 11.376337, 42.740855, 535.0 ], [ 11.376367, 42.740852, 536.0 ], [ 11.376395, 42.740847, 537.0 ], [ 11.376422, 42.740845, 537.0 ], [ 11.37645, 42.74084, 537.0 ], [ 11.376477, 42.740837, 537.0 ], [ 11.376505, 42.740833, 538.0 ], [ 11.376535, 42.740828, 538.0 ], [ 11.376563, 42.740822, 538.0 ], [ 11.376593, 42.740817, 539.0 ], [ 11.376625, 42.740815, 540.0 ], [ 11.376655, 42.740815, 540.0 ], [ 11.376687, 42.740812, 540.0 ], [ 11.376717, 42.74081, 540.0 ], [ 11.376748, 42.740812, 540.0 ], [ 11.37678, 42.74081, 540.0 ], [ 11.376812, 42.74081, 541.0 ], [ 11.376842, 42.74081, 541.0 ], [ 11.37687, 42.740812, 541.0 ], [ 11.376902, 42.740815, 541.0 ], [ 11.376933, 42.740818, 541.0 ], [ 11.376965, 42.74082, 541.0 ], [ 11.376997, 42.74082, 541.0 ], [ 11.377028, 42.740822, 541.0 ], [ 11.37706, 42.740825, 542.0 ], [ 11.377093, 42.74083, 542.0 ], [ 11.377125, 42.740832, 542.0 ], [ 11.377155, 42.740837, 543.0 ], [ 11.377185, 42.740842, 544.0 ], [ 11.377215, 42.740847, 544.0 ], [ 11.377245, 42.740855, 544.0 ], [ 11.377277, 42.740863, 544.0 ], [ 11.377307, 42.740872, 544.0 ], [ 11.377337, 42.74088, 544.0 ], [ 11.377368, 42.740887, 544.0 ], [ 11.3774, 42.740897, 545.0 ], [ 11.377432, 42.740907, 546.0 ], [ 11.377462, 42.740917, 546.0 ], [ 11.377493, 42.740925, 546.0 ], [ 11.377523, 42.740935, 546.0 ], [ 11.377552, 42.740947, 547.0 ], [ 11.377578, 42.740957, 547.0 ], [ 11.377605, 42.74097, 547.0 ], [ 11.377632, 42.740982, 547.0 ], [ 11.377657, 42.740995, 548.0 ], [ 11.377682, 42.741007, 548.0 ], [ 11.377707, 42.74102, 548.0 ], [ 11.377735, 42.741032, 548.0 ], [ 11.377762, 42.741045, 548.0 ], [ 11.377792, 42.74106, 548.0 ], [ 11.37782, 42.741072, 549.0 ], [ 11.37785, 42.741085, 549.0 ], [ 11.377877, 42.7411, 549.0 ], [ 11.377905, 42.741112, 549.0 ], [ 11.37793, 42.741123, 549.0 ], [ 11.37795, 42.741133, 549.0 ], [ 11.37799, 42.74115, 549.0 ], [ 11.378027, 42.74117, 549.0 ], [ 11.378065, 42.74119, 549.0 ], [ 11.378085, 42.741198, 549.0 ], [ 11.37811, 42.74121, 549.0 ], [ 11.378137, 42.741222, 549.0 ], [ 11.378165, 42.741232, 549.0 ], [ 11.378193, 42.741247, 549.0 ], [ 11.378225, 42.741262, 549.0 ], [ 11.37826, 42.741278, 549.0 ], [ 11.378295, 42.741295, 549.0 ], [ 11.37833, 42.74131, 549.0 ], [ 11.378365, 42.741325, 549.0 ], [ 11.3784, 42.74134, 549.0 ], [ 11.378433, 42.741355, 549.0 ], [ 11.378467, 42.74137, 549.0 ], [ 11.3785, 42.741383, 549.0 ], [ 11.37853, 42.741397, 549.0 ], [ 11.378563, 42.741412, 550.0 ], [ 11.378597, 42.741427, 550.0 ], [ 11.378628, 42.741442, 550.0 ], [ 11.378662, 42.741455, 550.0 ], [ 11.378695, 42.741468, 550.0 ], [ 11.378727, 42.741482, 550.0 ], [ 11.378758, 42.741495, 551.0 ], [ 11.37879, 42.741507, 551.0 ], [ 11.37882, 42.74152, 551.0 ], [ 11.378847, 42.741535, 551.0 ], [ 11.378875, 42.741552, 552.0 ], [ 11.378902, 42.741568, 552.0 ], [ 11.37893, 42.741585, 553.0 ], [ 11.378955, 42.741602, 553.0 ], [ 11.378982, 42.741617, 553.0 ], [ 11.379008, 42.741633, 554.0 ], [ 11.379035, 42.74165, 555.0 ], [ 11.379062, 42.741667, 555.0 ], [ 11.37909, 42.741683, 555.0 ], [ 11.379117, 42.7417, 556.0 ], [ 11.37914, 42.741718, 556.0 ], [ 11.379165, 42.741737, 557.0 ], [ 11.37919, 42.741757, 557.0 ], [ 11.379215, 42.741775, 557.0 ], [ 11.379237, 42.741793, 558.0 ], [ 11.37926, 42.741813, 558.0 ], [ 11.379282, 42.741833, 558.0 ], [ 11.379305, 42.741853, 559.0 ], [ 11.37933, 42.741873, 559.0 ], [ 11.379352, 42.741895, 559.0 ], [ 11.379372, 42.741915, 559.0 ], [ 11.379392, 42.741937, 559.0 ], [ 11.379413, 42.741957, 560.0 ], [ 11.379435, 42.741977, 561.0 ], [ 11.379455, 42.741997, 561.0 ], [ 11.379473, 42.74202, 561.0 ], [ 11.37949, 42.742042, 562.0 ], [ 11.379507, 42.742063, 562.0 ], [ 11.379523, 42.742087, 562.0 ], [ 11.37954, 42.742107, 563.0 ], [ 11.379555, 42.74213, 563.0 ], [ 11.37957, 42.74215, 563.0 ], [ 11.379585, 42.742173, 564.0 ], [ 11.379602, 42.742195, 565.0 ], [ 11.379617, 42.742217, 566.0 ], [ 11.379633, 42.742238, 566.0 ], [ 11.379648, 42.742257, 567.0 ], [ 11.379665, 42.742277, 567.0 ], [ 11.379685, 42.742295, 567.0 ], [ 11.379705, 42.742315, 568.0 ], [ 11.379725, 42.742335, 569.0 ], [ 11.379742, 42.742355, 569.0 ], [ 11.37976, 42.742373, 570.0 ], [ 11.379777, 42.742392, 570.0 ], [ 11.379795, 42.74241, 571.0 ], [ 11.379815, 42.742427, 572.0 ], [ 11.379832, 42.742445, 572.0 ], [ 11.37985, 42.742462, 573.0 ], [ 11.379888, 42.742497, 573.0 ], [ 11.379907, 42.742517, 573.0 ], [ 11.379927, 42.742533, 573.0 ], [ 11.379948, 42.74255, 573.0 ], [ 11.37997, 42.742567, 575.0 ], [ 11.379993, 42.742583, 576.0 ], [ 11.380017, 42.7426, 576.0 ], [ 11.380042, 42.742615, 576.0 ], [ 11.380065, 42.742632, 577.0 ], [ 11.380087, 42.742647, 578.0 ], [ 11.38011, 42.742662, 578.0 ], [ 11.380135, 42.742677, 578.0 ], [ 11.38016, 42.742692, 579.0 ], [ 11.380185, 42.742705, 579.0 ], [ 11.38021, 42.742718, 579.0 ], [ 11.380235, 42.742732, 579.0 ], [ 11.38026, 42.742747, 580.0 ], [ 11.380285, 42.74276, 580.0 ], [ 11.38031, 42.742772, 580.0 ], [ 11.380337, 42.742785, 580.0 ], [ 11.380365, 42.742798, 581.0 ], [ 11.380392, 42.742812, 581.0 ], [ 11.38042, 42.742823, 581.0 ], [ 11.380447, 42.742837, 581.0 ], [ 11.380473, 42.742848, 581.0 ], [ 11.380503, 42.742858, 581.0 ], [ 11.38053, 42.742868, 581.0 ], [ 11.380557, 42.742878, 582.0 ], [ 11.380583, 42.742888, 582.0 ], [ 11.380608, 42.742898, 582.0 ], [ 11.380635, 42.742908, 582.0 ], [ 11.38066, 42.742917, 582.0 ], [ 11.380703, 42.742932, 582.0 ], [ 11.380725, 42.742943, 582.0 ], [ 11.380748, 42.742953, 582.0 ], [ 11.380773, 42.742962, 582.0 ], [ 11.3808, 42.74297, 582.0 ], [ 11.380827, 42.74298, 583.0 ], [ 11.380853, 42.74299, 583.0 ], [ 11.380883, 42.743, 583.0 ], [ 11.380912, 42.743008, 583.0 ], [ 11.38094, 42.743013, 583.0 ], [ 11.38097, 42.743018, 583.0 ], [ 11.380998, 42.743025, 583.0 ], [ 11.381028, 42.74303, 584.0 ], [ 11.381058, 42.743033, 584.0 ], [ 11.381088, 42.743033, 584.0 ], [ 11.38112, 42.743035, 584.0 ], [ 11.38115, 42.743037, 584.0 ], [ 11.381182, 42.743037, 584.0 ], [ 11.381213, 42.743035, 585.0 ], [ 11.381245, 42.743035, 585.0 ], [ 11.381277, 42.743035, 586.0 ], [ 11.381308, 42.743033, 586.0 ], [ 11.38134, 42.743032, 587.0 ], [ 11.381372, 42.74303, 587.0 ], [ 11.381405, 42.74303, 588.0 ], [ 11.381435, 42.743028, 588.0 ], [ 11.381467, 42.743023, 588.0 ], [ 11.381495, 42.74302, 588.0 ], [ 11.381527, 42.743017, 589.0 ], [ 11.381558, 42.743013, 589.0 ], [ 11.38159, 42.743008, 590.0 ], [ 11.38162, 42.743, 590.0 ], [ 11.381652, 42.742992, 591.0 ], [ 11.381683, 42.74298, 591.0 ], [ 11.381712, 42.74297, 591.0 ], [ 11.38174, 42.742962, 591.0 ], [ 11.381768, 42.742952, 591.0 ], [ 11.381798, 42.74294, 592.0 ], [ 11.381825, 42.742928, 592.0 ], [ 11.381852, 42.742915, 592.0 ], [ 11.381878, 42.742903, 592.0 ], [ 11.381902, 42.742892, 592.0 ], [ 11.381927, 42.74288, 592.0 ], [ 11.381955, 42.74287, 592.0 ], [ 11.381982, 42.742858, 592.0 ], [ 11.382008, 42.742845, 592.0 ], [ 11.382033, 42.742833, 593.0 ], [ 11.38206, 42.74282, 593.0 ], [ 11.382087, 42.742808, 593.0 ], [ 11.382113, 42.742795, 594.0 ], [ 11.38214, 42.742783, 595.0 ], [ 11.382165, 42.74277, 595.0 ], [ 11.382192, 42.742758, 595.0 ], [ 11.382217, 42.742747, 596.0 ], [ 11.38224, 42.742735, 596.0 ], [ 11.382263, 42.742722, 596.0 ], [ 11.382288, 42.74271, 597.0 ], [ 11.382313, 42.742697, 597.0 ], [ 11.382337, 42.742685, 598.0 ], [ 11.382362, 42.742673, 598.0 ], [ 11.382383, 42.74266, 598.0 ], [ 11.382408, 42.742647, 599.0 ], [ 11.382433, 42.742633, 599.0 ], [ 11.382458, 42.74262, 599.0 ], [ 11.382487, 42.742608, 599.0 ], [ 11.382515, 42.742597, 599.0 ], [ 11.382543, 42.742585, 599.0 ], [ 11.382572, 42.742575, 600.0 ], [ 11.3826, 42.742565, 600.0 ], [ 11.382628, 42.742555, 601.0 ], [ 11.382657, 42.742545, 601.0 ], [ 11.382687, 42.742537, 601.0 ], [ 11.382717, 42.742528, 602.0 ], [ 11.382747, 42.742522, 602.0 ], [ 11.382773, 42.742512, 602.0 ], [ 11.382802, 42.742502, 602.0 ], [ 11.382832, 42.742495, 603.0 ], [ 11.382863, 42.742487, 603.0 ], [ 11.382893, 42.74248, 603.0 ], [ 11.382923, 42.742472, 604.0 ], [ 11.382953, 42.742465, 604.0 ], [ 11.382983, 42.742457, 604.0 ], [ 11.383015, 42.74245, 604.0 ], [ 11.383047, 42.742445, 604.0 ], [ 11.383078, 42.742442, 605.0 ], [ 11.383112, 42.742438, 605.0 ], [ 11.383143, 42.742435, 605.0 ], [ 11.383173, 42.74243, 605.0 ], [ 11.383207, 42.742427, 605.0 ], [ 11.383238, 42.742425, 605.0 ], [ 11.38327, 42.74242, 605.0 ], [ 11.3833, 42.742417, 605.0 ], [ 11.383328, 42.742415, 606.0 ], [ 11.383358, 42.742412, 606.0 ], [ 11.383388, 42.74241, 606.0 ], [ 11.38342, 42.742407, 606.0 ], [ 11.383452, 42.742405, 606.0 ], [ 11.38348, 42.742403, 606.0 ], [ 11.383507, 42.7424, 605.0 ], [ 11.383535, 42.742398, 605.0 ], [ 11.383563, 42.742397, 606.0 ], [ 11.383592, 42.742395, 606.0 ], [ 11.38362, 42.742395, 606.0 ], [ 11.383648, 42.742395, 606.0 ], [ 11.383675, 42.742395, 606.0 ], [ 11.383702, 42.742393, 606.0 ], [ 11.383727, 42.74239, 606.0 ], [ 11.383772, 42.742387, 605.0 ], [ 11.383813, 42.742385, 605.0 ], [ 11.383857, 42.742382, 605.0 ], [ 11.383893, 42.742372, 605.0 ], [ 11.38391, 42.742358, 605.0 ], [ 11.383932, 42.742353, 605.0 ], [ 11.383957, 42.742362, 605.0 ], [ 11.383985, 42.742373, 606.0 ], [ 11.384017, 42.742383, 606.0 ], [ 11.384057, 42.742378, 606.0 ], [ 11.384083, 42.742372, 605.0 ], [ 11.384115, 42.742367, 605.0 ], [ 11.384152, 42.742358, 605.0 ], [ 11.384192, 42.742352, 605.0 ], [ 11.384228, 42.742343, 605.0 ], [ 11.384267, 42.742333, 605.0 ], [ 11.384302, 42.742323, 605.0 ], [ 11.384338, 42.742318, 605.0 ], [ 11.38438, 42.742312, 605.0 ], [ 11.384423, 42.742303, 605.0 ], [ 11.384468, 42.742297, 605.0 ], [ 11.384517, 42.74229, 605.0 ], [ 11.384562, 42.74228, 605.0 ], [ 11.384608, 42.742268, 605.0 ], [ 11.384652, 42.742258, 605.0 ], [ 11.384693, 42.742248, 606.0 ], [ 11.384733, 42.742237, 606.0 ], [ 11.384768, 42.742222, 606.0 ], [ 11.3848, 42.742208, 606.0 ], [ 11.384833, 42.742197, 607.0 ], [ 11.384867, 42.742187, 607.0 ], [ 11.384898, 42.742173, 607.0 ], [ 11.384932, 42.742162, 607.0 ], [ 11.384965, 42.742148, 608.0 ], [ 11.384998, 42.742132, 608.0 ], [ 11.385028, 42.742113, 608.0 ], [ 11.385058, 42.742092, 609.0 ], [ 11.385092, 42.742072, 609.0 ], [ 11.385127, 42.742052, 609.0 ], [ 11.385162, 42.742032, 609.0 ], [ 11.385198, 42.742012, 609.0 ], [ 11.385233, 42.74199, 609.0 ], [ 11.385268, 42.741968, 609.0 ], [ 11.385303, 42.741945, 609.0 ], [ 11.385338, 42.74192, 609.0 ], [ 11.385372, 42.741897, 609.0 ], [ 11.385405, 42.741872, 609.0 ], [ 11.385438, 42.741847, 609.0 ], [ 11.38547, 42.741822, 609.0 ], [ 11.385498, 42.741793, 609.0 ], [ 11.385527, 42.741767, 610.0 ], [ 11.385555, 42.741738, 610.0 ], [ 11.385582, 42.741712, 610.0 ], [ 11.385603, 42.741683, 610.0 ], [ 11.385627, 42.741657, 610.0 ], [ 11.385652, 42.741627, 610.0 ], [ 11.385675, 42.741597, 610.0 ], [ 11.385698, 42.741567, 611.0 ], [ 11.385723, 42.741535, 611.0 ], [ 11.385748, 42.741502, 611.0 ], [ 11.385775, 42.74147, 611.0 ], [ 11.385802, 42.741437, 611.0 ], [ 11.385828, 42.741405, 611.0 ], [ 11.385857, 42.741375, 611.0 ], [ 11.385887, 42.741345, 611.0 ], [ 11.385917, 42.741317, 611.0 ], [ 11.385947, 42.74129, 612.0 ], [ 11.385977, 42.741263, 612.0 ], [ 11.386007, 42.741238, 612.0 ], [ 11.386037, 42.741213, 612.0 ], [ 11.386068, 42.74119, 612.0 ], [ 11.3861, 42.741167, 612.0 ], [ 11.386132, 42.741145, 613.0 ], [ 11.386162, 42.741122, 613.0 ], [ 11.386195, 42.7411, 613.0 ], [ 11.386227, 42.741078, 614.0 ], [ 11.38626, 42.741058, 614.0 ], [ 11.386297, 42.741042, 614.0 ], [ 11.386335, 42.741022, 614.0 ], [ 11.386375, 42.741002, 615.0 ], [ 11.386415, 42.740982, 615.0 ], [ 11.386453, 42.740963, 615.0 ], [ 11.386493, 42.740945, 615.0 ], [ 11.386532, 42.74093, 615.0 ], [ 11.386568, 42.740915, 615.0 ], [ 11.386605, 42.7409, 615.0 ], [ 11.38667, 42.740872, 616.0 ], [ 11.386697, 42.740857, 616.0 ], [ 11.386725, 42.740842, 616.0 ], [ 11.386755, 42.74083, 616.0 ], [ 11.386785, 42.740817, 616.0 ], [ 11.386817, 42.740803, 616.0 ], [ 11.386847, 42.74079, 616.0 ], [ 11.38688, 42.740777, 617.0 ], [ 11.386917, 42.740763, 617.0 ], [ 11.386955, 42.740748, 617.0 ], [ 11.386993, 42.740735, 618.0 ], [ 11.38703, 42.74072, 618.0 ], [ 11.387067, 42.740705, 618.0 ], [ 11.387103, 42.740692, 619.0 ], [ 11.387138, 42.740677, 620.0 ], [ 11.387172, 42.740662, 621.0 ], [ 11.387205, 42.740647, 621.0 ], [ 11.387238, 42.740632, 621.0 ], [ 11.387275, 42.740618, 621.0 ], [ 11.387312, 42.740602, 621.0 ], [ 11.387345, 42.740585, 621.0 ], [ 11.38738, 42.740568, 621.0 ], [ 11.387415, 42.740552, 621.0 ], [ 11.387447, 42.740538, 622.0 ], [ 11.38748, 42.740525, 622.0 ], [ 11.387512, 42.74051, 622.0 ], [ 11.387545, 42.740495, 623.0 ], [ 11.38758, 42.74048, 623.0 ], [ 11.387617, 42.740465, 623.0 ], [ 11.387652, 42.740448, 624.0 ], [ 11.387688, 42.740433, 625.0 ], [ 11.387722, 42.740418, 625.0 ], [ 11.387755, 42.740403, 625.0 ], [ 11.387787, 42.740388, 626.0 ], [ 11.387817, 42.74037, 626.0 ], [ 11.387848, 42.74035, 627.0 ], [ 11.38788, 42.74033, 628.0 ], [ 11.387913, 42.740312, 628.0 ], [ 11.387947, 42.740293, 628.0 ], [ 11.387978, 42.740275, 628.0 ], [ 11.38801, 42.740257, 628.0 ], [ 11.388042, 42.740238, 628.0 ], [ 11.388075, 42.74022, 628.0 ], [ 11.388107, 42.740203, 628.0 ], [ 11.388137, 42.740185, 628.0 ], [ 11.388167, 42.740165, 629.0 ], [ 11.388195, 42.740148, 629.0 ], [ 11.388223, 42.740128, 630.0 ], [ 11.388252, 42.740112, 630.0 ], [ 11.388277, 42.740093, 630.0 ], [ 11.388302, 42.740078, 630.0 ], [ 11.388325, 42.740063, 631.0 ], [ 11.388348, 42.740048, 632.0 ], [ 11.388368, 42.740033, 632.0 ], [ 11.388388, 42.740018, 632.0 ], [ 11.388408, 42.740005, 633.0 ], [ 11.388427, 42.73999, 633.0 ], [ 11.38844, 42.739972, 633.0 ], [ 11.388453, 42.739953, 634.0 ], [ 11.388467, 42.739933, 634.0 ], [ 11.388477, 42.739913, 634.0 ], [ 11.388487, 42.739892, 634.0 ], [ 11.388492, 42.739872, 634.0 ], [ 11.388493, 42.739853, 634.0 ], [ 11.388488, 42.739823, 634.0 ], [ 11.388502, 42.739785, 634.0 ], [ 11.388507, 42.739762, 634.0 ], [ 11.388508, 42.739735, 634.0 ], [ 11.38851, 42.739712, 634.0 ], [ 11.388513, 42.739688, 634.0 ], [ 11.388513, 42.739667, 634.0 ], [ 11.388512, 42.739645, 634.0 ], [ 11.388508, 42.739625, 634.0 ], [ 11.388505, 42.739603, 634.0 ], [ 11.388502, 42.73958, 634.0 ], [ 11.388498, 42.739553, 634.0 ], [ 11.388497, 42.739525, 634.0 ], [ 11.388492, 42.739497, 634.0 ], [ 11.388472, 42.739435, 634.0 ], [ 11.388462, 42.739402, 633.0 ], [ 11.388453, 42.739368, 633.0 ], [ 11.388445, 42.739333, 633.0 ], [ 11.388442, 42.739295, 633.0 ], [ 11.388442, 42.739255, 633.0 ], [ 11.388447, 42.739215, 633.0 ], [ 11.388457, 42.73917, 632.0 ], [ 11.388475, 42.739127, 632.0 ], [ 11.388502, 42.739082, 632.0 ], [ 11.388537, 42.739038, 632.0 ], [ 11.388577, 42.738998, 631.0 ], [ 11.388622, 42.73896, 631.0 ], [ 11.388672, 42.73893, 631.0 ], [ 11.388718, 42.738902, 631.0 ], [ 11.388767, 42.738882, 631.0 ], [ 11.388822, 42.738867, 631.0 ], [ 11.388875, 42.738855, 631.0 ], [ 11.388927, 42.738845, 631.0 ], [ 11.388977, 42.738837, 631.0 ], [ 11.389025, 42.738832, 631.0 ], [ 11.389072, 42.73883, 631.0 ], [ 11.389118, 42.738827, 631.0 ], [ 11.389162, 42.738823, 631.0 ], [ 11.389207, 42.73882, 632.0 ], [ 11.389252, 42.738812, 632.0 ], [ 11.389297, 42.738802, 632.0 ], [ 11.389342, 42.73879, 632.0 ], [ 11.389387, 42.738778, 633.0 ], [ 11.38943, 42.738763, 633.0 ], [ 11.389473, 42.738747, 633.0 ], [ 11.389513, 42.73873, 633.0 ], [ 11.389552, 42.73871, 633.0 ], [ 11.389587, 42.73869, 633.0 ], [ 11.389622, 42.738665, 633.0 ], [ 11.389652, 42.73864, 633.0 ], [ 11.38968, 42.738613, 633.0 ], [ 11.389705, 42.738585, 633.0 ], [ 11.389728, 42.738557, 633.0 ], [ 11.389747, 42.738527, 633.0 ], [ 11.389767, 42.738495, 633.0 ], [ 11.389788, 42.738462, 633.0 ], [ 11.38981, 42.738427, 633.0 ], [ 11.389837, 42.738387, 633.0 ], [ 11.389868, 42.738345, 633.0 ], [ 11.389907, 42.738303, 633.0 ], [ 11.38995, 42.738265, 633.0 ], [ 11.390002, 42.73823, 633.0 ], [ 11.390053, 42.7382, 632.0 ], [ 11.390107, 42.738175, 632.0 ], [ 11.390157, 42.73815, 631.0 ], [ 11.390203, 42.738122, 631.0 ], [ 11.39025, 42.738093, 631.0 ], [ 11.390297, 42.738065, 630.0 ], [ 11.390345, 42.738033, 630.0 ], [ 11.390392, 42.737997, 629.0 ], [ 11.390437, 42.73796, 629.0 ], [ 11.390487, 42.737922, 628.0 ], [ 11.390537, 42.737885, 627.0 ], [ 11.390588, 42.737847, 626.0 ], [ 11.390642, 42.737807, 626.0 ], [ 11.390698, 42.737772, 626.0 ], [ 11.390758, 42.737738, 625.0 ], [ 11.390823, 42.737707, 625.0 ], [ 11.390893, 42.737675, 625.0 ], [ 11.390967, 42.737642, 625.0 ], [ 11.391037, 42.737605, 625.0 ], [ 11.391105, 42.737567, 625.0 ], [ 11.391168, 42.737522, 625.0 ], [ 11.391233, 42.737477, 624.0 ], [ 11.391297, 42.73743, 624.0 ], [ 11.391362, 42.737387, 624.0 ], [ 11.391427, 42.737343, 623.0 ], [ 11.391487, 42.737298, 623.0 ], [ 11.391542, 42.737255, 623.0 ], [ 11.391593, 42.737212, 623.0 ], [ 11.391647, 42.737167, 623.0 ], [ 11.391698, 42.737123, 622.0 ], [ 11.39175, 42.73708, 622.0 ], [ 11.391805, 42.737035, 622.0 ], [ 11.391858, 42.736988, 622.0 ], [ 11.391963, 42.736893, 621.0 ], [ 11.392013, 42.736845, 621.0 ], [ 11.392063, 42.7368, 619.0 ], [ 11.39211, 42.73676, 619.0 ], [ 11.392153, 42.736725, 619.0 ], [ 11.392197, 42.736697, 619.0 ], [ 11.39224, 42.736672, 618.0 ], [ 11.392287, 42.736652, 619.0 ], [ 11.392337, 42.736632, 618.0 ], [ 11.392388, 42.736617, 618.0 ], [ 11.392447, 42.736603, 617.0 ], [ 11.392507, 42.736597, 617.0 ], [ 11.392572, 42.736597, 617.0 ], [ 11.392638, 42.736598, 617.0 ], [ 11.392712, 42.736602, 617.0 ], [ 11.392792, 42.736608, 616.0 ], [ 11.392878, 42.736617, 616.0 ], [ 11.392972, 42.736625, 616.0 ], [ 11.393068, 42.736633, 615.0 ], [ 11.393168, 42.736643, 614.0 ], [ 11.393268, 42.736652, 613.0 ], [ 11.393363, 42.736658, 612.0 ], [ 11.393455, 42.736663, 612.0 ], [ 11.393542, 42.736665, 612.0 ], [ 11.393622, 42.736667, 612.0 ], [ 11.393693, 42.736665, 612.0 ], [ 11.393758, 42.736662, 612.0 ], [ 11.393813, 42.736653, 612.0 ], [ 11.39385, 42.736648, 612.0 ], [ 11.393875, 42.73665, 612.0 ], [ 11.393912, 42.736642, 612.0 ], [ 11.393938, 42.736625, 612.0 ], [ 11.393968, 42.736607, 612.0 ], [ 11.394002, 42.736583, 613.0 ], [ 11.394043, 42.736563, 613.0 ], [ 11.394088, 42.736543, 613.0 ], [ 11.394133, 42.736525, 613.0 ], [ 11.394173, 42.736507, 613.0 ], [ 11.394212, 42.736488, 613.0 ], [ 11.39425, 42.736465, 613.0 ], [ 11.394287, 42.73644, 613.0 ], [ 11.394322, 42.736413, 613.0 ], [ 11.394353, 42.736387, 613.0 ], [ 11.394385, 42.736357, 613.0 ], [ 11.394415, 42.736327, 613.0 ], [ 11.394443, 42.736298, 613.0 ], [ 11.394465, 42.736267, 612.0 ], [ 11.394483, 42.736235, 612.0 ], [ 11.394498, 42.736202, 612.0 ], [ 11.394513, 42.736168, 612.0 ], [ 11.394533, 42.736137, 612.0 ], [ 11.39455, 42.736105, 611.0 ], [ 11.394558, 42.736072, 612.0 ], [ 11.394567, 42.736033, 612.0 ], [ 11.394572, 42.735995, 611.0 ], [ 11.394573, 42.735955, 611.0 ], [ 11.394573, 42.735913, 611.0 ], [ 11.394568, 42.735868, 610.0 ], [ 11.39456, 42.735827, 610.0 ], [ 11.39455, 42.735787, 610.0 ], [ 11.394533, 42.735745, 609.0 ], [ 11.394508, 42.735703, 609.0 ], [ 11.394482, 42.735662, 609.0 ], [ 11.394452, 42.735622, 609.0 ], [ 11.394422, 42.735582, 608.0 ], [ 11.394392, 42.735543, 607.0 ], [ 11.39436, 42.735508, 607.0 ], [ 11.394323, 42.735477, 607.0 ], [ 11.39424, 42.735412, 606.0 ], [ 11.394188, 42.735383, 606.0 ], [ 11.394133, 42.735357, 606.0 ], [ 11.394073, 42.735332, 604.0 ], [ 11.39401, 42.735307, 602.0 ], [ 11.393945, 42.735287, 602.0 ], [ 11.393878, 42.735268, 602.0 ], [ 11.393808, 42.735252, 601.0 ], [ 11.393735, 42.735233, 601.0 ], [ 11.393658, 42.735215, 600.0 ], [ 11.393577, 42.735195, 599.0 ], [ 11.39349, 42.735173, 599.0 ], [ 11.393395, 42.735148, 599.0 ], [ 11.393292, 42.735123, 599.0 ], [ 11.393183, 42.735095, 597.0 ], [ 11.393073, 42.735068, 597.0 ], [ 11.392963, 42.735038, 596.0 ], [ 11.39286, 42.735008, 595.0 ], [ 11.392763, 42.734975, 594.0 ], [ 11.39267, 42.734945, 593.0 ], [ 11.392583, 42.734918, 593.0 ], [ 11.392502, 42.734892, 593.0 ], [ 11.392425, 42.734868, 593.0 ], [ 11.392353, 42.734845, 593.0 ], [ 11.392282, 42.734825, 593.0 ], [ 11.392215, 42.734805, 593.0 ], [ 11.392148, 42.73479, 594.0 ], [ 11.392087, 42.73477, 594.0 ], [ 11.392023, 42.734752, 594.0 ], [ 11.391958, 42.734733, 594.0 ], [ 11.391892, 42.734713, 594.0 ], [ 11.391823, 42.734695, 594.0 ], [ 11.391753, 42.734675, 594.0 ], [ 11.391683, 42.734655, 594.0 ], [ 11.391612, 42.734633, 594.0 ], [ 11.391542, 42.73461, 594.0 ], [ 11.391472, 42.734588, 593.0 ], [ 11.391403, 42.734567, 593.0 ], [ 11.391335, 42.734545, 593.0 ], [ 11.39127, 42.734525, 593.0 ], [ 11.39121, 42.734505, 593.0 ], [ 11.391153, 42.734485, 594.0 ], [ 11.391098, 42.734465, 594.0 ], [ 11.391047, 42.734443, 595.0 ], [ 11.390998, 42.734422, 595.0 ], [ 11.390952, 42.734398, 596.0 ], [ 11.390907, 42.734373, 596.0 ], [ 11.390863, 42.734348, 597.0 ], [ 11.39082, 42.734322, 597.0 ], [ 11.390783, 42.734293, 597.0 ], [ 11.39075, 42.73426, 598.0 ], [ 11.39072, 42.734225, 599.0 ], [ 11.390695, 42.73419, 599.0 ], [ 11.390677, 42.734153, 599.0 ], [ 11.390663, 42.734117, 600.0 ], [ 11.39065, 42.734083, 601.0 ], [ 11.39064, 42.73405, 601.0 ], [ 11.390633, 42.734018, 602.0 ], [ 11.39063, 42.733987, 603.0 ], [ 11.390628, 42.733955, 603.0 ], [ 11.39063, 42.733922, 603.0 ], [ 11.390632, 42.73389, 603.0 ], [ 11.390635, 42.733858, 603.0 ], [ 11.390638, 42.733823, 603.0 ], [ 11.39064, 42.73379, 603.0 ], [ 11.390642, 42.733753, 603.0 ], [ 11.390642, 42.73372, 604.0 ], [ 11.390642, 42.733687, 604.0 ], [ 11.390642, 42.733657, 604.0 ], [ 11.39064, 42.733625, 604.0 ], [ 11.390638, 42.733593, 604.0 ], [ 11.390635, 42.733563, 604.0 ], [ 11.390632, 42.733532, 604.0 ], [ 11.390628, 42.7335, 604.0 ], [ 11.390623, 42.733467, 604.0 ], [ 11.390623, 42.733432, 604.0 ], [ 11.390623, 42.733393, 604.0 ], [ 11.390627, 42.733353, 603.0 ], [ 11.39063, 42.733315, 603.0 ], [ 11.390638, 42.733232, 603.0 ], [ 11.390643, 42.73319, 603.0 ], [ 11.390653, 42.73315, 603.0 ], [ 11.390663, 42.73311, 603.0 ], [ 11.390678, 42.73307, 602.0 ], [ 11.390697, 42.733028, 601.0 ], [ 11.390717, 42.732988, 601.0 ], [ 11.390738, 42.73295, 601.0 ], [ 11.390763, 42.732912, 600.0 ], [ 11.390793, 42.732877, 599.0 ], [ 11.390827, 42.732842, 599.0 ], [ 11.390862, 42.732805, 598.0 ], [ 11.390898, 42.73277, 598.0 ], [ 11.390935, 42.73273, 597.0 ], [ 11.390968, 42.732687, 597.0 ], [ 11.390998, 42.732642, 596.0 ], [ 11.391027, 42.7326, 595.0 ], [ 11.391052, 42.732555, 594.0 ], [ 11.39107, 42.732507, 594.0 ], [ 11.391088, 42.73246, 593.0 ], [ 11.391102, 42.73241, 592.0 ], [ 11.391113, 42.73236, 591.0 ], [ 11.391118, 42.73231, 591.0 ], [ 11.39112, 42.73226, 590.0 ], [ 11.391115, 42.73221, 589.0 ], [ 11.391108, 42.732162, 588.0 ], [ 11.391097, 42.732117, 588.0 ], [ 11.391078, 42.732072, 587.0 ], [ 11.391057, 42.73203, 586.0 ], [ 11.391032, 42.731988, 586.0 ], [ 11.391008, 42.731948, 585.0 ], [ 11.390985, 42.73191, 585.0 ], [ 11.39096, 42.731872, 584.0 ], [ 11.390933, 42.731833, 583.0 ], [ 11.39091, 42.731793, 583.0 ], [ 11.390883, 42.731752, 582.0 ], [ 11.390855, 42.731708, 582.0 ], [ 11.390827, 42.731662, 581.0 ], [ 11.3908, 42.731615, 580.0 ], [ 11.390773, 42.731565, 580.0 ], [ 11.39075, 42.731513, 579.0 ], [ 11.39073, 42.731462, 578.0 ], [ 11.390717, 42.731412, 577.0 ], [ 11.390708, 42.73136, 577.0 ], [ 11.390703, 42.731307, 577.0 ], [ 11.390703, 42.731252, 577.0 ], [ 11.390707, 42.731198, 577.0 ], [ 11.390713, 42.731142, 577.0 ], [ 11.390718, 42.731085, 576.0 ], [ 11.390727, 42.73103, 576.0 ], [ 11.390733, 42.730975, 576.0 ], [ 11.390745, 42.73092, 576.0 ], [ 11.390757, 42.730868, 576.0 ], [ 11.390765, 42.73082, 576.0 ], [ 11.390772, 42.730772, 576.0 ], [ 11.390782, 42.73073, 576.0 ], [ 11.390792, 42.730687, 576.0 ], [ 11.390805, 42.730647, 575.0 ], [ 11.390815, 42.73061, 576.0 ], [ 11.390825, 42.730573, 576.0 ], [ 11.390835, 42.730537, 576.0 ], [ 11.390845, 42.730498, 576.0 ], [ 11.390858, 42.730462, 576.0 ], [ 11.390872, 42.730422, 576.0 ], [ 11.390888, 42.730385, 576.0 ], [ 11.390905, 42.730347, 577.0 ], [ 11.390922, 42.730307, 577.0 ], [ 11.390937, 42.730268, 577.0 ], [ 11.390952, 42.730228, 577.0 ], [ 11.390967, 42.730188, 577.0 ], [ 11.390985, 42.73015, 577.0 ], [ 11.391, 42.730115, 577.0 ], [ 11.391013, 42.730078, 577.0 ], [ 11.391025, 42.730045, 578.0 ], [ 11.391037, 42.73001, 578.0 ], [ 11.39105, 42.729975, 578.0 ], [ 11.391062, 42.729938, 578.0 ], [ 11.391072, 42.729902, 578.0 ], [ 11.391087, 42.729865, 578.0 ], [ 11.391102, 42.72983, 578.0 ], [ 11.391115, 42.729793, 578.0 ], [ 11.39113, 42.72976, 578.0 ], [ 11.39115, 42.729725, 578.0 ], [ 11.391172, 42.729692, 578.0 ], [ 11.391195, 42.729655, 578.0 ], [ 11.391218, 42.729615, 578.0 ], [ 11.391245, 42.729575, 578.0 ], [ 11.391275, 42.729535, 578.0 ], [ 11.391305, 42.729497, 578.0 ], [ 11.391335, 42.72946, 578.0 ], [ 11.391362, 42.729423, 577.0 ], [ 11.391385, 42.729385, 577.0 ], [ 11.391402, 42.729347, 577.0 ], [ 11.391415, 42.729308, 577.0 ], [ 11.39142, 42.72927, 577.0 ], [ 11.39142, 42.729232, 576.0 ], [ 11.391417, 42.729193, 576.0 ], [ 11.391405, 42.729155, 576.0 ], [ 11.391387, 42.729115, 576.0 ], [ 11.391367, 42.729075, 576.0 ], [ 11.391345, 42.72903, 575.0 ], [ 11.391318, 42.728978, 574.0 ], [ 11.39129, 42.728922, 574.0 ], [ 11.39126, 42.728863, 573.0 ], [ 11.391228, 42.728803, 572.0 ], [ 11.391197, 42.728743, 571.0 ], [ 11.391167, 42.728682, 569.0 ], [ 11.39114, 42.728618, 569.0 ], [ 11.391117, 42.728553, 568.0 ], [ 11.391105, 42.728485, 566.0 ], [ 11.391105, 42.728415, 565.0 ], [ 11.391113, 42.728347, 564.0 ], [ 11.391132, 42.72828, 564.0 ], [ 11.391152, 42.728217, 563.0 ], [ 11.391168, 42.728155, 562.0 ], [ 11.391175, 42.728093, 562.0 ], [ 11.39117, 42.72803, 561.0 ], [ 11.391157, 42.727967, 561.0 ], [ 11.39114, 42.727902, 561.0 ], [ 11.391117, 42.72784, 561.0 ], [ 11.391098, 42.727778, 560.0 ], [ 11.391082, 42.727717, 560.0 ], [ 11.39107, 42.727657, 559.0 ], [ 11.391058, 42.727597, 559.0 ], [ 11.391048, 42.72754, 558.0 ], [ 11.39104, 42.727487, 557.0 ], [ 11.391032, 42.727435, 557.0 ], [ 11.391022, 42.727385, 554.0 ], [ 11.391015, 42.727337, 554.0 ], [ 11.391005, 42.72729, 554.0 ], [ 11.390997, 42.727245, 554.0 ], [ 11.39099, 42.727203, 553.0 ], [ 11.390982, 42.727162, 553.0 ], [ 11.390975, 42.72712, 552.0 ], [ 11.390967, 42.72708, 551.0 ], [ 11.39096, 42.727043, 550.0 ], [ 11.390952, 42.72701, 550.0 ], [ 11.390943, 42.726982, 549.0 ], [ 11.390932, 42.72696, 548.0 ], [ 11.390922, 42.726942, 546.0 ], [ 11.390923, 42.726922, 546.0 ], [ 11.390937, 42.726903, 546.0 ], [ 11.390933, 42.726877, 546.0 ], [ 11.390958232762697, 42.726785889757252, 546.0 ], [ 11.391506862652408, 42.727141804384431, 0.0 ], [ 11.391977116843588, 42.727382569003694, 545.0 ], [ 11.392518621669799, 42.727639034635445, 545.0 ], [ 11.392682498130362, 42.727822223723216, 546.0 ], [ 11.392653997876353, 42.728005412270001, 546.0 ], [ 11.392212243939182, 42.728183366340268, 545.0 ], [ 11.392055492542124, 42.728204302079675, 545.0 ], [ 11.392055492542124, 42.728392723416384, 545.0 ], [ 11.39222649406619, 42.728518337322882, 545.0 ], [ 11.392625497622342, 42.728560208568517, 544.0 ], [ 11.392725248511381, 42.728675354348283, 544.0 ], [ 11.392824999400419, 42.728968451732257, 544.0 ], [ 11.392625497622342, 42.729188273861361, 544.0 ], [ 11.392824999400419, 42.729334821514634, 545.0 ], [ 11.393095751813522, 42.729408095211433, 545.0 ], [ 11.393181252575557, 42.729544174704408, 545.0 ], [ 11.39298175079748, 42.729826800389731, 545.0 ], [ 11.392739498638386, 42.73009895723996, 545.0 ], [ 11.392454496098278, 42.730580462588065, 545.0 ], [ 11.39222649406619, 42.730810746433178, 545.0 ], [ 11.392269244447204, 42.730925888035109, 546.0 ], [ 11.392461621161774, 42.731009627247701, 546.0 ], [ 11.393202627766057, 42.730758409270706, 546.0 ], [ 11.39400063487836, 42.730549060179278, 546.0 ], [ 11.394399638434511, 42.73056999512022, 546.0 ], [ 11.395425647578904, 42.731700471437819, 546.0 ], [ 11.394969643514731, 42.732412242252032, 546.0 ], [ 11.39400063487836, 42.732977466197283, 546.0 ], [ 11.394200136656435, 42.73322867518614, 546.0 ], [ 11.395589524039465, 42.732982699728268, 546.0 ], [ 11.396330530643748, 42.732647752855236, 546.0 ], [ 11.396900535723962, 42.732731489743088, 546.0 ], [ 11.397356539788136, 42.732312804173276, 546.0 ], [ 11.397641542328246, 42.732396541513346, 546.0 ], [ 11.397983545376377, 42.732605884368915, 546.0 ], [ 11.398795802615686, 42.73253784801836, 546.0 ], [ 11.399337307441892, 42.7322447675012, 546.0 ], [ 11.399935812776121, 42.732202898742841, 545.0 ], [ 11.400106814300186, 42.731700471437811, 545.0 ], [ 11.400448817348313, 42.731339349298317, 545.0 ], [ 11.400135314554193, 42.730250736503102, 545.0 ], [ 11.400562818364358, 42.729915774875991, 545.0 ], [ 11.401503326746715, 42.729999515452349, 545.0 ], [ 11.401588827508762, 42.729549408525081, 544.0 ], [ 11.402059081699944, 42.729298184633755, 544.0 ], [ 11.402614836653155, 42.729549408525081, 543.0 ], [ 11.402999590082301, 42.729423796706612, 543.0 ], [ 11.403469844273484, 42.729675020089168, 543.0 ], [ 11.403640845797547, 42.730083255915652, 543.0 ], [ 11.403940098464663, 42.730679903444226, 543.0 ], [ 11.405008857990072, 42.730554293915176, 542.0 ], [ 11.406034867134464, 42.730774110424079, 541.0 ], [ 11.406761623611743, 42.731307947273784, 541.0 ], [ 11.407616631232068, 42.731747574170562, 541.0 ], [ 11.408044135042234, 42.732438410140993, 541.0 ], [ 11.408343387709348, 42.732689621313291, 541.0 ], [ 11.409027393805605, 42.732673920644828, 540.578672925864225 ] ] } },
{ "type": "Feature", "properties": { "name": "05-X3-Murci-Baccinello", "len": 12896 }, "geometry": { "type": "LineString", "coordinates": [ [ 11.412632273916362, 42.734873023954179, 638.5 ], [ 11.412150113827295, 42.738532439154092, 631.0 ], [ 11.411989393797603, 42.741011275143443, 622.75 ], [ 11.410221473471017, 42.742663777414066, 613.75 ], [ 11.409739313381946, 42.744552297505315, 610.75 ], [ 11.408292833114739, 42.745496535977921, 607.75 ], [ 11.407489232966292, 42.746263719146995, 604.25 ], [ 11.406203472728773, 42.746027663798522, 0.0 ], [ 11.405399872580325, 42.746558787068551, 602.5 ], [ 11.404797172468989, 42.746411253283334, 599.5 ], [ 11.404154292350229, 42.746794840394536, 0.0 ], [ 11.404154292350229, 42.747266944349882, 601.75 ], [ 11.40431501237992, 42.748004599582003, 596.75 ], [ 11.404194472357652, 42.748329165103229, 595.25 ], [ 11.403431052216625, 42.748447188170701, 590.25 ], [ 11.40250691204591, 42.748417682677704, 581.0 ], [ 11.402064931964263, 42.748978290794483, 0.0 ], [ 11.402386372023642, 42.749155324215877, 0.0 ], [ 11.402466732038489, 42.749273346047374, 0.0 ], [ 11.402155336980963, 42.749502012706394, 0.0 ], [ 11.40195443694385, 42.749929838383423, 0.0 ], [ 11.401723401901172, 42.750084740055577, 0.0 ], [ 11.40127137681767, 42.750696966685396, 573.0 ], [ 11.401100611786124, 42.750704342872986, 0.0 ], [ 11.401080521782415, 42.75057894756462, 0.0 ], [ 11.400558181685922, 42.75030602748712, 0.0 ], [ 11.39962399651335, 42.750151126367996, 0.0 ], [ 11.398719946346345, 42.749981472317153, 0.0 ], [ 11.397856076186764, 42.749708549608819, 0.0 ], [ 11.397173016060583, 42.749649539135497, 0.0 ], [ 11.395937480832343, 42.749575775964836, 0.0 ], [ 11.395304645715438, 42.74941349668039, 0.0 ], [ 11.3940691104872, 42.749221711523752, 0.0 ], [ 11.393024430294219, 42.749059431312325, 0.0 ], [ 11.392441820186592, 42.748985667439406, 0.0 ], [ 11.391497590012166, 42.749029925773684, 0.0 ], [ 11.391919480090099, 42.748720116710381, 0.0 ], [ 11.391477500008454, 42.748351294508694, 0.0 ], [ 11.391135969945363, 42.748233270921567, 0.0 ], [ 11.390814529885985, 42.747908704898236, 0.0 ], [ 11.39039263980805, 42.747731668169216, 0.0 ], [ 11.390171649767225, 42.747606266846901, 0.0 ], [ 11.389388139622488, 42.747510371546902, 0.0 ], [ 11.389197284587231, 42.747370216610825, 0.0 ], [ 11.388433864446206, 42.747156295307938, 0.0 ], [ 11.387700579310748, 42.746890736801454, 0.0 ], [ 11.387117969203123, 42.746757957121595, 0.0 ], [ 11.386780360014843, 42.746605247095502, 572.75 ], [ 11.386237, 42.746811, 569.75 ], [ 11.385585, 42.747203, 559.5 ], [ 11.383863, 42.747708, 546.0 ], [ 11.383619, 42.747784, 545.5 ], [ 11.382727, 42.748064, 545.5 ], [ 11.381841, 42.748726, 542.75 ], [ 11.38176, 42.748931, 541.75 ], [ 11.381816, 42.749765, 536.25 ], [ 11.381683, 42.749986, 534.0 ], [ 11.381408, 42.750117, 529.5 ], [ 11.380996, 42.750285, 523.25 ], [ 11.380792, 42.750457, 521.5 ], [ 11.38066, 42.750656, 520.5 ], [ 11.380609, 42.751067, 520.0 ], [ 11.380787, 42.751658, 516.5 ], [ 11.380975, 42.752095, 512.0 ], [ 11.38095, 42.75235, 509.75 ], [ 11.380456, 42.752847, 502.5 ], [ 11.379468, 42.753434, 495.5 ], [ 11.379088, 42.753553, 484.5 ], [ 11.378245, 42.753819, 484.5 ], [ 11.378269, 42.753996, 483.75 ], [ 11.378161, 42.75426, 479.0 ], [ 11.37755, 42.755588, 459.25 ], [ 11.377153, 42.755875, 452.0 ], [ 11.376756, 42.756486, 441.0 ], [ 11.37638, 42.756923, 436.5 ], [ 11.375855, 42.757455, 432.5 ], [ 11.375544, 42.757888, 424.0 ], [ 11.375195, 42.757979, 419.25 ], [ 11.374433, 42.758384, 414.75 ], [ 11.373789, 42.758743, 409.75 ], [ 11.373081, 42.759066, 406.25 ], [ 11.372475, 42.759144, 402.0 ], [ 11.371864, 42.759566, 395.0 ], [ 11.371365, 42.759881, 385.0 ], [ 11.371032, 42.759932, 379.5 ], [ 11.370404, 42.759999, 373.75 ], [ 11.369879, 42.760098, 370.5 ], [ 11.369364, 42.760346, 364.5 ], [ 11.36901, 42.760637, 362.0 ], [ 11.369095, 42.761224, 357.5 ], [ 11.369004, 42.761339, 355.25 ], [ 11.368956, 42.761401, 355.25 ], [ 11.36864, 42.761547, 352.0 ], [ 11.368087, 42.761433, 351.25 ], [ 11.367073, 42.761511, 352.25 ], [ 11.366462, 42.761992, 344.75 ], [ 11.365877, 42.762437, 340.25 ], [ 11.36548, 42.762768, 337.0 ], [ 11.365029, 42.762914, 336.5 ], [ 11.364977, 42.762958, 336.0 ], [ 11.364756, 42.76315, 336.0 ], [ 11.364375, 42.763229, 337.25 ], [ 11.363983, 42.763244, 336.5 ], [ 11.363672, 42.763071, 335.0 ], [ 11.363463, 42.76252, 329.25 ], [ 11.363114, 42.762559, 325.5 ], [ 11.362546, 42.762717, 313.5 ], [ 11.362256, 42.762791, 305.5 ], [ 11.362245, 42.762953, 303.75 ], [ 11.362342, 42.763343, 301.75 ], [ 11.362208, 42.763646, 302.25 ], [ 11.362004, 42.763835, 301.75 ], [ 11.361591, 42.764036, 298.75 ], [ 11.361322, 42.764079, 299.0 ], [ 11.360958, 42.7643, 295.25 ], [ 11.360813, 42.764461, 291.25 ], [ 11.360931, 42.764772, 281.5 ], [ 11.360837, 42.764844, 278.25 ], [ 11.360614, 42.765017, 278.25 ], [ 11.360207, 42.765308, 270.5 ], [ 11.359976, 42.765548, 269.75 ], [ 11.359794, 42.765899, 261.0 ], [ 11.359617, 42.76597, 258.5 ], [ 11.359279, 42.766076, 252.75 ], [ 11.35923, 42.766277, 246.75 ], [ 11.359375, 42.766387, 245.25 ], [ 11.359386, 42.766584, 237.75 ], [ 11.359563, 42.766671, 236.0 ], [ 11.359756, 42.766832, 233.5 ], [ 11.359836, 42.766985, 229.5 ], [ 11.359804, 42.767183, 225.25 ], [ 11.359745, 42.767324, 222.5 ], [ 11.359971, 42.767553, 219.0 ], [ 11.359799, 42.767907, 211.0 ], [ 11.359177, 42.768181, 203.0 ], [ 11.358364, 42.768427, 196.5 ], [ 11.357884, 42.768521, 194.25 ], [ 11.357417, 42.76852, 190.0 ], [ 11.357275, 42.768514, 184.75 ], [ 11.356832, 42.768497, 184.75 ], [ 11.355711, 42.769022, 171.0 ], [ 11.35529, 42.769004, 164.0 ], [ 11.354939, 42.768951, 159.5 ], [ 11.354649, 42.769058, 156.5 ], [ 11.354446, 42.769269, 152.5 ], [ 11.35381, 42.769448, 149.75 ], [ 11.35361, 42.769614, 149.25 ], [ 11.353616, 42.76982, 149.0 ], [ 11.353498, 42.770029, 149.25 ], [ 11.353535, 42.77028, 150.0 ], [ 11.353546, 42.770591, 151.25 ], [ 11.35338, 42.770915, 151.75 ], [ 11.353339, 42.771111, 153.25 ], [ 11.353292, 42.771341, 153.25 ], [ 11.352873, 42.771577, 157.0 ], [ 11.351827, 42.771546, 155.25 ], [ 11.351178, 42.771562, 153.5 ], [ 11.350572, 42.771751, 151.0 ], [ 11.350304, 42.772015, 153.5 ], [ 11.3498, 42.772007, 150.25 ], [ 11.349333, 42.772188, 151.0 ], [ 11.348839, 42.772337, 150.0 ], [ 11.348469, 42.772652, 150.5 ], [ 11.348094, 42.77303, 150.5 ], [ 11.347316, 42.773617, 144.5 ], [ 11.347008, 42.773922, 142.5 ], [ 11.346377, 42.77455, 142.5 ], [ 11.34598, 42.774972, 141.25 ], [ 11.345701, 42.775424, 143.25 ], [ 11.345514, 42.775944, 146.25 ], [ 11.345449, 42.776574, 153.25 ], [ 11.345508, 42.776897, 159.0 ], [ 11.345712, 42.777322, 164.5 ], [ 11.345927, 42.777263, 166.75 ], [ 11.346227, 42.777342, 172.0 ], [ 11.346484, 42.7775, 177.25 ], [ 11.346678, 42.777634, 181.0 ], [ 11.34694, 42.7777, 186.0 ], [ 11.347166, 42.777653, 189.5 ], [ 11.347584, 42.77748, 196.25 ], [ 11.348169, 42.777267, 204.25 ], [ 11.348298, 42.777279, 206.25 ], [ 11.348464, 42.77735, 209.25 ], [ 11.348791, 42.777586, 217.75 ], [ 11.349011, 42.777681, 222.75 ], [ 11.349199, 42.777685, 226.0 ], [ 11.34944, 42.77748, 229.5 ], [ 11.349676, 42.77722, 232.0 ], [ 11.349869, 42.777082, 232.75 ], [ 11.349934, 42.777039, 232.5 ], [ 11.350057, 42.777019, 232.5 ], [ 11.350191, 42.777023, 233.0 ], [ 11.350368, 42.777082, 234.5 ], [ 11.35062, 42.777198, 242.75 ], [ 11.351039, 42.777393, 242.75 ], [ 11.351152, 42.777476, 246.25 ], [ 11.351237, 42.777586, 249.5 ], [ 11.351291, 42.777767, 253.5 ], [ 11.351479, 42.777964, 256.75 ], [ 11.352133, 42.778736, 269.5 ], [ 11.352208, 42.778783, 270.5 ], [ 11.352262, 42.778807, 271.0 ], [ 11.352342, 42.778815, 272.25 ], [ 11.352471, 42.778775, 274.75 ], [ 11.353276, 42.778571, 284.75 ], [ 11.353315, 42.778552, 291.75 ], [ 11.354129, 42.778177, 291.75 ], [ 11.354638, 42.777972, 296.75 ], [ 11.355003, 42.777775, 304.75 ], [ 11.355073, 42.77776, 303.25 ], [ 11.355255, 42.77776, 300.5 ], [ 11.355336, 42.777779, 300.0 ], [ 11.35576, 42.777937, 298.25 ], [ 11.355931, 42.777968, 298.0 ], [ 11.356473, 42.777929, 296.0 ], [ 11.356838, 42.77791, 291.25 ], [ 11.356473, 42.777929, 296.0 ], [ 11.356017, 42.778815, 286.5 ], [ 11.355808, 42.779094, 284.75 ], [ 11.355534, 42.779433, 282.5 ], [ 11.355475, 42.779594, 280.0 ], [ 11.355325, 42.780047, 272.5 ], [ 11.355298, 42.780264, 269.75 ], [ 11.355448, 42.780563, 262.25 ], [ 11.355475, 42.780697, 259.25 ], [ 11.355438, 42.78089, 256.25 ], [ 11.355395, 42.781047, 254.75 ], [ 11.355357, 42.781102, 254.5 ], [ 11.35525, 42.781173, 254.75 ], [ 11.355218, 42.781228, 253.75 ], [ 11.355242, 42.781317, 253.0 ], [ 11.355271, 42.781417, 252.25 ], [ 11.35525, 42.781667, 248.25 ], [ 11.355266, 42.781776, 246.25 ], [ 11.35533, 42.781864, 244.5 ], [ 11.355405, 42.781925, 242.75 ], [ 11.355532, 42.781957, 241.75 ], [ 11.355714, 42.781933, 238.75 ], [ 11.356001, 42.78184, 233.75 ], [ 11.356631, 42.78161, 228.0 ], [ 11.356905, 42.781632, 226.5 ], [ 11.35698, 42.781667, 225.75 ], [ 11.357042, 42.781728, 224.75 ], [ 11.357093, 42.781823, 223.75 ], [ 11.357149, 42.782002, 221.75 ], [ 11.35724, 42.782163, 220.25 ], [ 11.357457, 42.782469, 215.25 ], [ 11.357468, 42.782486, 208.0 ], [ 11.357865, 42.783071, 208.0 ], [ 11.357932, 42.783195, 206.5 ], [ 11.357948, 42.783331, 205.25 ], [ 11.357932, 42.783471, 202.75 ], [ 11.357854, 42.783685, 199.75 ], [ 11.357734, 42.783894, 198.0 ], [ 11.357683, 42.784047, 195.5 ], [ 11.357629, 42.784341, 190.5 ], [ 11.357586, 42.784417, 189.0 ], [ 11.357511, 42.784482, 187.25 ], [ 11.357441, 42.784555, 185.25 ], [ 11.357441, 42.784606, 184.25 ], [ 11.357471, 42.784655, 183.75 ], [ 11.357565, 42.784693, 183.75 ], [ 11.357814, 42.78474, 183.25 ], [ 11.358045, 42.784764, 181.75 ], [ 11.358246, 42.784799, 178.0 ], [ 11.358351, 42.78487, 174.25 ], [ 11.358369, 42.784943, 171.75 ], [ 11.358334, 42.785026, 170.0 ], [ 11.358257, 42.785092, 169.0 ], [ 11.358106, 42.785138, 169.0 ], [ 11.357988, 42.785152, 168.75 ], [ 11.357766, 42.785213, 165.5 ], [ 11.357455, 42.785323, 159.25 ], [ 11.357286, 42.785331, 156.0 ], [ 11.357136, 42.785333, 152.75 ], [ 11.356993, 42.785307, 150.0 ], [ 11.356462, 42.785024, 147.5 ], [ 11.356344, 42.785002, 144.75 ], [ 11.356261, 42.785004, 143.0 ], [ 11.356052, 42.785083, 138.5 ], [ 11.355985, 42.785179, 137.0 ], [ 11.355916, 42.785348, 135.5 ], [ 11.355854, 42.785441, 135.5 ], [ 11.355821, 42.785713, 135.25 ], [ 11.355867, 42.786051, 133.5 ], [ 11.355859, 42.786168, 133.25 ], [ 11.355789, 42.786399, 135.25 ], [ 11.356017, 42.78639, 135.0 ], [ 11.356324, 42.786411, 135.0 ], [ 11.356422, 42.786385, 135.0 ], [ 11.356454, 42.786384, 135.0 ], [ 11.35648, 42.786391, 135.0 ], [ 11.356507, 42.786413, 135.0 ], [ 11.356578, 42.786498, 135.75 ], [ 11.356768, 42.786648, 136.75 ], [ 11.356874, 42.786692, 137.0 ], [ 11.357197, 42.786771, 137.25 ], [ 11.357333, 42.78681, 137.5 ], [ 11.357398, 42.786842, 138.0 ], [ 11.357514, 42.786965, 139.0 ], [ 11.357621, 42.787018, 139.75 ], [ 11.35787, 42.787045, 140.0 ], [ 11.358136, 42.787117, 140.25 ], [ 11.358215, 42.787133, 140.25 ], [ 11.358296, 42.787161, 140.0 ], [ 11.358423, 42.787189, 140.0 ], [ 11.358593, 42.787187, 140.0 ], [ 11.35868, 42.787202, 140.0 ], [ 11.358766, 42.787252, 140.5 ], [ 11.358835, 42.787323, 140.75 ], [ 11.358988, 42.787371, 141.0 ], [ 11.359083, 42.787389, 141.25 ], [ 11.359237, 42.787348, 141.25 ], [ 11.35932, 42.787348, 141.25 ], [ 11.359406, 42.787363, 141.5 ], [ 11.359532, 42.787418, 142.0 ], [ 11.359823, 42.787531, 143.0 ], [ 11.359945, 42.787587, 143.0 ], [ 11.35998, 42.787616, 143.0 ], [ 11.359997, 42.787671, 143.0 ], [ 11.360044, 42.787656, 143.0 ], [ 11.360148, 42.787657, 143.0 ], [ 11.360303, 42.787685, 143.0 ], [ 11.360437, 42.787718, 143.75 ], [ 11.360547, 42.787764, 144.75 ], [ 11.360652, 42.787795, 145.5 ], [ 11.360706, 42.787797, 145.5 ], [ 11.360789, 42.787776, 145.75 ], [ 11.36084, 42.787722, 145.5 ], [ 11.360872, 42.787636, 145.0 ], [ 11.360952, 42.787484, 144.25 ], [ 11.361035, 42.78739, 144.0 ], [ 11.361148, 42.787311, 143.5 ], [ 11.361241, 42.787255, 142.75 ], [ 11.36143, 42.787272, 142.5 ], [ 11.361529, 42.787309, 143.0 ], [ 11.361677, 42.787413, 143.5 ], [ 11.362017, 42.787854, 144.75 ], [ 11.36211, 42.787957, 144.5 ], [ 11.362139, 42.788015, 144.25 ], [ 11.362141, 42.788045, 144.25 ], [ 11.362104, 42.78809, 144.5 ], [ 11.362104, 42.788226, 145.0 ], [ 11.362099, 42.788291, 145.25 ], [ 11.362035, 42.788529, 145.5 ], [ 11.362032, 42.788587, 145.5 ], [ 11.362048, 42.788633, 145.5 ], [ 11.362098, 42.788701, 145.75 ], [ 11.36211, 42.78879, 146.0 ], [ 11.362027, 42.788977, 147.0 ], [ 11.362027, 42.789053, 147.25 ], [ 11.362043, 42.789109, 147.25 ], [ 11.362183, 42.789269, 147.75 ], [ 11.362241, 42.789381, 148.25 ], [ 11.362328, 42.789403, 148.25 ], [ 11.362482, 42.789501, 148.25 ], [ 11.362869, 42.789747, 149.25 ], [ 11.363304, 42.790077, 150.0 ] ] } },
{ "type": "Feature", "properties": { "name": "06-X4-Baccinello-Cana", "len": 10027 }, "geometry": { "type": "LineString", "coordinates": [ [ 11.364039, 42.790847, 154.634457 ], [ 11.363657, 42.790821, 154.634457 ], [ 11.363625, 42.790867, 154.634457 ], [ 11.363528, 42.790884, 154.634457 ], [ 11.363295, 42.791165, 154.634457 ], [ 11.363266, 42.791201, 154.634457 ], [ 11.363223, 42.791386, 154.975439 ], [ 11.363278, 42.791589, 156.053516 ], [ 11.363456, 42.792034, 158.469212 ], [ 11.363557, 42.792399, 160.409213 ], [ 11.363644, 42.792581, 161.413842 ], [ 11.363745, 42.792793, 162.583639 ], [ 11.364147, 42.793623, 165.278841 ], [ 11.364184, 42.79373, 165.510328 ], [ 11.364178, 42.793955, 165.982238 ], [ 11.364259, 42.794033, 166.187879 ], [ 11.364182, 42.794115, 166.3967 ], [ 11.364121, 42.794373, 166.945802 ], [ 11.363988, 42.794577, 167.420019 ], [ 11.36405, 42.794821, 167.900739 ], [ 11.363892, 42.794973, 168.205373 ], [ 11.363774, 42.795388, 168.880928 ], [ 11.363905, 42.795482, 169.095174 ], [ 11.364199, 42.795561, 169.461274 ], [ 11.364166, 42.795613, 169.552681 ], [ 11.363893, 42.795631, 169.873187 ], [ 11.364018, 42.796113, 170.672712 ], [ 11.363616, 42.796194, 171.776291 ], [ 11.363432, 42.796461, 172.855692 ], [ 11.36351, 42.796669, 173.63398 ], [ 11.363473, 42.796898, 174.465925 ], [ 11.363212, 42.797155, 175.62222 ], [ 11.363318, 42.797387, 176.504986 ], [ 11.363753, 42.797524, 178.519602 ], [ 11.363932, 42.79754, 179.575693 ], [ 11.364013, 42.797796, 181.673356 ], [ 11.364493, 42.798036, 185.07516 ], [ 11.364933, 42.798128, 187.754648 ], [ 11.364842, 42.798376, 189.804602 ], [ 11.365233, 42.798947, 197.644025 ], [ 11.365587, 42.799805, 210.531541 ], [ 11.366048, 42.799817, 215.397323 ], [ 11.366467, 42.799982, 221.530751 ], [ 11.36659, 42.800124, 224.830078 ], [ 11.36762, 42.800537, 241.71819 ], [ 11.368849, 42.800545, 256.684217 ], [ 11.368937, 42.800626, 257.902262 ], [ 11.368535, 42.801085, 264.317882 ], [ 11.368526, 42.801676, 271.267782 ], [ 11.369312, 42.801482, 275.657156 ], [ 11.370089, 42.801454, 278.384739 ], [ 11.371639, 42.801744, 281.377413 ], [ 11.37221, 42.80187, 280.121436 ], [ 11.372677, 42.801819, 279.126909 ], [ 11.372892, 42.801737, 278.616499 ], [ 11.373098, 42.801477, 277.753103 ], [ 11.373152, 42.801347, 277.362937 ], [ 11.373185, 42.801155, 276.710737 ], [ 11.373164, 42.800993, 276.127223 ], [ 11.373217, 42.800941, 275.894391 ], [ 11.373467, 42.800956, 275.234461 ], [ 11.374009, 42.800779, 273.673626 ], [ 11.374159, 42.800764, 273.275336 ], [ 11.374446, 42.800821, 272.493081 ], [ 11.374669, 42.80095, 271.745966 ], [ 11.37479, 42.80106, 271.239094 ], [ 11.37488, 42.80123, 270.764917 ], [ 11.374881, 42.801634, 270.936311 ], [ 11.374975, 42.801736, 270.988548 ], [ 11.37513, 42.802045, 271.128235 ], [ 11.37527, 42.802145, 271.189053 ], [ 11.375324, 42.802216, 271.223547 ], [ 11.375401, 42.802523, 271.355976 ], [ 11.375385, 42.80283, 271.486313 ], [ 11.375249, 42.803479, 273.737424 ], [ 11.375258, 42.803762, 274.78314 ], [ 11.375528, 42.804156, 276.412224 ], [ 11.375644, 42.804449, 277.539332 ], [ 11.375766, 42.804702, 278.778077 ], [ 11.375868, 42.804831, 279.690125 ], [ 11.376181, 42.805107, 281.885871 ], [ 11.376345, 42.805188, 282.772912 ], [ 11.376606, 42.805259, 284.021877 ], [ 11.376933, 42.805292, 285.502879 ], [ 11.377228, 42.805287, 286.826841 ], [ 11.377825, 42.805359, 289.442524 ], [ 11.377952, 42.805414, 289.935706 ], [ 11.378067, 42.805495, 290.468827 ], [ 11.378282, 42.805802, 292.042089 ], [ 11.378722, 42.806148, 294.199032 ], [ 11.379532, 42.806695, 297.521752 ], [ 11.379641, 42.806858, 297.787932 ], [ 11.379685, 42.807027, 298.040179 ], [ 11.379685, 42.807313, 298.459478 ], [ 11.379795, 42.807669, 298.994645 ], [ 11.38006, 42.809436, 298.81703 ], [ 11.380508, 42.809967, 298.151764 ], [ 11.38101, 42.810231, 298.812849 ], [ 11.38131, 42.810589, 299.634497 ], [ 11.381555, 42.810773, 300.137404 ], [ 11.382113, 42.811079, 301.136666 ], [ 11.382392, 42.811189, 301.593779 ], [ 11.382708, 42.811254, 302.790576 ], [ 11.383281, 42.811498, 305.206642 ], [ 11.384027, 42.811776, 308.257932 ], [ 11.384572, 42.811866, 310.295092 ], [ 11.384743, 42.811939, 311.023998 ], [ 11.385044, 42.81214, 312.530961 ], [ 11.385248, 42.812218, 313.382667 ], [ 11.385539, 42.812244, 314.468001 ], [ 11.385897, 42.812183, 315.828714 ], [ 11.386045, 42.812209, 316.392149 ], [ 11.386136, 42.812301, 316.965817 ], [ 11.386109, 42.812496, 317.955022 ], [ 11.386192, 42.812647, 318.776722 ], [ 11.386642, 42.813104, 320.387932 ], [ 11.386849, 42.813218, 320.759139 ], [ 11.387299, 42.813274, 321.413706 ], [ 11.387643, 42.813403, 321.967759 ], [ 11.388134, 42.813716, 322.900625 ], [ 11.38849, 42.813883, 322.917329 ], [ 11.388702, 42.813952, 322.737715 ], [ 11.389131, 42.813904, 322.40164 ], [ 11.389522, 42.814006, 322.080258 ], [ 11.389785, 42.81408, 321.862113 ], [ 11.389939, 42.814257, 321.640436 ], [ 11.390089, 42.814495, 321.363622 ], [ 11.390349, 42.814808, 320.161261 ], [ 11.390489, 42.814934, 319.42643 ], [ 11.3912, 42.815209, 316.761009 ], [ 11.391935, 42.815563, 313.845272 ], [ 11.393276, 42.815908, 305.979488 ], [ 11.393533, 42.815949, 304.413066 ], [ 11.393884, 42.8159, 302.285058 ], [ 11.394131, 42.81577, 300.474483 ], [ 11.39434, 42.815607, 298.657635 ], [ 11.394649, 42.815459, 297.005063 ], [ 11.395247, 42.815364, 294.339512 ], [ 11.395494, 42.815378, 293.260261 ], [ 11.396084, 42.815532, 290.532086 ], [ 11.396234, 42.815591, 289.790605 ], [ 11.396368, 42.815685, 288.982876 ], [ 11.396489, 42.815813, 288.057817 ], [ 11.396631, 42.81587, 287.619407 ], [ 11.397122, 42.815868, 286.731966 ], [ 11.399973, 42.816336, 283.450969 ], [ 11.400322, 42.816474, 283.478559 ], [ 11.400748, 42.816738, 283.517366 ], [ 11.401779, 42.817204, 285.099451 ], [ 11.402702, 42.817534, 287.146899 ], [ 11.403516, 42.817667, 288.080097 ], [ 11.403739, 42.817727, 287.626932 ], [ 11.403802, 42.817618, 287.319005 ], [ 11.403852, 42.817139, 286.069514 ], [ 11.404096, 42.816877, 285.244245 ], [ 11.404146, 42.816773, 284.957421 ], [ 11.404283, 42.815876, 279.708572 ], [ 11.404462, 42.815141, 272.863023 ], [ 11.40472, 42.814543, 267.13044 ], [ 11.404822, 42.814404, 265.852549 ], [ 11.404895, 42.814359, 265.286319 ], [ 11.404986, 42.814363, 264.744968 ], [ 11.405193, 42.814414, 263.448269 ], [ 11.405619, 42.814566, 260.635194 ], [ 11.405952, 42.814642, 258.564263 ], [ 11.406172, 42.814638, 257.25745 ], [ 11.406877, 42.81451, 252.944664 ], [ 11.407738, 42.814267, 250.982395 ], [ 11.408154, 42.814124, 250.084397 ], [ 11.408403, 42.814017, 249.52032 ], [ 11.408543, 42.813871, 249.044675 ], [ 11.409302, 42.812502, 247.916689 ], [ 11.409551, 42.812096, 247.917462 ], [ 11.409764, 42.811642, 248.608056 ], [ 11.410042, 42.810688, 252.336035 ], [ 11.410056, 42.810471, 253.166206 ], [ 11.409911, 42.809987, 255.618805 ], [ 11.409901, 42.809803, 257.786752 ], [ 11.410403, 42.808975, 268.455501 ], [ 11.410725, 42.808234, 277.913478 ], [ 11.410829, 42.807808, 283.942712 ], [ 11.411252, 42.807026, 295.663597 ], [ 11.411299, 42.806978, 296.486964 ], [ 11.412225, 42.806508, 309.988058 ], [ 11.41262, 42.806215, 317.370119 ], [ 11.413006, 42.806059, 323.161726 ], [ 11.413424, 42.805748, 330.985629 ], [ 11.413556, 42.805616, 333.935427 ], [ 11.413741, 42.805278, 340.625847 ], [ 11.413854, 42.805166, 343.185412 ], [ 11.414771, 42.804676, 358.473563 ], [ 11.41524, 42.804269, 368.09975 ], [ 11.415508, 42.803914, 374.938665 ], [ 11.415659, 42.803641, 379.903719 ], [ 11.415752, 42.80354, 381.957807 ], [ 11.415857, 42.803462, 383.805318 ], [ 11.416031, 42.803391, 386.267046 ], [ 11.416268, 42.803361, 389.240681 ], [ 11.416503, 42.803385, 392.174309 ], [ 11.416726, 42.803446, 395.116949 ], [ 11.417297, 42.803818, 404.288185 ], [ 11.417458, 42.803863, 406.346072 ], [ 11.417609, 42.803883, 408.178847 ], [ 11.417853, 42.803745, 411.858737 ], [ 11.418124, 42.80371, 415.145475 ], [ 11.418217, 42.803727, 416.290275 ], [ 11.418239, 42.803771, 417.053281 ], [ 11.418201, 42.80393, 419.681322 ], [ 11.418263, 42.804017, 421.279616 ], [ 11.418419, 42.80403, 423.154936 ], [ 11.418907, 42.804015, 428.855355 ], [ 11.419475, 42.803879, 435.685744 ], [ 11.41987, 42.80381, 440.327602 ], [ 11.420387, 42.803788, 446.247873 ], [ 11.420916, 42.803722, 452.382215 ], [ 11.421345, 42.803598, 455.906937 ], [ 11.4215, 42.803529, 457.014853 ], [ 11.421686, 42.803385, 458.667275 ], [ 11.421787, 42.803265, 459.841982 ], [ 11.421983, 42.803147, 461.391364 ], [ 11.422689, 42.802572, 467.837356 ], [ 11.422777, 42.802557, 468.389452 ], [ 11.423008, 42.802651, 469.399075 ], [ 11.424322, 42.802978, 473.306606 ], [ 11.424432, 42.802989, 473.619249 ], [ 11.424596, 42.802962, 474.092586 ], [ 11.424904, 42.802859, 475.045819 ], [ 11.425315, 42.802637, 476.855161 ], [ 11.425475, 42.802405, 478.385907 ], [ 11.425872, 42.802, 481.322878 ], [ 11.425961, 42.801954, 481.793126 ], [ 11.426079, 42.801946, 482.305002 ], [ 11.426921, 42.802013, 485.963372 ], [ 11.427617, 42.801727, 485.76107 ], [ 11.427735, 42.801702, 485.653677 ], [ 11.428726, 42.801687, 484.786978 ], [ 11.429402, 42.801803, 484.117559 ], [ 11.429484, 42.801797, 483.958681 ], [ 11.429542, 42.801591, 483.405945 ], [ 11.429514, 42.801416, 482.94294 ], [ 11.429443, 42.801343, 482.707284 ], [ 11.428927, 42.801039, 481.431422 ], [ 11.428923, 42.80094, 481.171165 ], [ 11.429346, 42.800698, 480.137006 ], [ 11.429421, 42.800637, 479.921131 ], [ 11.429459, 42.80057, 479.730439 ], [ 11.429446, 42.800523, 479.60442 ], [ 11.429406, 42.800461, 479.691507 ], [ 11.429213, 42.800327, 480.864829 ], [ 11.429059, 42.800165, 482.053524 ], [ 11.428668, 42.799597, 485.883209 ], [ 11.42808, 42.798889, 490.494875 ], [ 11.428026, 42.798697, 490.852865 ], [ 11.427951, 42.798561, 491.120769 ], [ 11.427569, 42.79806, 492.169067 ], [ 11.427481, 42.797877, 492.523427 ], [ 11.427098, 42.797137, 492.39074 ], [ 11.426692, 42.79663, 488.681061 ], [ 11.426413, 42.796485, 487.098449 ], [ 11.42583, 42.79635, 484.268561 ], [ 11.425587, 42.796281, 483.062431 ], [ 11.424979, 42.796055, 482.267914 ], [ 11.424441, 42.795915, 482.267914 ], [ 11.424412, 42.795882, 482.267914 ], [ 11.424413, 42.795868, 482.267914 ], [ 11.42448, 42.7958, 482.267914 ], [ 11.424547, 42.795786, 482.267914 ], [ 11.424641, 42.795832, 482.267914 ] ] } },
{ "type": "Feature", "properties": { "name": "07-X5-Cana-Roccalbegna", "len": 11607 }, "geometry": { "type": "LineString", "coordinates": [ [ 11.424641, 42.795832, 481.235753 ], [ 11.424547, 42.795786, 481.235753 ], [ 11.42448, 42.7958, 481.235753 ], [ 11.424413, 42.795868, 481.235753 ], [ 11.424412, 42.795882, 481.235753 ], [ 11.424441, 42.795915, 481.235753 ], [ 11.424979, 42.796055, 481.235753 ], [ 11.425587, 42.796281, 483.321288 ], [ 11.42583, 42.79635, 484.692114 ], [ 11.426413, 42.796485, 487.908423 ], [ 11.426692, 42.79663, 489.70714 ], [ 11.427098, 42.797137, 493.923374 ], [ 11.427342, 42.79712, 495.664577 ], [ 11.428013, 42.797157, 500.684056 ], [ 11.428651, 42.797227, 505.496161 ], [ 11.4288, 42.797195, 506.654264 ], [ 11.429012, 42.797254, 508.345615 ], [ 11.429212, 42.797392, 510.393541 ], [ 11.429876, 42.797682, 516.645031 ], [ 11.430075, 42.797733, 518.422278 ], [ 11.430778, 42.797778, 524.372062 ], [ 11.431473, 42.797786, 530.232602 ], [ 11.431811, 42.797747, 533.082413 ], [ 11.431999, 42.797676, 532.94878 ], [ 11.43217, 42.79764, 532.836346 ], [ 11.432464, 42.797622, 532.649888 ], [ 11.432964, 42.797703, 532.326271 ], [ 11.433458, 42.797841, 531.992196 ], [ 11.434219, 42.79817, 531.469153 ], [ 11.434698, 42.798258, 531.265114 ], [ 11.435068, 42.79838, 531.097497 ], [ 11.435553, 42.798509, 530.884329 ], [ 11.435829, 42.798602, 530.758832 ], [ 11.436113, 42.798619, 530.64109 ], [ 11.43627, 42.798605, 530.575738 ], [ 11.4365, 42.798542, 530.989622 ], [ 11.436659, 42.798464, 531.751852 ], [ 11.436773, 42.79839, 532.358439 ], [ 11.436887, 42.798268, 533.161857 ], [ 11.437667, 42.797198, 539.752551 ], [ 11.437841, 42.796997, 541.241605 ], [ 11.438197, 42.796709, 543.901567 ], [ 11.439077, 42.796126, 549.853123 ], [ 11.439293, 42.796009, 551.20084 ], [ 11.439479, 42.795947, 552.226359 ], [ 11.439699, 42.795925, 553.276967 ], [ 11.439896, 42.795932, 554.181956 ], [ 11.440059, 42.795971, 554.968634 ], [ 11.441114, 42.796377, 560.434812 ], [ 11.441314, 42.796427, 561.404301 ], [ 11.441711, 42.796464, 563.240545 ], [ 11.441959, 42.796441, 564.200276 ], [ 11.442163, 42.796383, 564.858378 ], [ 11.442331, 42.796317, 565.431607 ], [ 11.442505, 42.796212, 566.109277 ], [ 11.443666, 42.79516, 571.449555 ], [ 11.445241, 42.793706, 575.252559 ], [ 11.446178, 42.792704, 576.388969 ], [ 11.446587, 42.792259, 576.668948 ], [ 11.446697, 42.792175, 576.561902 ], [ 11.44689, 42.79209, 576.410126 ], [ 11.447083, 42.792074, 576.279161 ], [ 11.447274, 42.792098, 576.148498 ], [ 11.448567, 42.792531, 575.190157 ], [ 11.448709, 42.792622, 575.063803 ], [ 11.449162, 42.793023, 574.590995 ], [ 11.449332, 42.793146, 574.43197 ], [ 11.449462, 42.793204, 574.330628 ], [ 11.449661, 42.793228, 574.196295 ], [ 11.44991, 42.793208, 574.029444 ], [ 11.450876, 42.793023, 572.649442 ], [ 11.451049, 42.793021, 571.896006 ], [ 11.451384, 42.79308, 570.395795 ], [ 11.451517, 42.793144, 569.703218 ], [ 11.451639, 42.79324, 568.924262 ], [ 11.451769, 42.793402, 567.808631 ], [ 11.451984, 42.793454, 566.82286 ], [ 11.452086, 42.793534, 566.17274 ], [ 11.452255, 42.793575, 565.397646 ], [ 11.45243, 42.793543, 564.612297 ], [ 11.452705, 42.793397, 563.134244 ], [ 11.453267, 42.7932, 559.831725 ], [ 11.453348, 42.79315, 559.257327 ], [ 11.453708, 42.792758, 555.761588 ], [ 11.453786, 42.7926, 554.518845 ], [ 11.453767, 42.792407, 553.08786 ], [ 11.4538, 42.792366, 552.735721 ], [ 11.453843, 42.792335, 552.408601 ], [ 11.454323, 42.792263, 549.749911 ], [ 11.454674, 42.79214, 547.597515 ], [ 11.455712, 42.791941, 541.64673 ], [ 11.456024, 42.791824, 539.703263 ], [ 11.456255, 42.791694, 538.088544 ], [ 11.456417, 42.791632, 537.075099 ], [ 11.456892, 42.791508, 534.222309 ], [ 11.457398, 42.79147, 531.304374 ], [ 11.458206, 42.791036, 525.560091 ], [ 11.45835, 42.791016, 524.719333 ], [ 11.45841, 42.791034, 524.347476 ], [ 11.458453, 42.791077, 523.930524 ], [ 11.458459, 42.791157, 523.304179 ], [ 11.458198, 42.791689, 519.391147 ], [ 11.458027, 42.792122, 516.466997 ], [ 11.45798, 42.792177, 516.045906 ], [ 11.45778, 42.792251, 514.979779 ], [ 11.457081, 42.792364, 511.572889 ], [ 11.456986, 42.792395, 511.078015 ], [ 11.45693, 42.792442, 510.673062 ], [ 11.456908, 42.792504, 510.257498 ], [ 11.456973, 42.792634, 509.112565 ], [ 11.457634, 42.793113, 503.386712 ], [ 11.457666, 42.793169, 502.876669 ], [ 11.457675, 42.793281, 501.934306 ], [ 11.457451, 42.793682, 498.294177 ], [ 11.457439, 42.793737, 497.826329 ], [ 11.457479, 42.793829, 497.015212 ], [ 11.457606, 42.793838, 496.228808 ], [ 11.457988, 42.79374, 493.443361 ], [ 11.458492, 42.793661, 489.583516 ], [ 11.459805, 42.793566, 479.702153 ], [ 11.460663, 42.793721, 475.488857 ], [ 11.462011, 42.793706, 472.049815 ], [ 11.462372, 42.793697, 471.1284 ], [ 11.462431, 42.793693, 470.977254 ], [ 11.462553, 42.793635, 470.606435 ], [ 11.463068, 42.793269, 473.70717 ], [ 11.463348, 42.793001, 475.936026 ], [ 11.46362, 42.792668, 478.498439 ], [ 11.463688, 42.792629, 478.916439 ], [ 11.463756, 42.792623, 479.248154 ], [ 11.463819, 42.792649, 479.598226 ], [ 11.463842, 42.792709, 480.009602 ], [ 11.463682, 42.793079, 482.748489 ], [ 11.463635, 42.793355, 486.045792 ], [ 11.463729, 42.793595, 489.00606 ], [ 11.463812, 42.79371, 490.548725 ], [ 11.463885, 42.79378, 491.593641 ], [ 11.463992, 42.793818, 492.627703 ], [ 11.464135, 42.793816, 493.871873 ], [ 11.464284, 42.793768, 495.287414 ], [ 11.464626, 42.793361, 500.955709 ], [ 11.464876, 42.793187, 503.969254 ], [ 11.465007, 42.793126, 505.396466 ], [ 11.465195, 42.793078, 507.227565 ], [ 11.465451, 42.793061, 509.592128 ], [ 11.465774, 42.793151, 512.77039 ], [ 11.465996, 42.793159, 514.815023 ], [ 11.466568, 42.793085, 520.157985 ], [ 11.466952, 42.792953, 524.058767 ], [ 11.467052, 42.792963, 524.987169 ], [ 11.467172, 42.793041, 526.413298 ], [ 11.467337, 42.793197, 528.393556 ], [ 11.467452, 42.793237, 529.330047 ], [ 11.467519, 42.793197, 529.965634 ], [ 11.467511, 42.793088, 531.060262 ], [ 11.46744, 42.7928, 533.995184 ], [ 11.467274, 42.792479, 537.438133 ], [ 11.467306, 42.792415, 538.121757 ], [ 11.467419, 42.792393, 538.982058 ], [ 11.467486, 42.792413, 539.514322 ], [ 11.467625, 42.792512, 540.939741 ], [ 11.467878, 42.792799, 544.363721 ], [ 11.467989, 42.79287, 545.411231 ], [ 11.468203, 42.792953, 547.133149 ], [ 11.468807, 42.793354, 552.927454 ], [ 11.469211, 42.793767, 557.855908 ], [ 11.469367, 42.793814, 559.055544 ], [ 11.469474, 42.793801, 559.827075 ], [ 11.469598, 42.793744, 560.867961 ], [ 11.469142, 42.793388, 563.952007 ], [ 11.469183, 42.793187, 565.090044 ], [ 11.469361, 42.792968, 566.517884 ], [ 11.469393, 42.792864, 567.114891 ], [ 11.469394, 42.792703, 568.016419 ], [ 11.469298, 42.792518, 569.124889 ], [ 11.469383, 42.792535, 569.486894 ], [ 11.469678, 42.792529, 570.699518 ], [ 11.469896, 42.792667, 571.952508 ], [ 11.469899, 42.792716, 572.389331 ], [ 11.470136, 42.792938, 574.900852 ], [ 11.470206, 42.793078, 576.228933 ], [ 11.470312, 42.793242, 577.845429 ], [ 11.470478, 42.79335, 579.295244 ], [ 11.470718, 42.79346, 581.144474 ], [ 11.471187, 42.793899, 586.112288 ], [ 11.472119, 42.794432, 593.967117 ], [ 11.472363, 42.794271, 596.15861 ], [ 11.472469, 42.794267, 596.867472 ], [ 11.472511, 42.794226, 597.334296 ], [ 11.472548, 42.794276, 597.852127 ], [ 11.472536, 42.794304, 598.11927 ], [ 11.472363, 42.794485, 600.1314 ], [ 11.47242, 42.79455, 600.834885 ], [ 11.472694, 42.794625, 602.787968 ], [ 11.473083, 42.794675, 605.637217 ], [ 11.473609, 42.794799, 609.940659 ], [ 11.473791, 42.794868, 611.536352 ], [ 11.473968, 42.795054, 613.944504 ], [ 11.47425, 42.795239, 616.890945 ], [ 11.474494, 42.795311, 618.939448 ], [ 11.474732, 42.795426, 621.159125 ], [ 11.474913, 42.795473, 622.654654 ], [ 11.475178, 42.795494, 624.654263 ], [ 11.475324, 42.795533, 625.802141 ], [ 11.475664, 42.795705, 628.85311 ], [ 11.475822, 42.795743, 630.081491 ], [ 11.476325, 42.796066, 635.019604 ], [ 11.476774, 42.796311, 639.153362 ], [ 11.477036, 42.796491, 641.944355 ], [ 11.477298, 42.796611, 644.932159 ], [ 11.477962, 42.797074, 653.793381 ], [ 11.478161, 42.797347, 657.87507 ], [ 11.478343, 42.797471, 660.27765 ], [ 11.479342, 42.798292, 671.759044 ], [ 11.479576, 42.798372, 673.478156 ], [ 11.480242, 42.798704, 678.839924 ], [ 11.480747, 42.798869, 681.149158 ], [ 11.481102, 42.798561, 680.364325 ], [ 11.481614, 42.79841, 679.57655 ], [ 11.48177, 42.798302, 679.270356 ], [ 11.481737, 42.797934, 678.552807 ], [ 11.482135, 42.797713, 677.898314 ], [ 11.482497, 42.797546, 677.97506 ], [ 11.483022, 42.796896, 678.159877 ], [ 11.48314, 42.796853, 678.183524 ], [ 11.483532, 42.796798, 678.255156 ], [ 11.483709, 42.796682, 678.297751 ], [ 11.483838, 42.796534, 678.451178 ], [ 11.484436, 42.796337, 680.022636 ], [ 11.48457, 42.795731, 682.028414 ], [ 11.485874, 42.795371, 684.536826 ], [ 11.486126, 42.795009, 684.912963 ], [ 11.48637, 42.794751, 685.20355 ], [ 11.486354, 42.794515, 685.422196 ], [ 11.486407, 42.794326, 685.600745 ], [ 11.486563, 42.794273, 685.717471 ], [ 11.487008, 42.794049, 687.057581 ], [ 11.487172, 42.793913, 687.999721 ], [ 11.487212, 42.793856, 688.332342 ], [ 11.487299, 42.793461, 690.408194 ], [ 11.487338, 42.793433, 690.615909 ], [ 11.487392, 42.793426, 690.82467 ], [ 11.488022, 42.793701, 693.615332 ], [ 11.488617, 42.793827, 695.726062 ], [ 11.488773, 42.793883, 696.174983 ], [ 11.488894, 42.793805, 696.591314 ], [ 11.489069, 42.793511, 697.721473 ], [ 11.489384, 42.793297, 698.83113 ], [ 11.489722, 42.793133, 699.878586 ], [ 11.489808, 42.792901, 700.725549 ], [ 11.48976, 42.792517, 701.814152 ], [ 11.489806, 42.792271, 702.255043 ], [ 11.489942, 42.792171, 702.505899 ], [ 11.490459, 42.791971, 703.267412 ], [ 11.490687, 42.791796, 703.697307 ], [ 11.490823, 42.791733, 703.906866 ], [ 11.490991, 42.791653, 704.167818 ], [ 11.491211, 42.791791, 704.544929 ], [ 11.491498, 42.79219, 706.173056 ], [ 11.492316, 42.793807, 713.451912 ], [ 11.492326, 42.793947, 714.078562 ], [ 11.492237, 42.794519, 716.651975 ], [ 11.492316, 42.795322, 720.250673 ], [ 11.492833, 42.796085, 720.846439 ], [ 11.492895, 42.796105, 720.879729 ], [ 11.493067, 42.796359, 721.069721 ], [ 11.493191, 42.796446, 721.154048 ], [ 11.493888, 42.796818, 721.739607 ], [ 11.494151, 42.797028, 722.264045 ], [ 11.494612, 42.797314, 723.078577 ], [ 11.495487, 42.797656, 724.416215 ], [ 11.49561, 42.797755, 724.66255 ], [ 11.495942, 42.798138, 726.946086 ], [ 11.496178, 42.79852, 729.302429 ], [ 11.496546, 42.79891, 731.967408 ], [ 11.496736, 42.798817, 732.908921 ], [ 11.497272, 42.798796, 734.95526 ], [ 11.497518, 42.798712, 735.244277 ], [ 11.497706, 42.798507, 735.602977 ], [ 11.497773, 42.798503, 735.67458 ], [ 11.497894, 42.798619, 735.886639 ], [ 11.497906, 42.798674, 735.967499 ], [ 11.497872, 42.798797, 736.149693 ], [ 11.498136, 42.799179, 736.771464 ], [ 11.498244, 42.799205, 736.892535 ], [ 11.498383, 42.799185, 737.043413 ], [ 11.498705, 42.799215, 737.38915 ], [ 11.498936, 42.799044, 736.93946 ], [ 11.499452, 42.798859, 735.428218 ], [ 11.499604, 42.798664, 734.622585 ], [ 11.499918, 42.798546, 733.694248 ], [ 11.500155, 42.798366, 732.796663 ], [ 11.500326, 42.798284, 732.259111 ], [ 11.500493, 42.798239, 731.790962 ], [ 11.500618, 42.798168, 731.374991 ], [ 11.500754, 42.798034, 730.747219 ], [ 11.501542, 42.797862, 728.364557 ], [ 11.501639, 42.797818, 728.034053 ], [ 11.501739, 42.797364, 726.217583 ], [ 11.501973, 42.797228, 725.352437 ], [ 11.502153, 42.79687, 723.77001 ], [ 11.50212, 42.796625, 722.122591 ], [ 11.502309, 42.796462, 720.690507 ], [ 11.502926, 42.796316, 717.507356 ], [ 11.503332, 42.796128, 715.150106 ], [ 11.503771, 42.796013, 712.861327 ], [ 11.503496, 42.794936, 697.569887 ], [ 11.503512, 42.794542, 691.64625 ], [ 11.503563, 42.794381, 689.162248 ], [ 11.50385, 42.794039, 682.717576 ], [ 11.50397, 42.793834, 678.586563 ], [ 11.504021, 42.793639, 674.910163 ], [ 11.50404, 42.793338, 669.331042 ], [ 11.504094, 42.79319, 666.494238 ], [ 11.504316, 42.792962, 661.30587 ], [ 11.504354, 42.792844, 659.060873 ], [ 11.504322, 42.792594, 654.41164 ], [ 11.504225, 42.792442, 651.312782 ], [ 11.503954, 42.79224, 646.228357 ], [ 11.503785, 42.791984, 641.126101 ], [ 11.503694, 42.791895, 639.130329 ], [ 11.503335, 42.791681, 633.04241 ], [ 11.503159, 42.791539, 629.599444 ], [ 11.502471, 42.790879, 615.596699 ], [ 11.502489, 42.790767, 613.968078 ], [ 11.502625, 42.790765, 612.526528 ], [ 11.502854, 42.790954, 608.874268 ], [ 11.503011, 42.790998, 607.09326 ], [ 11.503256, 42.791015, 604.485301 ], [ 11.503768, 42.790915, 598.870507 ], [ 11.50383, 42.790872, 597.966455 ], [ 11.503836, 42.790805, 596.996809 ], [ 11.503351, 42.790417, 589.24569 ], [ 11.503009, 42.789957, 581.395928 ], [ 11.502817, 42.789862, 578.850297 ], [ 11.50253, 42.789772, 575.41927 ], [ 11.502254, 42.789654, 571.907792 ], [ 11.502002, 42.789436, 567.625377 ], [ 11.501932, 42.789242, 564.618228 ], [ 11.501961, 42.789169, 563.478614 ], [ 11.502247, 42.789029, 559.697456 ], [ 11.502728, 42.788933, 554.214999 ], [ 11.503136, 42.788707, 548.592769 ], [ 11.50367, 42.788526, 542.123316 ], [ 11.504591, 42.788086, 531.962753 ], [ 11.50466, 42.787829, 528.840534 ], [ 11.504655, 42.787756, 527.969309 ], [ 11.504563, 42.787581, 525.733528 ], [ 11.504882, 42.787372, 521.992856 ], [ 11.505288, 42.786957, 518.009341 ], [ 11.505285, 42.786764, 518.009341 ], [ 11.505387, 42.786633, 518.009341 ], [ 11.506239, 42.786031, 518.009341 ], [ 11.506498, 42.785916, 518.009341 ], [ 11.506641, 42.785854, 518.009341 ], [ 11.506977, 42.785747, 518.009341 ], [ 11.507045, 42.785685, 518.009341 ], [ 11.507085, 42.785707, 518.009341 ], [ 11.50711, 42.78572, 518.009341 ], [ 11.50713, 42.785731, 518.009341 ], [ 11.507164, 42.785749, 518.009341 ], [ 11.507557, 42.785962, 518.009341 ], [ 11.507564, 42.785996, 518.009341 ], [ 11.507619, 42.785994, 518.009341 ], [ 11.507651, 42.78601, 518.009341 ] ] } },
{ "type": "Feature", "properties": { "name": "08-C1b-Roccalbegna-Saturnia", "len": 18451 }, "geometry": { "type": "LineString", "coordinates": [ [ 11.507651, 42.78601, 500.429683 ], [ 11.507619, 42.785994, 500.429683 ], [ 11.507564, 42.785996, 500.429683 ], [ 11.507557, 42.785962, 500.429683 ], [ 11.507164, 42.785749, 500.429683 ], [ 11.50713, 42.785731, 500.429683 ], [ 11.50711, 42.78572, 500.429683 ], [ 11.507085, 42.785707, 500.429683 ], [ 11.507045, 42.785685, 500.429683 ], [ 11.50653, 42.785626, 500.116113 ], [ 11.506232, 42.785646, 498.823094 ], [ 11.505781, 42.785775, 496.731568 ], [ 11.505527, 42.78588, 495.471914 ], [ 11.505285, 42.785838, 494.397405 ], [ 11.505019, 42.785836, 493.247973 ], [ 11.504741, 42.785725, 491.880479 ], [ 11.504399, 42.785737, 490.401025 ], [ 11.504152, 42.785809, 490.040454 ], [ 11.504076, 42.785804, 490.153073 ], [ 11.504026, 42.785777, 490.244693 ], [ 11.503996, 42.785722, 490.363835 ], [ 11.504008, 42.785423, 490.965403 ], [ 11.503722, 42.784331, 493.201684 ], [ 11.503575, 42.78413, 493.533758 ], [ 11.503567, 42.784013, 493.622598 ], [ 11.503612, 42.783767, 493.81083 ], [ 11.503905, 42.78345, 494.101325 ], [ 11.503945, 42.783322, 494.200916 ], [ 11.503885, 42.783125, 494.354001 ], [ 11.503905, 42.782976, 494.467544 ], [ 11.503697, 42.782071, 495.627234 ], [ 11.503443, 42.781805, 496.207075 ], [ 11.503428, 42.781695, 496.404418 ], [ 11.503458, 42.781568, 496.634508 ], [ 11.503587, 42.781258, 497.213126 ], [ 11.503587, 42.781152, 497.402347 ], [ 11.503433, 42.780761, 498.077496 ], [ 11.503418, 42.780586, 498.224703 ], [ 11.503463, 42.7802, 498.549945 ], [ 11.503448, 42.779773, 498.908542 ], [ 11.503413, 42.77962, 499.038788 ], [ 11.50309, 42.77881, 500.402848 ], [ 11.502976, 42.778562, 501.32361 ], [ 11.502797, 42.778339, 502.234135 ], [ 11.50235, 42.777942, 504.045958 ], [ 11.501863, 42.77742, 506.26138 ], [ 11.501689, 42.777092, 507.468184 ], [ 11.50146, 42.776745, 508.790117 ], [ 11.500625, 42.776212, 511.57491 ], [ 11.500431, 42.776005, 512.003741 ], [ 11.500292, 42.775756, 511.929268 ], [ 11.500083, 42.775548, 511.85774 ], [ 11.499169, 42.774998, 511.617647 ], [ 11.498915, 42.774775, 511.536288 ], [ 11.498761, 42.774563, 511.412795 ], [ 11.498707, 42.774326, 511.289283 ], [ 11.498816, 42.773425, 510.824338 ], [ 11.498756, 42.773352, 510.780515 ], [ 11.498553, 42.773221, 510.678532 ], [ 11.498384, 42.773031, 510.943679 ], [ 11.498299, 42.772827, 511.641404 ], [ 11.497857, 42.772272, 513.744044 ], [ 11.497395, 42.771535, 516.397478 ], [ 11.497166, 42.770937, 518.061828 ], [ 11.497231, 42.770722, 518.64523 ], [ 11.497484, 42.77039, 519.652972 ], [ 11.497489, 42.770306, 519.875704 ], [ 11.497275, 42.770032, 520.712378 ], [ 11.497216, 42.769905, 521.067832 ], [ 11.496937, 42.769748, 521.767769 ], [ 11.496435, 42.769339, 523.274686 ], [ 11.496396, 42.769266, 523.48932 ], [ 11.496381, 42.769076, 524.010263 ], [ 11.496242, 42.768858, 524.669108 ], [ 11.495973, 42.768661, 525.432611 ], [ 11.495789, 42.768591, 525.849038 ], [ 11.495715, 42.768496, 526.148585 ], [ 11.495695, 42.768438, 526.025754 ], [ 11.49573, 42.768084, 524.820264 ], [ 11.49569, 42.767924, 524.267764 ], [ 11.495675, 42.767387, 522.443512 ], [ 11.495643, 42.767246, 521.958018 ], [ 11.49581, 42.767201, 521.514463 ], [ 11.495991, 42.767055, 520.843968 ], [ 11.496264, 42.76651, 516.252476 ], [ 11.496233, 42.766092, 511.73708 ], [ 11.496281, 42.765947, 510.127527 ], [ 11.496625, 42.765516, 504.739298 ], [ 11.496802, 42.765116, 500.346843 ], [ 11.496745, 42.76489, 498.624595 ], [ 11.496625, 42.764738, 497.308154 ], [ 11.496379, 42.764532, 495.255338 ], [ 11.496086, 42.764385, 493.30308 ], [ 11.496018, 42.764305, 492.596481 ], [ 11.495969, 42.76351, 486.80085 ], [ 11.496185, 42.762535, 481.598926 ], [ 11.496219, 42.761629, 476.971494 ], [ 11.496294, 42.76081, 473.348148 ], [ 11.496598, 42.760545, 471.81878 ], [ 11.496944, 42.760329, 470.346886 ], [ 11.496991, 42.760241, 469.929644 ], [ 11.496998, 42.760161, 469.5485 ], [ 11.496595, 42.759653, 466.616233 ], [ 11.496374, 42.759437, 465.268747 ], [ 11.496144, 42.758986, 462.866729 ], [ 11.496015, 42.75879, 461.780959 ], [ 11.495326, 42.758457, 457.367164 ], [ 11.495002, 42.758344, 455.162846 ], [ 11.494845, 42.758239, 453.85776 ], [ 11.494731, 42.758083, 452.375981 ], [ 11.494716, 42.757909, 450.916703 ], [ 11.494869, 42.757538, 447.672239 ], [ 11.495241, 42.756409, 441.164859 ], [ 11.49551, 42.755796, 437.993268 ], [ 11.49579, 42.755538, 435.910297 ], [ 11.495899, 42.755302, 433.629236 ], [ 11.496118, 42.755145, 431.572114 ], [ 11.496203, 42.755036, 430.422403 ], [ 11.496441, 42.754532, 425.539598 ], [ 11.49663, 42.754266, 422.793325 ], [ 11.496824, 42.754102, 420.80494 ], [ 11.496953, 42.753916, 417.684914 ], [ 11.496943, 42.753788, 415.59224 ], [ 11.496436, 42.753441, 407.285529 ], [ 11.496143, 42.75308, 400.426165 ], [ 11.495696, 42.75246, 389.740641 ], [ 11.495502, 42.752007, 384.805953 ], [ 11.495005, 42.75162, 379.278261 ], [ 11.494895, 42.751492, 377.705432 ], [ 11.494741, 42.751368, 375.961498 ], [ 11.494597, 42.751299, 374.649432 ], [ 11.494378, 42.751237, 372.858419 ], [ 11.49415, 42.75123, 373.540883 ], [ 11.493881, 42.751113, 375.698068 ], [ 11.493757, 42.750996, 377.091121 ], [ 11.493782, 42.750861, 378.371289 ], [ 11.493986, 42.750733, 380.222708 ], [ 11.49403, 42.750675, 380.846546 ], [ 11.49405, 42.750602, 381.546216 ], [ 11.494021, 42.750511, 382.424375 ], [ 11.492887, 42.749872, 394.160784 ], [ 11.492743, 42.749598, 398.646009 ], [ 11.492798, 42.749346, 402.543575 ], [ 11.493017, 42.748894, 409.870249 ], [ 11.493141, 42.748127, 421.111486 ], [ 11.493206, 42.748003, 422.911392 ], [ 11.493479, 42.747898, 425.977066 ], [ 11.493643, 42.747784, 428.223486 ], [ 11.493737, 42.747653, 430.229357 ], [ 11.493727, 42.747511, 432.155515 ], [ 11.493355, 42.746967, 440.401733 ], [ 11.493305, 42.746773, 442.863668 ], [ 11.49331, 42.746551, 445.543707 ], [ 11.493444, 42.746197, 449.978721 ], [ 11.493275, 42.74597, 453.10153 ], [ 11.493325, 42.745689, 456.522204 ], [ 11.493389, 42.745536, 458.454178 ], [ 11.493474, 42.745511, 459.26583 ], [ 11.493693, 42.745594, 461.450399 ], [ 11.493901, 42.745547, 463.486448 ], [ 11.493896, 42.745328, 466.649161 ], [ 11.49407, 42.744923, 472.781367 ], [ 11.494075, 42.74478, 474.846908 ], [ 11.494175, 42.744653, 476.96526 ], [ 11.494557, 42.744291, 483.578284 ], [ 11.495019, 42.743937, 490.894964 ], [ 11.495263, 42.743441, 499.481783 ], [ 11.495402, 42.743226, 503.35699 ], [ 11.495482, 42.743043, 506.486417 ], [ 11.495616, 42.742182, 519.556214 ], [ 11.495527, 42.741682, 524.356138 ], [ 11.495517, 42.741474, 526.337294 ], [ 11.495596, 42.741233, 528.696881 ], [ 11.495705, 42.741109, 530.101821 ], [ 11.495715, 42.740966, 531.464812 ], [ 11.495642, 42.740709, 533.963822 ], [ 11.495457, 42.740694, 535.260589 ], [ 11.494505, 42.740361, 542.006509 ], [ 11.493915, 42.740185, 546.080528 ], [ 11.4937, 42.74021, 547.473134 ], [ 11.492833, 42.740522, 553.457408 ], [ 11.492135, 42.740574, 557.633893 ], [ 11.490632, 42.740742, 565.819664 ], [ 11.490282, 42.74072, 566.434666 ], [ 11.489955, 42.740574, 567.104653 ], [ 11.48922, 42.740388, 568.465706 ], [ 11.489216, 42.740309, 568.654158 ], [ 11.489151, 42.740226, 568.882406 ], [ 11.488625, 42.739939, 568.877215 ], [ 11.488601, 42.739848, 568.196896 ], [ 11.488625, 42.739771, 567.617127 ], [ 11.488782, 42.739508, 565.509432 ], [ 11.488778, 42.739214, 563.351477 ], [ 11.488729, 42.738678, 559.408587 ], [ 11.488588, 42.738235, 555.91627 ], [ 11.488574, 42.738116, 554.757598 ], [ 11.488604, 42.738004, 553.650306 ], [ 11.488852, 42.737664, 549.908619 ], [ 11.489022, 42.737549, 548.261946 ], [ 11.489097, 42.737454, 547.196672 ], [ 11.489297, 42.736773, 540.438628 ], [ 11.489731, 42.736174, 533.501626 ], [ 11.490052, 42.735447, 525.585855 ], [ 11.490307, 42.735195, 522.333885 ], [ 11.490575, 42.735033, 519.616711 ], [ 11.490626, 42.734889, 517.923107 ], [ 11.490559, 42.73458, 514.361647 ], [ 11.490597, 42.734391, 512.187058 ], [ 11.490798, 42.733954, 506.936793 ], [ 11.490818, 42.733783, 504.983248 ], [ 11.490591, 42.733364, 499.864298 ], [ 11.490355, 42.73318, 497.262649 ], [ 11.49025, 42.732927, 494.540593 ], [ 11.490399, 42.732428, 489.28304 ], [ 11.490504, 42.73221, 486.903212 ], [ 11.490556, 42.73179, 482.562923 ], [ 11.490443, 42.731633, 480.778921 ], [ 11.490259, 42.731502, 478.954619 ], [ 11.489944, 42.731205, 475.305574 ], [ 11.489144, 42.730626, 467.309868 ], [ 11.489034, 42.730515, 465.979179 ], [ 11.488834, 42.730147, 462.84683 ], [ 11.488826, 42.729701, 460.123296 ], [ 11.488747, 42.72936, 458.011197 ], [ 11.488528, 42.729046, 455.856918 ], [ 11.488441, 42.728713, 453.786497 ], [ 11.487811, 42.727743, 449.539072 ], [ 11.487724, 42.727394, 448.230559 ], [ 11.487401, 42.727061, 446.722591 ], [ 11.487016, 42.726546, 443.668054 ], [ 11.486765, 42.72613, 441.197871 ], [ 11.486543, 42.725775, 439.077096 ], [ 11.486494, 42.725294, 436.461122 ], [ 11.486535, 42.724902, 434.35162 ], [ 11.4865, 42.724553, 432.473962 ], [ 11.486365, 42.724151, 430.252334 ], [ 11.486388, 42.724058, 429.745167 ], [ 11.486462, 42.724002, 429.326402 ], [ 11.486783, 42.723968, 428.048029 ], [ 11.486971, 42.723915, 427.254296 ], [ 11.487165, 42.723784, 426.181448 ], [ 11.487508, 42.723479, 423.968655 ], [ 11.487702, 42.723284, 422.617737 ], [ 11.488019, 42.722588, 418.512758 ], [ 11.488687, 42.721866, 414.366904 ], [ 11.488801, 42.721677, 413.466416 ], [ 11.488837, 42.721527, 412.802942 ], [ 11.488791, 42.721012, 410.554793 ], [ 11.488812, 42.72079, 409.585436 ], [ 11.488919, 42.720424, 409.202451 ], [ 11.488995, 42.72027, 409.248563 ], [ 11.489145, 42.720076, 409.311369 ], [ 11.489455, 42.719605, 409.458642 ], [ 11.489591, 42.719499, 409.499647 ], [ 11.489714, 42.719422, 409.533067 ], [ 11.490897, 42.718957, 409.286411 ], [ 11.491172, 42.718812, 409.149715 ], [ 11.491316, 42.71871, 409.068936 ], [ 11.491414, 42.718603, 408.998046 ], [ 11.491863, 42.717988, 408.338965 ], [ 11.49201, 42.717751, 406.878186 ], [ 11.492059, 42.717618, 406.105382 ], [ 11.492058, 42.717495, 405.415498 ], [ 11.491896, 42.717086, 403.026375 ], [ 11.491896, 42.716994, 402.510373 ], [ 11.491956, 42.716873, 401.788083 ], [ 11.492063, 42.716849, 401.327067 ], [ 11.492134, 42.716799, 400.921795 ], [ 11.49233, 42.716467, 398.892082 ], [ 11.493092, 42.715838, 393.229512 ], [ 11.493253, 42.715523, 390.938098 ], [ 11.494323, 42.714642, 382.56454 ], [ 11.494778, 42.714307, 379.027319 ], [ 11.495526, 42.71381, 373.489219 ], [ 11.495938, 42.713628, 370.860503 ], [ 11.497232, 42.713419, 363.625288 ], [ 11.497386, 42.713209, 361.852334 ], [ 11.49771, 42.712655, 357.765236 ], [ 11.498076, 42.712302, 355.079122 ], [ 11.49882, 42.711251, 348.039692 ], [ 11.499118, 42.711141, 346.834458 ], [ 11.499484, 42.710671, 344.171098 ], [ 11.49969, 42.709956, 340.576449 ], [ 11.49993, 42.709636, 338.682222 ], [ 11.500353, 42.709535, 336.915984 ], [ 11.50072, 42.70935, 335.148608 ], [ 11.501566, 42.708526, 329.703441 ], [ 11.502505, 42.707492, 324.880896 ], [ 11.502999, 42.707199, 323.071108 ], [ 11.503725, 42.706639, 317.697485 ], [ 11.503761, 42.706458, 316.425325 ], [ 11.503573, 42.706131, 313.956538 ], [ 11.503649, 42.70601, 313.029719 ], [ 11.504218, 42.705959, 310.201979 ], [ 11.504464, 42.705907, 309.186129 ], [ 11.504997, 42.704973, 303.716473 ], [ 11.506257, 42.704383, 298.913809 ], [ 11.506825, 42.704323, 297.476421 ], [ 11.507405, 42.704215, 295.977681 ], [ 11.507581, 42.704064, 295.299984 ], [ 11.508219, 42.703733, 291.134149 ], [ 11.508734, 42.703535, 287.325352 ], [ 11.508617, 42.703345, 285.465659 ], [ 11.508474, 42.703214, 283.968075 ], [ 11.508354, 42.703163, 283.059663 ], [ 11.505864, 42.702962, 264.436761 ], [ 11.505228, 42.702929, 259.530117 ], [ 11.505011, 42.702845, 257.997428 ], [ 11.504891, 42.702678, 256.39149 ], [ 11.504882, 42.702566, 255.437426 ], [ 11.504936, 42.701671, 247.819218 ], [ 11.504837, 42.701427, 245.654065 ], [ 11.504657, 42.701211, 244.054753 ], [ 11.505204, 42.701355, 242.675939 ], [ 11.505334, 42.701377, 242.359373 ], [ 11.50548, 42.701361, 242.009081 ], [ 11.50651, 42.700703, 238.770465 ], [ 11.507212, 42.700122, 238.693889 ], [ 11.507728, 42.699656, 238.783635 ], [ 11.508399, 42.698795, 240.157706 ], [ 11.508541, 42.698692, 240.529071 ], [ 11.509289, 42.698414, 242.089264 ], [ 11.509622, 42.698345, 242.733259 ], [ 11.51041, 42.698519, 245.815268 ], [ 11.510526, 42.698527, 246.425697 ], [ 11.51066, 42.698497, 247.159615 ], [ 11.511078, 42.698062, 250.956066 ], [ 11.512586, 42.696654, 264.012203 ], [ 11.512623, 42.696522, 265.009124 ], [ 11.512433, 42.695858, 269.615204 ], [ 11.512352, 42.695682, 269.832617 ], [ 11.511955, 42.695103, 270.591319 ], [ 11.511598, 42.694419, 271.448588 ], [ 11.511414, 42.694144, 270.394534 ], [ 11.511113, 42.693914, 267.56845 ], [ 11.510461, 42.693529, 262.124793 ], [ 11.50889, 42.692433, 249.735174 ], [ 11.507597, 42.691455, 242.734153 ], [ 11.50754, 42.691241, 242.436086 ], [ 11.507835, 42.690842, 241.815369 ], [ 11.507862, 42.690724, 241.651811 ], [ 11.507699, 42.690292, 241.039029 ], [ 11.507728, 42.68979, 240.32272 ], [ 11.507677, 42.689316, 239.635582 ], [ 11.507736, 42.688634, 238.648001 ], [ 11.507806, 42.688339, 238.194873 ], [ 11.50794, 42.688145, 237.759938 ], [ 11.507961, 42.688055, 237.577398 ], [ 11.507927, 42.68796, 237.381029 ], [ 11.507766, 42.687806, 236.992777 ], [ 11.507736, 42.687659, 236.695631 ], [ 11.507823, 42.687417, 236.195258 ], [ 11.507857, 42.68712, 235.599447 ], [ 11.507995, 42.686873, 235.065668 ], [ 11.508109, 42.6865, 234.438324 ], [ 11.508061, 42.686339, 234.230269 ], [ 11.507921, 42.686229, 234.040122 ], [ 11.507513, 42.686158, 233.651076 ], [ 11.507379, 42.686115, 233.515406 ], [ 11.507299, 42.686016, 233.370053 ], [ 11.507288, 42.685937, 233.269809 ], [ 11.507407, 42.685819, 233.084392 ], [ 11.507806360921466, 42.685635161315041, 232.808067 ], [ 11.512837075376451, 42.682365945573473, 231.704419 ], [ 11.512396750260042, 42.680294274277117, 231.584365 ], [ 11.512176587701836, 42.678513876568303, 231.098413 ], [ 11.51196743327154, 42.678012118908875, 231.030469 ], [ 11.511747270713338, 42.67687910283869, 230.357317 ], [ 11.511350978108569, 42.676231655809012, 229.671502 ], [ 11.511439043131849, 42.675616574882646, 226.491067 ], [ 11.51196743327154, 42.675195726530561, 222.435804 ], [ 11.511350978108569, 42.675163353462359, 221.5658 ], [ 11.511064766782898, 42.675139073650129, 0.0 ], [ 11.510558392899028, 42.674742502041006, 220.848891 ], [ 11.510162100294258, 42.67447542177613, 0.0 ], [ 11.509919921480231, 42.674038378866868, 218.490058 ], [ 11.509281450061438, 42.673738921765739, 218.109744 ], [ 11.508797092433385, 42.67345565020689, 217.956044 ], [ 11.50813660475877, 42.67334234122184, 217.895525 ], [ 11.508048539735489, 42.67308334848024, 217.833382 ], [ 11.507960474712206, 42.672791980355854, 217.609048 ], [ 11.508268702293693, 42.672808167509714, 217.304654 ], [ 11.508775076177566, 42.672791980355854, 216.242125 ], [ 11.508642978642641, 42.672403487398476, 0.0 ], [ 11.508731043665923, 42.672273989206374, 0.0 ], [ 11.5090282631195, 42.671723618879717, 0.0 ], [ 11.509061287503229, 42.67150508813355, 156.889157 ], [ 11.509006246863679, 42.671335119244219, 152.908491 ], [ 11.508907173712489, 42.67123799395592, 152.969568 ], [ 11.508742051793837, 42.671148962308301, 154.223725 ], [ 11.50849987297981, 42.671059930533154, 154.564054 ], [ 11.508323742933246, 42.670825209787345, 155.913759 ], [ 11.50811458850295, 42.670590488155156, 156.499313 ], [ 11.507861401561014, 42.670485267825391, 157.560813 ], [ 11.507498133339976, 42.670396235099531, 160.025924 ], [ 11.50716788950267, 42.670655239038773, 161.400449 ], [ 11.507024783839837, 42.670857585115336, 163.950207 ], [ 11.506848653793272, 42.671335119244226, 168.545938 ], [ 11.506551434339695, 42.671537463107398, 171.404407 ], [ 11.506078084839553, 42.671586025536534, 173.1318 ], [ 11.505670784106874, 42.671496994387468, 174.975858 ], [ 11.505241467118376, 42.671399869352115, 176.604263 ], [ 11.504768117618235, 42.671513181878602, 179.794497 ], [ 11.504217711222722, 42.671505088133564, 182.237772 ], [ 11.503204963454978, 42.671213712610133, 190.967226 ], [ 11.502632540803644, 42.670922335720711, 201.417841 ], [ 11.502368345733798, 42.670598582019295, 206.349939 ], [ 11.50208, 42.670407, 211.392216 ], [ 11.502041, 42.670155, 214.79226 ], [ 11.502002, 42.669909, 217.393623 ], [ 11.502128, 42.669682, 219.968852 ], [ 11.502172, 42.669418, 222.762527 ], [ 11.502053, 42.669091, 226.318014 ], [ 11.501686, 42.668738, 230.985026 ], [ 11.501656, 42.668418, 234.568149 ], [ 11.501707, 42.668179, 237.449796 ], [ 11.502034, 42.6675, 246.02973 ], [ 11.502185, 42.666997, 252.165379 ], [ 11.50226, 42.666531, 257.341008 ], [ 11.50226, 42.666148, 261.374727 ], [ 11.502078, 42.665613, 267.182907 ], [ 11.501751, 42.665167, 272.519296 ], [ 11.501763, 42.665093, 273.286581 ], [ 11.502277, 42.66523, 277.105172 ], [ 11.50241, 42.665357, 278.627701 ], [ 11.502586, 42.665427, 280.025261 ], [ 11.503103, 42.665447, 283.641217 ], [ 11.503286, 42.665477, 284.95075 ], [ 11.503773, 42.66545, 288.361832 ], [ 11.503958, 42.665278, 290.209214 ], [ 11.50427, 42.665118, 290.209214 ], [ 11.504338, 42.665051, 290.209214 ], [ 11.504437, 42.664952, 290.209214 ], [ 11.504503, 42.664928, 290.209214 ], [ 11.504684, 42.665036, 290.209214 ], [ 11.504784, 42.665064, 290.209214 ], [ 11.5048, 42.665273, 290.209214 ], [ 11.504801, 42.665318, 290.209214 ], [ 11.504997, 42.665308, 290.209214 ] ] } },
{ "type": "Feature", "properties": { "name": "10-A4-Montemerano-Manciano", "len": 5625 }, "geometry": { "type": "LineString", "coordinates": [ [ 11.491799, 42.620142, 273.868066 ], [ 11.491798, 42.620102, 273.868066 ], [ 11.491903, 42.619932, 273.868066 ], [ 11.491981, 42.619823, 273.868066 ], [ 11.492108, 42.619782, 273.868066 ], [ 11.492223, 42.619703, 273.868066 ], [ 11.492529, 42.61949, 273.868066 ], [ 11.493086, 42.619077, 273.013596 ], [ 11.493023, 42.619025, 272.907346 ], [ 11.493298, 42.61888, 272.527658 ], [ 11.493581, 42.618791, 272.182252 ], [ 11.493891, 42.618734, 271.823636 ], [ 11.493944, 42.618755, 271.756078 ], [ 11.494031, 42.618739, 271.655433 ], [ 11.494299, 42.618615, 271.300136 ], [ 11.494399, 42.618497, 271.035103 ], [ 11.494524, 42.618236, 270.006282 ], [ 11.494564, 42.618089, 269.44893 ], [ 11.494524, 42.617897, 268.726789 ], [ 11.494574, 42.617706, 268.00365 ], [ 11.494775, 42.617544, 267.188102 ], [ 11.495115, 42.617448, 266.191801 ], [ 11.495215, 42.617359, 265.762467 ], [ 11.495305, 42.617234, 265.236553 ], [ 11.49561, 42.616655, 266.342523 ], [ 11.495795, 42.616249, 268.350294 ], [ 11.495865, 42.61617, 268.792488 ], [ 11.496198, 42.615535, 271.983808 ], [ 11.496336, 42.615472, 272.544151 ], [ 11.496707, 42.615378, 274.835109 ], [ 11.497167, 42.615326, 277.906536 ], [ 11.497598, 42.615319, 280.751661 ], [ 11.497855, 42.615406, 282.618603 ], [ 11.498418, 42.615643, 286.899109 ], [ 11.498649, 42.615709, 288.534476 ], [ 11.499078, 42.615713, 291.020125 ], [ 11.499309, 42.615658, 292.388115 ], [ 11.4999, 42.61537, 296.381996 ], [ 11.501221, 42.614685, 304.916594 ], [ 11.501642, 42.61442, 307.381813 ], [ 11.501762, 42.614243, 308.577899 ], [ 11.502052, 42.613418, 313.803313 ], [ 11.502182, 42.61316, 316.936977 ], [ 11.502422, 42.612954, 320.027209 ], [ 11.503133, 42.612438, 328.396226 ], [ 11.503774, 42.612033, 335.515584 ], [ 11.504303, 42.611563, 342.666229 ], [ 11.504522, 42.611468, 344.85827 ], [ 11.504687, 42.611454, 346.290475 ], [ 11.505195, 42.61164, 351.183065 ], [ 11.505364, 42.611674, 352.6938 ], [ 11.506624, 42.611758, 360.285145 ], [ 11.506912, 42.611758, 361.787319 ], [ 11.507306, 42.611089, 366.954867 ], [ 11.507888, 42.610621, 371.998953 ], [ 11.508677, 42.609922, 379.447831 ], [ 11.508932, 42.609826, 381.175781 ], [ 11.50973, 42.609792, 386.675158 ], [ 11.510378, 42.609715, 391.447166 ], [ 11.510941, 42.609507, 396.026973 ], [ 11.511493, 42.609219, 400.74057 ], [ 11.512209, 42.608651, 405.134541 ], [ 11.512424, 42.608415, 406.745921 ], [ 11.512513, 42.608245, 407.779096 ], [ 11.512572, 42.608047, 408.928655 ], [ 11.512541, 42.607526, 411.69806 ], [ 11.512667, 42.607293, 412.901451 ], [ 11.516164, 42.604496, 430.334761 ], [ 11.517776, 42.60335, 433.427405 ], [ 11.518117, 42.60288, 433.064598 ], [ 11.5192, 42.600789, 427.948587 ], [ 11.519744, 42.599569, 421.600025 ], [ 11.519889, 42.599346, 420.234257 ], [ 11.520364, 42.598872, 416.982069 ], [ 11.520744, 42.598392, 413.97193 ], [ 11.521079, 42.597869, 410.838995 ], [ 11.521697, 42.596733, 403.633663 ], [ 11.521869, 42.596301, 400.74423 ], [ 11.522013, 42.59584, 397.708084 ], [ 11.521907, 42.595406, 394.484066 ], [ 11.52179, 42.594837, 389.176343 ], [ 11.521662, 42.594579, 386.643046 ], [ 11.520742, 42.593211, 376.238643 ], [ 11.520705, 42.593179, 376.066007 ], [ 11.52068, 42.593158, 375.951293 ], [ 11.52064, 42.593099, 375.680401 ], [ 11.520493, 42.592908, 374.778554 ], [ 11.520443, 42.592536, 373.242865 ], [ 11.520284, 42.592532, 372.761713 ], [ 11.519552, 42.59261, 372.463582 ], [ 11.519403, 42.592618, 372.698313 ], [ 11.519295, 42.592008, 374.011218 ], [ 11.519532, 42.59195, 374.403632 ], [ 11.520352, 42.591902, 375.717943 ], [ 11.520305, 42.591612, 376.581763 ], [ 11.52024, 42.591134, 378.002617 ], [ 11.520104, 42.591153, 378.304038 ], [ 11.519524, 42.591457, 379.854346 ], [ 11.519405, 42.591473, 380.11775 ], [ 11.519601, 42.591276, 380.840002 ], [ 11.519658, 42.591177, 381.236765 ], [ 11.519684, 42.591076, 381.661293 ], [ 11.519673, 42.590704, 383.197921 ], [ 11.519618, 42.590459, 384.223434 ], [ 11.519439, 42.590171, 385.531399 ], [ 11.519325, 42.58985, 386.901608 ], [ 11.519499, 42.589807, 387.459645 ], [ 11.519656, 42.589724, 388.047305 ], [ 11.519516, 42.589416, 388.992578 ], [ 11.519339, 42.588699, 390.811837 ], [ 11.519181, 42.58842, 391.566453 ], [ 11.519126, 42.588396, 391.683962 ], [ 11.519072, 42.588312, 391.915963 ], [ 11.519024, 42.588251, 392.091954 ], [ 11.518967, 42.588164, 392.33309 ], [ 11.518791, 42.588113, 392.680725 ], [ 11.518441, 42.588006, 394.959508 ], [ 11.518216, 42.587817, 397.573103 ], [ 11.518191, 42.587797, 397.855765 ], [ 11.518159, 42.587771, 398.220644 ], [ 11.5177, 42.588084, 403.010802 ], [ 11.517376, 42.588234, 405.941185 ], [ 11.517293, 42.588003, 408.426087 ], [ 11.517094, 42.587869, 410.490882 ], [ 11.516998, 42.587847, 411.260688 ], [ 11.516979, 42.58788, 411.582326 ], [ 11.516668, 42.587724, 411.582326 ], [ 11.516581, 42.587793, 411.582326 ], [ 11.516452, 42.587839, 411.582326 ], [ 11.516378, 42.587711, 411.582326 ], [ 11.516248, 42.587603, 411.582326 ], [ 11.516045, 42.587423, 411.582326 ], [ 11.516018, 42.587339, 411.582326 ], [ 11.516004, 42.587326, 411.582326 ] ] } },
{ "type": "Feature", "properties": { "name": "09-A3-Saturnia-Montemerano", "len": 9367 }, "geometry": { "type": "LineString", "coordinates": [ [ 11.504997, 42.665308, 291.984621 ], [ 11.504801, 42.665318, 291.984621 ], [ 11.5048, 42.665273, 291.984621 ], [ 11.504784, 42.665064, 291.984621 ], [ 11.504684, 42.665036, 291.984621 ], [ 11.504503, 42.664928, 291.984621 ], [ 11.504437, 42.664952, 291.984621 ], [ 11.504338, 42.665051, 291.984621 ], [ 11.50427, 42.665118, 291.881746 ], [ 11.503958, 42.665278, 289.059829 ], [ 11.503773, 42.66545, 286.847393 ], [ 11.503286, 42.665477, 283.224265 ], [ 11.503103, 42.665447, 281.833326 ], [ 11.502586, 42.665427, 277.992589 ], [ 11.50241, 42.665357, 276.508151 ], [ 11.502277, 42.66523, 274.890976 ], [ 11.501763, 42.665093, 269.866735 ], [ 11.50128, 42.665004, 264.981728 ], [ 11.499949, 42.665076, 251.888598 ], [ 11.499405, 42.665079, 247.936738 ], [ 11.499181, 42.664961, 246.371748 ], [ 11.498805, 42.664669, 243.265788 ], [ 11.498676, 42.664404, 241.091803 ], [ 11.498418, 42.66374, 235.750637 ], [ 11.498358, 42.66357, 234.341962 ], [ 11.498224, 42.662848, 228.497409 ], [ 11.498222, 42.662728, 227.534865 ], [ 11.498272, 42.662587, 226.366143 ], [ 11.49841, 42.662173, 222.947316 ], [ 11.498409, 42.661885, 220.081555 ], [ 11.498375, 42.661746, 218.23761 ], [ 11.498311, 42.661659, 216.946164 ], [ 11.498167, 42.661519, 214.654303 ], [ 11.49772, 42.661238, 209.00814 ], [ 11.497411, 42.660952, 204.238944 ], [ 11.496304, 42.659689, 187.498381 ], [ 11.495618, 42.65895, 179.222969 ], [ 11.495499, 42.658772, 178.631643 ], [ 11.495407, 42.658615, 178.121978 ], [ 11.495357, 42.658229, 176.966012 ], [ 11.495297, 42.658051, 176.419291 ], [ 11.495392, 42.657822, 175.705524 ], [ 11.49538, 42.657221, 173.665205 ], [ 11.495318, 42.656998, 172.454167 ], [ 11.495204, 42.656745, 171.036075 ], [ 11.494922, 42.656355, 168.6859 ], [ 11.494873, 42.656218, 167.932185 ], [ 11.494882, 42.656061, 167.096111 ], [ 11.494968, 42.655806, 165.698252 ], [ 11.495006, 42.655539, 164.190091 ], [ 11.494968, 42.65536, 163.029148 ], [ 11.494893, 42.655194, 161.908219 ], [ 11.494544, 42.654648, 158.042087 ], [ 11.494428, 42.654516, 157.034932 ], [ 11.49445, 42.654043, 154.002135 ], [ 11.494278, 42.652794, 147.56806 ], [ 11.494108, 42.65204, 143.581891 ], [ 11.494137, 42.65183, 142.070512 ], [ 11.49421, 42.651675, 140.895984 ], [ 11.49463, 42.651122, 136.360506 ], [ 11.494645, 42.650939, 135.04781 ], [ 11.49461, 42.650878, 134.573738 ], [ 11.494076, 42.650481, 130.799774 ], [ 11.493606, 42.650177, 128.502487 ], [ 11.493349, 42.650082, 127.446747 ], [ 11.493235, 42.650064, 127.018781 ], [ 11.492777, 42.65008, 125.335816 ], [ 11.49229, 42.650159, 123.505344 ], [ 11.492213, 42.650148, 123.217438 ], [ 11.491823, 42.649793, 122.189658 ], [ 11.491596, 42.649659, 122.074592 ], [ 11.491391, 42.649494, 121.954456 ], [ 11.491285, 42.649476, 121.91145 ], [ 11.490885, 42.649463, 121.753166 ], [ 11.490458, 42.649383, 121.578972 ], [ 11.490134, 42.649785, 121.329081 ], [ 11.490059, 42.649823, 121.294086 ], [ 11.489541, 42.649817, 121.095017 ], [ 11.488953, 42.649658, 120.854289 ], [ 11.488812, 42.649621, 120.796764 ], [ 11.488259, 42.649501, 120.575214 ], [ 11.487176, 42.64915, 119.981521 ], [ 11.487097, 42.649059, 119.900129 ], [ 11.487111, 42.648993, 119.849774 ], [ 11.487763, 42.646736, 120.479347 ], [ 11.487799, 42.646465, 120.776503 ], [ 11.487958, 42.646322, 120.978106 ], [ 11.488247, 42.646293, 122.175685 ], [ 11.489116, 42.646335, 126.810353 ], [ 11.489192, 42.64629, 127.329578 ], [ 11.489229, 42.646203, 127.989121 ], [ 11.489055, 42.645414, 133.772322 ], [ 11.488967, 42.645119, 136.857403 ], [ 11.488739, 42.644586, 142.812153 ], [ 11.488719, 42.644399, 144.811176 ], [ 11.488665, 42.644168, 147.30908 ], [ 11.488738, 42.64369, 152.435185 ], [ 11.488756, 42.642333, 167.184493 ], [ 11.488887, 42.642282, 168.370784 ], [ 11.489242, 42.642271, 171.214664 ], [ 11.489512, 42.642225, 173.0758 ], [ 11.489605, 42.642123, 173.665903 ], [ 11.48962, 42.641902, 174.729073 ], [ 11.489788, 42.641514, 176.685589 ], [ 11.49004, 42.641227, 178.32718 ], [ 11.490187, 42.641113, 179.082137 ], [ 11.490345, 42.640807, 180.65487 ], [ 11.490583, 42.640549, 181.62193 ], [ 11.490762, 42.640335, 181.935736 ], [ 11.491058, 42.639821, 182.632897 ], [ 11.491201, 42.639427, 183.1422 ], [ 11.4914, 42.639186, 183.494362 ], [ 11.491988, 42.639073, 184.339026 ], [ 11.493812, 42.638371, 187.719895 ], [ 11.496087, 42.63736, 196.894986 ], [ 11.496495, 42.636855, 200.482842 ], [ 11.496902, 42.636161, 205.098995 ], [ 11.497803, 42.635308, 209.998483 ], [ 11.498254, 42.635119, 211.514216 ], [ 11.498737, 42.63459, 213.999296 ], [ 11.499329, 42.633663, 214.972248 ], [ 11.499607, 42.63317, 215.479274 ], [ 11.499944, 42.632414, 216.499806 ], [ 11.5001, 42.632178, 216.871053 ], [ 11.500198, 42.632597, 217.472508 ], [ 11.500406, 42.632901, 217.953978 ], [ 11.503261, 42.632021, 223.430663 ], [ 11.505459, 42.631337, 231.534427 ], [ 11.505712, 42.631306, 232.822884 ], [ 11.506433, 42.631167, 236.567136 ], [ 11.506543, 42.631054, 237.516168 ], [ 11.506702, 42.629345, 246.58573 ], [ 11.506777, 42.628423, 249.848382 ], [ 11.506955, 42.627962, 249.73193 ], [ 11.507221, 42.627645, 249.641404 ], [ 11.507491, 42.627421, 249.568651 ], [ 11.50955, 42.626134, 248.332792 ], [ 11.510645, 42.625484, 246.75705 ], [ 11.512795, 42.624317, 243.193877 ], [ 11.51306, 42.62414, 242.72837 ], [ 11.513564, 42.623702, 241.713882 ], [ 11.513927, 42.622535, 240.949815 ], [ 11.51329, 42.622666, 240.671766 ], [ 11.512421, 42.62281, 240.068135 ], [ 11.511554, 42.623051, 239.348608 ], [ 11.51144, 42.623085, 239.25311 ], [ 11.510867, 42.623249, 238.775793 ], [ 11.510424, 42.623302, 238.34215 ], [ 11.509586, 42.623294, 237.46326 ], [ 11.509436, 42.623303, 237.305432 ], [ 11.508913, 42.623483, 236.699928 ], [ 11.508383, 42.623628, 236.106941 ], [ 11.50809, 42.623682, 235.847133 ], [ 11.507709, 42.623718, 235.516766 ], [ 11.507613, 42.623736, 235.431564 ], [ 11.507233, 42.623863, 235.072617 ], [ 11.506154, 42.624109, 234.101111 ], [ 11.505526, 42.624409, 235.00118 ], [ 11.505204, 42.624539, 235.576442 ], [ 11.504671, 42.624687, 236.468719 ], [ 11.50381, 42.624868, 237.863484 ], [ 11.503435, 42.624897, 238.334328 ], [ 11.502936, 42.624871, 238.958993 ], [ 11.501245, 42.624405, 240.694167 ], [ 11.500424, 42.624209, 240.066005 ], [ 11.500013, 42.624109, 239.750962 ], [ 11.499768, 42.62401, 239.54754 ], [ 11.499586, 42.623843, 239.335815 ], [ 11.49932, 42.623495, 238.848 ], [ 11.498669, 42.623261, 238.024861 ], [ 11.498354, 42.623186, 237.648716 ], [ 11.498038, 42.623121, 237.275939 ], [ 11.497567, 42.623079, 236.736912 ], [ 11.497459, 42.623053, 236.607812 ], [ 11.496695, 42.622579, 235.049851 ], [ 11.496351, 42.622396, 234.32975 ], [ 11.495622, 42.622122, 232.941068 ], [ 11.495035, 42.622669, 235.146968 ], [ 11.494993, 42.62268, 235.411176 ], [ 11.494885, 42.622684, 236.052043 ], [ 11.494759, 42.622683, 236.798819 ], [ 11.494397, 42.622609, 239.025444 ], [ 11.494058, 42.62247, 241.325378 ], [ 11.493555, 42.621969, 246.342213 ], [ 11.493496, 42.621882, 246.669201 ], [ 11.493339, 42.621393, 246.669201 ], [ 11.492815, 42.620724, 246.669201 ], [ 11.492638, 42.620551, 246.669201 ], [ 11.492158, 42.620289, 246.669201 ], [ 11.4919, 42.620207, 246.669201 ], [ 11.491817, 42.620216, 246.669201 ], [ 11.491801, 42.620199, 246.669201 ], [ 11.491799, 42.620142, 246.669201 ] ] } },
{ "type": "Feature", "properties": { "name": "11-X6-Manciano-Marsiliana", "len": 19915 }, "geometry": { "type": "LineString", "coordinates": [ [ 11.507963, 42.5870218, 350.057251 ], [ 11.507938002695598, 42.586270615112788, 0.0 ], [ 11.507088867465219, 42.585757069262655, 335.156738299999972 ], [ 11.506239732234837, 42.58700743437786, 328.908325199999979 ], [ 11.505724, 42.5886915, 319.2950439 ], [ 11.5054801, 42.5891445, 315.9304199 ], [ 11.5049849, 42.5895385, 312.565795900000012 ], [ 11.5045343, 42.5896086, 313.046508800000026 ], [ 11.5024018, 42.5899876, 305.8366699 ], [ 11.5022944, 42.589971, 305.355957 ], [ 11.5012565, 42.5892823, 304.394653300000016 ], [ 11.5004009, 42.5888228, 307.7592773 ], [ 11.5001919, 42.5887063, 304.394653300000016 ], [ 11.4995998, 42.5883824, 302.952514599999972 ], [ 11.499065, 42.5880318, 302.471923800000013 ], [ 11.4986844, 42.5875572, 300.0687256 ], [ 11.4984589, 42.5872221, 299.588012699999979 ], [ 11.497523, 42.5854665, 292.858764599999972 ], [ 11.4971661, 42.5846331, 286.6102295 ], [ 11.4965336, 42.5838204, 284.206909199999984 ], [ 11.4960826, 42.5830035, 281.322998 ], [ 11.496042, 42.582792, 279.88085940000002 ], [ 11.4956241, 42.5823962, 276.5163574 ], [ 11.4954582, 42.5823414, 275.074462900000015 ], [ 11.4943907, 42.5816747, 273.632446300000026 ], [ 11.4942434, 42.5815696, 272.6711426 ], [ 11.492699713485056, 42.58109248918214, 264.019287099999985 ], [ 11.4922998, 42.5808967, 262.5771484 ], [ 11.4916551, 42.580187, 262.096557599999983 ], [ 11.4912567, 42.579933, 258.7319336 ], [ 11.4908981, 42.5798099, 259.2126465 ], [ 11.4887731, 42.5790604, 258.7319336 ], [ 11.4884449, 42.5789156, 258.7319336 ], [ 11.4878631, 42.578788, 256.328735400000028 ], [ 11.4876891, 42.5782943, 257.770752 ], [ 11.4875674, 42.5780969, 257.2900391 ], [ 11.486296996710317, 42.577923249864021, 262.5771484 ], [ 11.4844512, 42.5774675, 261.1352539 ], [ 11.4821458, 42.5767304, 252.002807600000011 ], [ 11.4820587, 42.5767805, 253.4447021 ], [ 11.4817123, 42.5768551, 251.5220947 ], [ 11.4809721, 42.5767935, 251.041381800000011 ], [ 11.4806586, 42.5767278, 251.041381800000011 ], [ 11.4789772, 42.5766744, 245.2734375 ], [ 11.476743, 42.5763377, 240.947631800000011 ], [ 11.4748938, 42.5754597, 235.1796875 ], [ 11.4743525, 42.5755456, 227.4891357 ], [ 11.4744101, 42.575481, 227.0085449 ], [ 11.4744803, 42.5754416, 226.0471191 ], [ 11.4746539, 42.5752391, 226.527832 ], [ 11.4746444, 42.5752364, 227.0085449 ], [ 11.4746482, 42.5751208, 226.527832 ], [ 11.4745881, 42.5746985, 228.450439499999987 ], [ 11.4745415, 42.5742451, 224.1245117 ], [ 11.4745509, 42.5739643, 223.643798800000013 ], [ 11.4745663, 42.5734771, 225.0859375 ], [ 11.4743141, 42.5730618, 228.9311523 ], [ 11.474065, 42.5727287, 229.892334 ], [ 11.4738465, 42.5720601, 233.737670900000012 ], [ 11.4739939, 42.5714291, 237.5828857 ], [ 11.474172, 42.5707701, 240.467041 ], [ 11.4738987, 42.5704382, 238.5443115 ], [ 11.4733439, 42.5701261, 237.5828857 ], [ 11.4728361, 42.5697852, 238.0635986 ], [ 11.472748846548614, 42.569733326198261, 233.382191193196888 ], [ 11.4727218, 42.569799, 228.9311523 ], [ 11.472634, 42.5697381, 229.892334 ], [ 11.4726841, 42.5697937, 228.9311523 ], [ 11.4724472, 42.5695689, 228.450439499999987 ], [ 11.4720471, 42.5693105, 224.1245117 ], [ 11.4717878, 42.5691732, 222.682495100000011 ], [ 11.470999, 42.5691426, 214.511230500000011 ], [ 11.4705229, 42.5690571, 210.6660156 ], [ 11.4701347, 42.5690285, 207.7821045 ], [ 11.4698453, 42.5692025, 206.8206787 ], [ 11.4696587, 42.5692527, 204.417480500000011 ], [ 11.4691956, 42.5692356, 200.0916748 ], [ 11.4687902, 42.569111, 196.7269287 ], [ 11.4686091, 42.5689422, 192.8817139 ], [ 11.4686062, 42.5689442, 192.8817139 ], [ 11.468214, 42.5688566, 189.997680699999989 ], [ 11.4680074, 42.5687981, 188.5557861 ], [ 11.4678592, 42.5687183, 187.113769499999989 ], [ 11.468126, 42.568769, 188.5557861 ], [ 11.4681099, 42.5687546, 188.0750732 ], [ 11.4679819, 42.5687334, 189.997680699999989 ], [ 11.4677704, 42.5686463, 186.152465799999987 ], [ 11.4674925, 42.5680906, 182.7878418 ], [ 11.4676445, 42.5677412, 177.981201199999987 ], [ 11.4672514, 42.5676619, 174.1358643 ], [ 11.466056185989535, 42.567461652460004, 164.5227051 ], [ 11.4635183, 42.5673807, 152.025756800000011 ], [ 11.4623067, 42.5670568, 151.5449219 ], [ 11.4613053, 42.5665732, 159.2354736 ], [ 11.4612572, 42.5665447, 159.2354736 ], [ 11.4611132, 42.566459, 160.1968994 ], [ 11.461008, 42.566456, 162.6000977 ], [ 11.460592, 42.5663764, 164.5227051 ], [ 11.4602812, 42.5662415, 164.0421143 ], [ 11.4596586, 42.5659892, 163.5615234 ], [ 11.4588073, 42.565676, 164.5227051 ], [ 11.4586548, 42.5655963, 165.964721700000013 ], [ 11.4585708, 42.5655595, 165.964721700000013 ], [ 11.4579963, 42.5651711, 167.4067383 ], [ 11.4571944, 42.5652048, 164.0421143 ], [ 11.4559216, 42.5653983, 157.3128662 ], [ 11.4546742, 42.5649007, 147.699707 ], [ 11.4534917, 42.5641593, 140.0091553 ], [ 11.4515993, 42.5641874, 135.683105500000011 ], [ 11.4504276, 42.5646519, 131.3572998 ], [ 11.4497747, 42.5646017, 127.9925537 ], [ 11.4490926, 42.5646095, 124.6280518 ], [ 11.4483806, 42.5645643, 119.3408203 ], [ 11.446189978663517, 42.564108330971031, 109.7276611 ], [ 11.4449725, 42.5648385, 115.4956055 ], [ 11.4444943, 42.5650209, 116.4567871 ], [ 11.4432289, 42.565455, 110.6888428 ], [ 11.4418831, 42.5659775, 107.8050537 ], [ 11.4431055, 42.5673278, 101.5563965 ], [ 11.4442911, 42.5687742, 100.5950928 ], [ 11.4425332, 42.5683776, 102.0371094 ], [ 11.4408306, 42.56836, 107.3243408 ], [ 11.4397664, 42.5673671, 120.302124 ], [ 11.4393356, 42.5665272, 127.5119629 ], [ 11.4392423, 42.565988, 131.8378906 ], [ 11.4392079, 42.5654953, 135.683105500000011 ], [ 11.4393084, 42.5651824, 135.2025146 ], [ 11.4393004, 42.5649869, 133.2799072 ], [ 11.4389354, 42.5638417, 130.876709 ], [ 11.4389181, 42.5637915, 128.9541016 ], [ 11.4389056, 42.563781, 128.9541016 ], [ 11.4386599, 42.5634688, 128.9541016 ], [ 11.4381839, 42.5628683, 130.3959961 ], [ 11.4375849, 42.5623914, 138.5672607 ], [ 11.4368756, 42.562148, 140.0091553 ], [ 11.4366926, 42.5621784, 138.5672607 ], [ 11.4362109, 42.5620496, 138.0865479 ], [ 11.4354913, 42.5619395, 135.2025146 ], [ 11.4352981, 42.5619696, 134.721923800000013 ], [ 11.4349183, 42.5618604, 130.3959961 ], [ 11.4341826, 42.5617778, 125.5893555 ], [ 11.4338223, 42.5616954, 121.7441406 ], [ 11.4334457, 42.5616338, 120.7828369 ], [ 11.4332639, 42.5615962, 119.8214111 ], [ 11.4329221, 42.5617001, 116.4567871 ], [ 11.4322578, 42.5618081, 112.1309814 ], [ 11.4316249, 42.5616559, 109.2469482 ], [ 11.4309366, 42.5614745, 106.3630371 ], [ 11.4306752, 42.5613988, 103.4790039 ], [ 11.4304149, 42.5613147, 101.5563965 ], [ 11.4301501, 42.5612107, 98.1918945 ], [ 11.4300458, 42.5611678, 99.1530762 ], [ 11.4296508, 42.5610687, 95.3077393 ], [ 11.4292248, 42.560988, 92.4239502 ], [ 11.4290935, 42.5609508, 90.9819336 ], [ 11.4288401, 42.5608326, 88.5787354 ], [ 11.4287496, 42.5607827, 88.0980225 ], [ 11.4283971, 42.560556, 83.7719727 ], [ 11.4283168, 42.5605214, 83.2913818 ], [ 11.4279129, 42.5603266, 80.8881836 ], [ 11.4276125, 42.5601782, 77.5234375 ], [ 11.4275031, 42.5601223, 77.5234375 ], [ 11.4271587, 42.5599946, 74.1588135 ], [ 11.4268899, 42.559983, 70.3134766 ], [ 11.4263655, 42.560086, 66.9489746 ], [ 11.4260915, 42.5600665, 65.9876709 ], [ 11.4255539, 42.5600059, 64.5456543 ], [ 11.4249012, 42.5599392, 64.0650635 ], [ 11.424649727680775, 42.559956544810099, 63.5843506 ], [ 11.424560801058902, 42.560007307815781, 64.0650635 ], [ 11.4245349, 42.5600195, 63.1036377 ], [ 11.42439, 42.5600179, 64.5456543 ], [ 11.4239516, 42.5595744, 67.9102783 ], [ 11.4224813, 42.5568714, 77.5234375 ], [ 11.4219676, 42.5560437, 78.9654541 ], [ 11.4216801, 42.5555536, 78.0040283 ], [ 11.420323806036809, 42.553088685621219, 37.596406847391727 ], [ 11.417232215767159, 42.554256549916069, 0.0 ], [ 11.417117514592551, 42.554298412085636, 0.0 ], [ 11.416997455394553, 42.554330841983976, 0.0 ], [ 11.416822694146695, 42.554359743444159, 0.0 ], [ 11.416712413694119, 42.554361530058586, 0.0 ], [ 11.41660312129844, 42.554351049020845, 0.0 ], [ 11.41573746956283, 42.554201908108155, 0.0 ], [ 11.415154315817379, 42.554101284083323, 0.0 ], [ 11.414981057342855, 42.55406810709529, 0.0 ], [ 11.41464821478038, 42.553977330849094, 0.0 ], [ 11.414521958854385, 42.55396279301673, 0.0 ], [ 11.414351546108014, 42.553962333019946, 0.0 ], [ 11.414138759502162, 42.553943225194196, 0.0 ], [ 11.413542194282847, 42.553857913827926, 0.0 ], [ 11.413305491286605, 42.553853446143521, 0.0 ], [ 11.413063781861805, 42.553877088770328, 0.0 ], [ 11.412231691908957, 42.553988537227745, 0.0 ], [ 11.412119848628041, 42.55400665124683, 0.0 ], [ 11.411810641569071, 42.554105643128388, 0.0 ], [ 11.411674040035114, 42.554186141896693, 0.0 ], [ 11.410445388977715, 42.555177603571593, 0.0 ], [ 11.409641828511361, 42.555837823535633, 0.0 ], [ 11.409565921502871, 42.555922625956185, 0.0 ], [ 11.409513511903059, 42.556016659344742, 0.0 ], [ 11.409490706779719, 42.556091879986155, 0.0 ], [ 11.409482947323177, 42.55616876520147, 0.0 ], [ 11.409673329800441, 42.557285963533531, 0.0 ], [ 11.409670137071464, 42.557424526465034, 0.0 ], [ 11.409625620621526, 42.557559096096838, 0.0 ], [ 11.409576939696617, 42.557639273518234, 0.0 ], [ 11.409513296663338, 42.557713642323591, 0.0 ], [ 11.4090642715499, 42.558174414327979, 0.0 ], [ 11.408988361228049, 42.558237064304478, 0.0 ], [ 11.408892917821076, 42.558282745533212, 0.0 ], [ 11.408800997115673, 42.558306020383597, 0.0 ], [ 11.40870420377345, 42.558313458912515, 0.0 ], [ 11.406630387350033, 42.558292756631801, 0.0 ], [ 11.406486987529501, 42.558279200528887, 0.0 ], [ 11.406347193188985, 42.55825170091093, 0.0 ], [ 11.40622284399911, 42.55821406128085, 0.0 ], [ 11.406105504122213, 42.558165468358261, 0.0 ], [ 11.405502206124007, 42.557924741558047, 0.0 ], [ 11.404905581071295, 42.557673695871856, 0.0 ], [ 11.404513371991795, 42.557505703735963, 0.0 ], [ 11.404254343969892, 42.557373816048184, 0.0 ], [ 11.402184485425515, 42.556519003293815, 0.0 ], [ 11.402020651905408, 42.556464807625105, 0.0 ], [ 11.401803445172357, 42.556463959532067, 0.0 ], [ 11.401112600960632, 42.556534364550842, 0.0 ], [ 11.400276838792168, 42.556630945056369, 0.0 ], [ 11.399130576176557, 42.556752393655259, 0.0 ], [ 11.396982032839926, 42.556979996688987, 0.0 ], [ 11.396899301403302, 42.556998387117268, 0.0 ], [ 11.396737823683154, 42.557034273961449, 0.0 ], [ 11.396551499280847, 42.557092472396953, 0.0 ], [ 11.396384401793286, 42.557175662181209, 0.0 ], [ 11.396173473110345, 42.557294347628009, 0.0 ], [ 11.394270602807186, 42.558398343100016, 0.0 ], [ 11.394190461874143, 42.558462242388167, 0.0 ], [ 11.394124696260176, 42.558526201342211, 0.0 ], [ 11.394039377749648, 42.558649010961844, 0.0 ], [ 11.393936346909845, 42.558878809124373, 0.0 ], [ 11.393668771418808, 42.559736628123652, 0.0 ], [ 11.393538226509206, 42.560154843774036, 0.0 ], [ 11.393006663541476, 42.561840777793755, 0.0 ], [ 11.392949862306223, 42.562011887530048, 0.0 ], [ 11.392873939351821, 42.56217033957094, 0.0 ], [ 11.392753926726579, 42.562313053503068, 0.0 ], [ 11.392703476222547, 42.562373089713262, 0.0 ], [ 11.3924487096122, 42.562546983788394, 0.0 ], [ 11.392148201667668, 42.562693827294204, 0.0 ], [ 11.390338944655788, 42.563505573381804, 0.0 ], [ 11.388490778242696, 42.564349169339202, 0.0 ], [ 11.386276795048509, 42.565357223407247, 0.0 ], [ 11.38271158823204, 42.56404162433136, 0.0 ], [ 11.379926576509382, 42.562996782119306, 0.0 ], [ 11.376896107291856, 42.561872409149174, 0.0 ], [ 11.376873563859357, 42.561858406027604, 0.0 ], [ 11.374067452980935, 42.560114957315413, 0.0 ], [ 11.371973628437331, 42.558982561224852, 0.0 ], [ 11.366601038199191, 42.555853622828671, 0.0 ], [ 11.366593941054884, 42.555849537138215, 0.0 ], [ 11.365540477873632, 42.555237376611636, 0.0 ], [ 11.365516046783071, 42.555154261162265, 0.0 ], [ 11.365507375421119, 42.555044354679936, 0.0 ], [ 11.365509560561112, 42.554982589597373, 0.0 ], [ 11.36553784411724, 42.554895269766938, 0.0 ], [ 11.365570454162301, 42.554802862826769, 0.0 ], [ 11.365606574922131, 42.554743737721921, 0.0 ], [ 11.365636732064386, 42.554646374665857, 0.0 ], [ 11.365684358595425, 42.554533630536099, 0.0 ], [ 11.365727859983537, 42.554430985094712, 0.0 ], [ 11.365773612756453, 42.554328293135413, 0.0 ], [ 11.365813240854678, 42.554242413840512, 0.0 ], [ 11.365841901438877, 42.554165090646158, 0.0 ], [ 11.365309946243041, 42.553550094871383, 0.0 ], [ 11.359807769760508, 42.551725022828371, 0.0 ], [ 11.356250704885653, 42.549052185362555, 0.0 ], [ 11.35390304206825, 42.548161214105825, 0.0 ], [ 11.352480216118307, 42.546693704313007, 0.0 ], [ 11.348211738268482, 42.546169585311866, 0.0 ], [ 11.344156684311148, 42.542605459404868, 0.0 ], [ 11.340955325923781, 42.539617740154078, 0.0 ], [ 11.340243912948809, 42.536315329088673, 0.0 ] ] } },
{ "type": "Feature", "properties": { "name": "12-X7-Marsiliana-Magliano", "len": 10059 }, "geometry": { "type": "LineString", "coordinates": [ [ 11.341502, 42.536601, 33.747768 ], [ 11.341078, 42.536487, 33.747768 ], [ 11.340601, 42.53663, 33.747768 ], [ 11.340813, 42.537126, 32.95194 ], [ 11.341048, 42.537709, 31.497262 ], [ 11.341366, 42.538704, 28.939962 ], [ 11.341346, 42.538855, 28.473501 ], [ 11.341287, 42.539005, 27.993343 ], [ 11.341214, 42.53907, 27.733948 ], [ 11.341318, 42.539363, 26.802809 ], [ 11.341373, 42.539529, 26.277448 ], [ 11.341492, 42.539803, 25.392943 ], [ 11.341473, 42.540075, 24.555561 ], [ 11.341413, 42.54024, 24.030369 ], [ 11.341285, 42.540347, 23.667834 ], [ 11.341008, 42.540474, 23.102228 ], [ 11.340612983445917, 42.540571794224334, 22.742222 ], [ 11.339657357959045, 42.541089906097973, 21.119703 ], [ 11.338936131176496, 42.541382172437721, 19.799844 ], [ 11.338142781715696, 42.541740861075773, 19.328647 ], [ 11.337475646941842, 42.542072978347768, 18.59425 ], [ 11.337097002881004, 42.542391809266817, 18.008281 ], [ 11.336880634846239, 42.542617646849386, 17.926258 ], [ 11.336772450828859, 42.542909906037735, 17.844024 ], [ 11.336646236141911, 42.543228732682891, 17.552451 ], [ 11.336556082794093, 42.543520989010673, 17.435018 ], [ 11.33648396011584, 42.543839812535211, 17.311749 ], [ 11.336393806768022, 42.544118781783574, 16.980544 ], [ 11.336285622750639, 42.544504022981997, 16.880781 ], [ 11.336177438733257, 42.544849409621598, 16.770915 ], [ 11.335528334628965, 42.547200644808605, 18.204577 ], [ 11.334874, 42.547908, 20.669389 ], [ 11.334414, 42.548156, 21.644509 ], [ 11.334261, 42.548228, 21.955084 ], [ 11.334103, 42.548302, 22.275367 ], [ 11.333878, 42.54844, 22.7762 ], [ 11.333819, 42.54853, 23.008281 ], [ 11.333798, 42.548627, 23.236367 ], [ 11.333572, 42.557111, 48.972335 ], [ 11.333591, 42.557346, 49.748531 ], [ 11.333653, 42.557605, 50.61566 ], [ 11.334111, 42.559245, 56.539141 ], [ 11.334381, 42.560231, 59.944058 ], [ 11.334401, 42.560436, 60.51089 ], [ 11.334353, 42.560609, 60.997873 ], [ 11.334192, 42.560859, 61.760989 ], [ 11.331738, 42.563639, 69.482187 ], [ 11.331571, 42.563865, 70.171659 ], [ 11.331522, 42.563978, 70.489522 ], [ 11.330977, 42.565731, 76.097585 ], [ 11.33094, 42.566065, 77.244581 ], [ 11.331244, 42.566792, 80.118326 ], [ 11.331592, 42.567245, 82.291278 ], [ 11.331605, 42.567352, 82.739779 ], [ 11.331575, 42.567442, 83.126678 ], [ 11.331494, 42.567533, 83.580953 ], [ 11.331359, 42.567605, 84.093453 ], [ 11.329888, 42.568333, 88.840764 ], [ 11.329759, 42.568429, 89.288711 ], [ 11.329666, 42.568545, 89.735492 ], [ 11.329601, 42.568703, 90.283037 ], [ 11.329436, 42.569713, 93.0734 ], [ 11.329338, 42.57006, 93.810057 ], [ 11.328501, 42.572501, 98.779034 ], [ 11.328338, 42.572797, 99.28987 ], [ 11.328134, 42.573047, 99.407547 ], [ 11.327486, 42.5737, 99.733862 ], [ 11.32702, 42.574143, 99.959951 ], [ 11.326627, 42.574585, 98.912085 ], [ 11.32624, 42.575095, 97.532089 ], [ 11.325758, 42.575795, 95.662501 ], [ 11.325556, 42.576227, 94.311486 ], [ 11.325192, 42.576861, 92.276109 ], [ 11.324972, 42.577092, 91.441817 ], [ 11.322497, 42.578929, 85.681884 ], [ 11.321065, 42.579705, 84.463691 ], [ 11.320224, 42.580301, 84.434832 ], [ 11.319985, 42.580484, 84.438975 ], [ 11.318831, 42.58175, 84.934263 ], [ 11.318638, 42.581932, 85.074808 ], [ 11.318265, 42.582141, 85.284872 ], [ 11.318095, 42.582167, 85.362686 ], [ 11.317828, 42.582162, 85.482385 ], [ 11.316743, 42.582096, 84.885918 ], [ 11.316094, 42.582067, 84.433185 ], [ 11.315572, 42.582086, 84.06927 ], [ 11.313825, 42.582272, 79.509196 ], [ 11.313216, 42.582364, 77.640951 ], [ 11.312613, 42.582548, 75.496238 ], [ 11.309658, 42.583766, 64.862453 ], [ 11.309206, 42.583872, 63.822839 ], [ 11.30895, 42.583858, 63.260257 ], [ 11.307522, 42.583566, 62.3952 ], [ 11.307012, 42.583464, 62.511224 ], [ 11.306693, 42.583443, 62.581537 ], [ 11.306461, 42.58347, 62.633103 ], [ 11.306157, 42.583554, 62.704389 ], [ 11.300586, 42.585697, 59.356164 ], [ 11.29979, 42.586035, 58.015727 ], [ 11.299429, 42.586186, 56.791569 ], [ 11.297196, 42.587099, 47.56047 ], [ 11.297022, 42.587225, 47.239106 ], [ 11.296909, 42.587336, 46.991014 ], [ 11.295893, 42.589066, 46.00876 ], [ 11.29576, 42.589177, 46.274391 ], [ 11.295624, 42.589252, 46.498898 ], [ 11.295345, 42.589312, 46.882925 ], [ 11.295084, 42.589305, 47.227995 ], [ 11.29492, 42.589298, 47.44504 ], [ 11.294738, 42.58964, 48.171109 ], [ 11.294649, 42.590111, 49.916905 ], [ 11.294735, 42.590789, 52.416819 ], [ 11.294875, 42.591141, 53.763346 ], [ 11.295429, 42.591537, 56.408696 ], [ 11.295802, 42.591952, 59.080801 ], [ 11.296213, 42.592286, 61.500793 ], [ 11.297532, 42.592966, 68.851601 ], [ 11.297854, 42.593768, 74.583518 ], [ 11.297873, 42.594087, 76.756506 ], [ 11.297765, 42.594263, 77.936213 ], [ 11.297624, 42.594347, 78.751884 ], [ 11.297462, 42.594317, 79.503073 ], [ 11.297006, 42.593805, 83.24293 ], [ 11.296852, 42.593698, 84.19519 ], [ 11.29671, 42.593644, 84.913918 ], [ 11.296573, 42.593633, 85.53365 ], [ 11.296198, 42.593717, 87.296332 ], [ 11.292975, 42.594805, 98.524175 ], [ 11.292777, 42.594875, 99.116172 ], [ 11.292725, 42.594971, 99.494556 ], [ 11.292438, 42.595442, 101.384504 ], [ 11.292056, 42.596207, 105.632427 ], [ 11.292069, 42.596309, 106.24004 ], [ 11.292076, 42.596358, 106.532258 ], [ 11.292181, 42.596519, 107.591481 ], [ 11.292294, 42.596476, 108.146856 ], [ 11.292857, 42.597025, 112.226568 ], [ 11.293099, 42.597257, 113.895215 ], [ 11.293307, 42.59774, 116.694023 ], [ 11.293419, 42.598065, 118.546097 ], [ 11.293463, 42.598379, 120.289751 ], [ 11.293393, 42.598438, 120.722444 ], [ 11.293417, 42.598489, 121.020577 ], [ 11.293373, 42.598523, 121.27996 ], [ 11.293281, 42.598604, 121.863161 ], [ 11.293263, 42.598613, 121.951638 ], [ 11.292894, 42.598815, 122.932693 ], [ 11.292736, 42.598908, 122.932693 ], [ 11.292476, 42.599111, 122.932693 ], [ 11.292466, 42.599118, 122.932693 ], [ 11.292308, 42.599238, 122.932693 ], [ 11.29225, 42.599281, 122.932693 ], [ 11.292118, 42.599402, 122.932693 ], [ 11.291893, 42.599271, 122.932693 ], [ 11.291699, 42.599411, 122.932693 ] ] } },
{ "type": "Feature", "properties": { "name": "01-A6-Magliano-Pereta", "len": 12025 }, "geometry": { "type": "LineString", "coordinates": [ [ 11.291699, 42.599411, 124.169128 ], [ 11.291893, 42.599271, 124.169128 ], [ 11.292118, 42.599402, 124.169128 ], [ 11.29225, 42.599281, 124.169128 ], [ 11.292308, 42.599238, 124.169128 ], [ 11.292466, 42.599118, 124.169128 ], [ 11.292476, 42.599111, 124.169128 ], [ 11.292736, 42.598908, 123.477103 ], [ 11.292894, 42.598815, 122.916652 ], [ 11.293263, 42.598613, 121.642683 ], [ 11.293281, 42.598604, 121.5824 ], [ 11.293373, 42.598523, 121.185042 ], [ 11.293417, 42.598489, 121.008314 ], [ 11.293512, 42.598508, 120.735585 ], [ 11.293575, 42.598571, 120.44117 ], [ 11.293667, 42.598611, 120.145156 ], [ 11.293741, 42.598628, 119.930395 ], [ 11.293924, 42.598608, 119.417856 ], [ 11.294379, 42.598528, 118.121869 ], [ 11.294801, 42.598399, 116.133447 ], [ 11.295751, 42.597965, 108.921174 ], [ 11.296357, 42.597662, 104.195618 ], [ 11.298186, 42.596844, 88.066718 ], [ 11.298972, 42.596456, 80.51999 ], [ 11.299613, 42.596319, 74.835633 ], [ 11.299847, 42.596243, 72.657481 ], [ 11.300697, 42.595891, 64.351806 ], [ 11.30082, 42.595903, 63.295137 ], [ 11.300904, 42.596005, 61.915208 ], [ 11.301021, 42.596776, 58.667274 ], [ 11.301077, 42.596846, 58.334112 ], [ 11.30121, 42.596926, 57.815589 ], [ 11.30161, 42.597023, 56.544161 ], [ 11.302077, 42.597096, 55.102863 ], [ 11.302265, 42.597101, 54.534925 ], [ 11.302456, 42.597073, 54.641371 ], [ 11.303142, 42.596839, 55.599741 ], [ 11.303372, 42.596613, 56.08599 ], [ 11.303529, 42.596514, 56.34803 ], [ 11.303693, 42.59645, 56.583317 ], [ 11.303942, 42.596411, 56.906009 ], [ 11.304151, 42.59635, 57.190997 ], [ 11.304314, 42.596278, 57.431955 ], [ 11.304551, 42.596076, 58.2676 ], [ 11.304612, 42.595997, 58.588251 ], [ 11.304778, 42.595111, 61.744233 ], [ 11.304818, 42.594955, 62.304424 ], [ 11.304868, 42.594883, 62.589761 ], [ 11.305016, 42.594818, 63.037433 ], [ 11.305332, 42.594783, 63.867528 ], [ 11.306002, 42.594847, 66.291429 ], [ 11.306236, 42.594842, 67.132953 ], [ 11.306966, 42.594752, 69.793664 ], [ 11.307151, 42.594755, 70.458853 ], [ 11.307306, 42.594782, 71.031425 ], [ 11.308085, 42.595061, 74.111174 ], [ 11.308677, 42.595149, 76.231864 ], [ 11.309301, 42.595174, 78.426203 ], [ 11.311971, 42.595127, 87.226654 ], [ 11.313261, 42.595138, 89.326637 ], [ 11.314016, 42.595195, 89.602636 ], [ 11.31455, 42.595288, 89.802187 ], [ 11.316011, 42.595817, 89.657168 ], [ 11.316205, 42.595915, 89.59918 ], [ 11.31633, 42.59601, 89.554899 ], [ 11.316855, 42.596485, 89.367105 ], [ 11.31709, 42.596654, 89.773376 ], [ 11.31765, 42.597173, 90.88681 ], [ 11.317893, 42.597512, 91.530717 ], [ 11.318203, 42.597761, 92.098106 ], [ 11.318648, 42.598038, 92.819055 ], [ 11.318895, 42.598297, 93.350998 ], [ 11.319264, 42.598798, 94.308981 ], [ 11.319681, 42.599156, 95.101694 ], [ 11.319995, 42.599507, 95.562265 ], [ 11.320336, 42.599986, 95.926642 ], [ 11.320742, 42.600449, 96.297953 ], [ 11.320943, 42.60072, 96.505992 ], [ 11.321208, 42.601075, 96.53468 ], [ 11.321701, 42.601564, 96.352841 ], [ 11.321792, 42.601686, 96.311281 ], [ 11.322188, 42.602489, 95.997238 ], [ 11.322567, 42.603081, 95.099314 ], [ 11.322761, 42.60356, 94.413517 ], [ 11.322903, 42.604085, 93.67905 ], [ 11.32321, 42.604781, 91.98328 ], [ 11.323387, 42.605384, 90.507047 ], [ 11.323833, 42.606192, 88.346255 ], [ 11.323909, 42.606588, 87.30902 ], [ 11.323928, 42.606937, 86.40315 ], [ 11.324037, 42.607145, 85.82496 ], [ 11.324129, 42.607206, 85.588591 ], [ 11.324352, 42.607262, 85.138818 ], [ 11.325292, 42.607285, 84.303026 ], [ 11.325646, 42.607368, 84.120379 ], [ 11.326903, 42.607851, 83.420177 ], [ 11.327822, 42.608198, 82.771503 ], [ 11.328067, 42.608566, 82.421821 ], [ 11.328282, 42.608664, 82.263 ], [ 11.328569, 42.608709, 82.078714 ], [ 11.328761, 42.608668, 81.953162 ], [ 11.32894, 42.608583, 81.775121 ], [ 11.329045, 42.60839, 81.499994 ], [ 11.329118, 42.608294, 81.354406 ], [ 11.329178, 42.60827, 81.287892 ], [ 11.329258, 42.608261, 81.209066 ], [ 11.329591, 42.608337, 80.869485 ], [ 11.329654, 42.608339, 80.808066 ], [ 11.32997, 42.608265, 80.485075 ], [ 11.330085, 42.608266, 80.373057 ], [ 11.330191, 42.608293, 80.263804 ], [ 11.330645, 42.60864, 79.626296 ], [ 11.330819, 42.608664, 79.497376 ], [ 11.330929, 42.608626, 79.45757 ], [ 11.331037, 42.608523, 79.399663 ], [ 11.331096, 42.607797, 79.075955 ], [ 11.331178, 42.607247, 78.82969 ], [ 11.331346, 42.607003, 78.726647 ], [ 11.331541, 42.606821, 78.799937 ], [ 11.331938, 42.606756, 78.894589 ], [ 11.33243, 42.606775, 79.009249 ], [ 11.333345, 42.606905, 79.226127 ], [ 11.334098, 42.607007, 78.591488 ], [ 11.334477, 42.607093, 78.040934 ], [ 11.335058, 42.607391, 77.057885 ], [ 11.335498, 42.607652, 76.273416 ], [ 11.335673, 42.607791, 75.916004 ], [ 11.336672, 42.608947, 78.54846 ], [ 11.336784, 42.60907, 78.837535 ], [ 11.336991, 42.609311, 79.394173 ], [ 11.337839, 42.610046, 86.766174 ], [ 11.338305, 42.610555, 91.482219 ], [ 11.338501, 42.610663, 92.866846 ], [ 11.338896, 42.610733, 95.701527 ], [ 11.339682, 42.610798, 101.414448 ], [ 11.340153, 42.610883, 104.91721 ], [ 11.340908, 42.611086, 110.723002 ], [ 11.341193, 42.611128, 112.456954 ], [ 11.341364, 42.611106, 113.474989 ], [ 11.341477, 42.61105, 114.273911 ], [ 11.341666, 42.610807, 116.505032 ], [ 11.341826, 42.610676, 117.908635 ], [ 11.342917, 42.610697, 124.309024 ], [ 11.343311, 42.610748, 126.904359 ], [ 11.343623, 42.610855, 129.271555 ], [ 11.344012, 42.611071, 132.622765 ], [ 11.344269, 42.611298, 135.383767 ], [ 11.344445, 42.611601, 138.462969 ], [ 11.344546, 42.611691, 139.55371 ], [ 11.344796, 42.611826, 141.686131 ], [ 11.345016, 42.611847, 143.035694 ], [ 11.345603, 42.611686, 146.707937 ], [ 11.34574, 42.611668, 147.523743 ], [ 11.345963, 42.611674, 148.831864 ], [ 11.34655, 42.611747, 152.321697 ], [ 11.346993, 42.611745, 154.918653 ], [ 11.347459, 42.611669, 157.642549 ], [ 11.34789, 42.611637, 160.044688 ], [ 11.349987, 42.611565, 170.607969 ], [ 11.349975, 42.611725, 171.087552 ], [ 11.349832, 42.611965, 171.871858 ], [ 11.349299, 42.612451, 173.741043 ], [ 11.348969, 42.612888, 175.237317 ], [ 11.348627, 42.613121, 174.296648 ], [ 11.348571, 42.613193, 174.048061 ], [ 11.348469, 42.613362, 173.493956 ], [ 11.348287, 42.613787, 172.158725 ], [ 11.348219, 42.614242, 170.787125 ], [ 11.34804, 42.61442, 170.123585 ], [ 11.347552, 42.614785, 167.475853 ], [ 11.347515, 42.614843, 167.119687 ], [ 11.347464, 42.614968, 166.394205 ], [ 11.347399, 42.615454, 163.679624 ], [ 11.347454, 42.61585, 161.466912 ], [ 11.347441, 42.615967, 160.814373 ], [ 11.347268, 42.616535, 162.11842 ], [ 11.34716, 42.617052, 164.913889 ], [ 11.347024, 42.617528, 167.513405 ], [ 11.347103, 42.618214, 172.187749 ], [ 11.347217, 42.618744, 176.746874 ], [ 11.347024, 42.620007, 186.868013 ], [ 11.346987, 42.620668, 191.108241 ], [ 11.346762, 42.621074, 193.918528 ], [ 11.346721, 42.621204, 194.773898 ], [ 11.346715, 42.621346, 195.684477 ], [ 11.346745, 42.621625, 197.04392 ], [ 11.346962, 42.622208, 199.470452 ], [ 11.346992, 42.622383, 200.178522 ], [ 11.347024, 42.623312, 203.7119 ], [ 11.347142, 42.624341, 205.665629 ], [ 11.347114, 42.624653, 206.257201 ], [ 11.346939, 42.625241, 206.980497 ], [ 11.346835, 42.625402, 207.011036 ], [ 11.346341, 42.62601, 207.13239 ], [ 11.34572, 42.626587, 206.842456 ], [ 11.34526, 42.626929, 203.86834 ], [ 11.344795, 42.627319, 200.66157 ], [ 11.344245, 42.627931, 196.125124 ], [ 11.343894, 42.62818, 192.899427 ], [ 11.343764, 42.628394, 190.79175 ], [ 11.34364, 42.628701, 187.911986 ], [ 11.343344, 42.629014, 184.48335 ], [ 11.343182, 42.629331, 181.438159 ], [ 11.342938, 42.62969, 178.864573 ], [ 11.342798, 42.629962, 177.522081 ], [ 11.342654, 42.630442, 175.253193 ], [ 11.342592, 42.630567, 174.639007 ], [ 11.342497, 42.630696, 173.961792 ], [ 11.341953, 42.63113, 171.596378 ], [ 11.341785, 42.63122, 171.497793 ], [ 11.341467, 42.63134, 171.328254 ], [ 11.341145, 42.631418, 171.167438 ], [ 11.340439, 42.631519, 170.826253 ], [ 11.339593, 42.631784, 170.618353 ], [ 11.33923, 42.631989, 170.873341 ], [ 11.339012, 42.632157, 171.049253 ], [ 11.338924, 42.632251, 171.135699 ], [ 11.338794, 42.63252, 171.351926 ], [ 11.338695, 42.632611, 171.440205 ], [ 11.338661, 42.632614, 171.459286 ], [ 11.338598, 42.63257, 171.507689 ], [ 11.338222, 42.632206, 171.853949 ], [ 11.337979, 42.632054, 172.142767 ], [ 11.337592, 42.631891, 172.549536 ], [ 11.336708, 42.631638, 173.414771 ], [ 11.336552, 42.631621, 173.558624 ], [ 11.33639, 42.631632, 173.707027 ], [ 11.336271, 42.631702, 173.846007 ], [ 11.336059, 42.631904, 174.343981 ], [ 11.335837, 42.631997, 175.140428 ], [ 11.335228, 42.632167, 177.17113 ], [ 11.334733, 42.632224, 178.733139 ], [ 11.334445, 42.632307, 179.697441 ], [ 11.333937, 42.632664, 181.921023 ], [ 11.333391, 42.632976, 184.480019 ], [ 11.333092, 42.633231, 186.174364 ], [ 11.332691, 42.633688, 188.911068 ], [ 11.332663, 42.633797, 189.469171 ], [ 11.332855, 42.6344, 192.368808 ], [ 11.333142, 42.634915, 194.837609 ], [ 11.333198, 42.635145, 195.874008 ], [ 11.333172, 42.635666, 198.186453 ], [ 11.332902, 42.636792, 195.333611 ], [ 11.33293, 42.636856, 195.109203 ], [ 11.33311, 42.636973, 194.519413 ], [ 11.333132, 42.637026, 194.334448 ], [ 11.332947, 42.637319, 193.256134 ], [ 11.332658, 42.637697, 191.53256 ], [ 11.3326, 42.637836, 190.902298 ], [ 11.332573, 42.638092, 189.789296 ], [ 11.332613, 42.638427, 188.331601 ], [ 11.332717, 42.638686, 187.160974 ], [ 11.332959, 42.638975, 185.689661 ], [ 11.333185, 42.639105, 184.868223 ], [ 11.333206, 42.639163, 184.758482 ], [ 11.333167, 42.639193, 184.682586 ], [ 11.332655, 42.639204, 183.993655 ], [ 11.332222, 42.639149, 183.402654 ], [ 11.331874, 42.639201, 182.925038 ], [ 11.331799, 42.639186, 182.820501 ], [ 11.3317, 42.639095, 182.6074 ], [ 11.331547, 42.638878, 182.160455 ], [ 11.331405, 42.638846, 181.960705 ], [ 11.33125, 42.63886, 181.750664 ], [ 11.331134, 42.638919, 181.448701 ], [ 11.331051, 42.639016, 180.968081 ], [ 11.330842, 42.639377, 179.322739 ], [ 11.3307, 42.639549, 178.478902 ], [ 11.330413, 42.639752, 177.250746 ], [ 11.32964, 42.640212, 174.183777 ], [ 11.329275, 42.640356, 173.737093 ], [ 11.328815, 42.640919, 172.890861 ], [ 11.328599, 42.641209, 172.464854 ], [ 11.328353, 42.641344, 172.173999 ], [ 11.328294, 42.641407, 172.075442 ], [ 11.328207, 42.64165, 171.90986 ], [ 11.327775, 42.642049, 174.084428 ], [ 11.327476, 42.6424, 175.850304 ], [ 11.327374, 42.642624, 176.857399 ], [ 11.327402, 42.642747, 177.389069 ], [ 11.327628, 42.643284, 180.180167 ], [ 11.327611, 42.643403, 181.301593 ], [ 11.32751, 42.643558, 182.912528 ], [ 11.327457, 42.643596, 183.422763 ], [ 11.327359, 42.643611, 184.112845 ], [ 11.32722, 42.643596, 185.081365 ], [ 11.327003, 42.643522, 186.730303 ], [ 11.326909, 42.643521, 187.378405 ], [ 11.326838, 42.643569, 188.043207 ], [ 11.326808, 42.643677, 189.076312 ], [ 11.326739, 42.643714, 189.664975 ], [ 11.326674, 42.643713, 190.113181 ], [ 11.326464, 42.643643, 191.702626 ], [ 11.326271, 42.643694, 193.116412 ], [ 11.326148, 42.643624, 194.18853 ], [ 11.326059, 42.643606, 194.824863 ], [ 11.326027, 42.643637, 195.189663 ], [ 11.326225, 42.644298, 202.597959 ], [ 11.325838, 42.644095, 206.54318 ], [ 11.325695, 42.643945, 208.610444 ], [ 11.324968, 42.643968, 214.65022 ], [ 11.323903, 42.64415, 224.728408 ], [ 11.322705, 42.644469, 236.794079 ], [ 11.322755, 42.644654, 239.222465 ], [ 11.322178, 42.644835, 239.765606 ], [ 11.322121, 42.644918, 239.765606 ], [ 11.322121, 42.644942, 239.765606 ], [ 11.322092, 42.645007, 239.765606 ], [ 11.322629, 42.645178, 239.765606 ] ] } },
{ "type": "Feature", "properties": { "name": "X8-Pereta-Scansano", "len": 9083 }, "geometry": { "type": "LineString", "coordinates": [ [ 11.322629, 42.645178, 250.64557 ], [ 11.323214, 42.645364, 250.64557 ], [ 11.324487, 42.64584, 242.190163 ], [ 11.324599, 42.645858, 241.039907 ], [ 11.325312, 42.645813, 233.859776 ], [ 11.325648, 42.645751, 230.384074 ], [ 11.325835, 42.645681, 228.278826 ], [ 11.325939, 42.645603, 226.788563 ], [ 11.32602, 42.6455, 225.033247 ], [ 11.326234, 42.645146, 219.009646 ], [ 11.326327, 42.644977, 216.174934 ], [ 11.326346, 42.644874, 214.558815 ], [ 11.326327, 42.644686, 211.627725 ], [ 11.326225, 42.644298, 205.483347 ], [ 11.326027, 42.643637, 196.080467 ], [ 11.326059, 42.643606, 195.688189 ], [ 11.326148, 42.643624, 195.003925 ], [ 11.326271, 42.643694, 193.851051 ], [ 11.326464, 42.643643, 192.330773 ], [ 11.326674, 42.643713, 190.621605 ], [ 11.326739, 42.643714, 190.139639 ], [ 11.326808, 42.643677, 189.506635 ], [ 11.326838, 42.643569, 188.395713 ], [ 11.326909, 42.643521, 187.680836 ], [ 11.327003, 42.643522, 186.983916 ], [ 11.32722, 42.643596, 185.210774 ], [ 11.327359, 42.643611, 184.169301 ], [ 11.327457, 42.643596, 183.42724 ], [ 11.32751, 42.643558, 182.878572 ], [ 11.327611, 42.643403, 181.146296 ], [ 11.327628, 42.643284, 179.988695 ], [ 11.327402, 42.642747, 177.816263 ], [ 11.327374, 42.642624, 177.334306 ], [ 11.327476, 42.6424, 176.421375 ], [ 11.327775, 42.642049, 174.820611 ], [ 11.328207, 42.64165, 173.522585 ], [ 11.328294, 42.641407, 175.54461 ], [ 11.328353, 42.641344, 176.160203 ], [ 11.328599, 42.641209, 177.976896 ], [ 11.328815, 42.640919, 180.637749 ], [ 11.329074, 42.640982, 182.252478 ], [ 11.329618, 42.641023, 185.48941 ], [ 11.330305, 42.640983, 191.588051 ], [ 11.331006, 42.64087, 200.066341 ], [ 11.331296, 42.640751, 203.989479 ], [ 11.331532, 42.64083, 207.052752 ], [ 11.332412, 42.640886, 217.103211 ], [ 11.332787, 42.640949, 219.99791 ], [ 11.333034, 42.641099, 222.408267 ], [ 11.33357, 42.641367, 227.285443 ], [ 11.333731, 42.641643, 230.357935 ], [ 11.33401, 42.64188, 233.565209 ], [ 11.334074, 42.642046, 235.167677 ], [ 11.334107, 42.642306, 236.973503 ], [ 11.333946, 42.64244, 238.210219 ], [ 11.333603, 42.642646, 240.462729 ], [ 11.33332, 42.64298, 243.184377 ], [ 11.333255, 42.643193, 244.694014 ], [ 11.333277, 42.643675, 247.842521 ], [ 11.333352, 42.64414, 250.288336 ], [ 11.333427, 42.644298, 251.16246 ], [ 11.33377, 42.644614, 253.274538 ], [ 11.333846, 42.644779, 254.184485 ], [ 11.333889, 42.645592, 259.153305 ], [ 11.334082, 42.646231, 263.959147 ], [ 11.334404, 42.646515, 266.674177 ], [ 11.335079, 42.646997, 271.511316 ], [ 11.334919, 42.647123, 272.614049 ], [ 11.334575, 42.647178, 274.270167 ], [ 11.334175, 42.647132, 276.174803 ], [ 11.333773, 42.646935, 278.447283 ], [ 11.333691, 42.646878, 278.978059 ], [ 11.333485, 42.646874, 279.947515 ], [ 11.332574, 42.647135, 281.803297 ], [ 11.332456, 42.647092, 281.887696 ], [ 11.332346, 42.646934, 282.042367 ], [ 11.332183, 42.646837, 282.176743 ], [ 11.331955, 42.646873, 282.326198 ], [ 11.331756, 42.646967, 282.477773 ], [ 11.331692, 42.647068, 282.574867 ], [ 11.331587, 42.647109, 282.651056 ], [ 11.331579, 42.647269, 282.790564 ], [ 11.33166, 42.64736, 282.885337 ], [ 11.331941, 42.647577, 284.062798 ], [ 11.332086, 42.647788, 285.173454 ], [ 11.332038, 42.64796, 285.998314 ], [ 11.331877, 42.648204, 287.272431 ], [ 11.331861, 42.648372, 288.063588 ], [ 11.332025, 42.648617, 289.346476 ], [ 11.332073, 42.6488, 290.222017 ], [ 11.332065, 42.64895, 290.927222 ], [ 11.332116, 42.649066, 291.582182 ], [ 11.33229, 42.649311, 293.82932 ], [ 11.332363, 42.649625, 296.419084 ], [ 11.332255, 42.649844, 298.312979 ], [ 11.331856, 42.649958, 300.872454 ], [ 11.331469, 42.650116, 303.519084 ], [ 11.331284, 42.650289, 305.308413 ], [ 11.331182, 42.65056, 306.675279 ], [ 11.331024, 42.6507, 307.29651 ], [ 11.330541, 42.650789, 308.546932 ], [ 11.330112, 42.651089, 310.033484 ], [ 11.329978, 42.6514, 311.147395 ], [ 11.329761, 42.651724, 312.658358 ], [ 11.329629, 42.651816, 313.667458 ], [ 11.329249, 42.651947, 315.996194 ], [ 11.329195, 42.652116, 317.30597 ], [ 11.329198, 42.652414, 319.554327 ], [ 11.329128, 42.652497, 320.291214 ], [ 11.329066, 42.652655, 321.531915 ], [ 11.329114, 42.652795, 322.621225 ], [ 11.329187, 42.653385, 327.386826 ], [ 11.329254, 42.653643, 329.796543 ], [ 11.32946, 42.655411, 345.020844 ], [ 11.32942, 42.655602, 346.3084 ], [ 11.329232, 42.655967, 348.908862 ], [ 11.328911, 42.656367, 352.003414 ], [ 11.328699, 42.656732, 354.473066 ], [ 11.328581, 42.65702, 355.68508 ], [ 11.328516, 42.657762, 358.681117 ], [ 11.328527, 42.658093, 360.015257 ], [ 11.328629, 42.658298, 360.894853 ], [ 11.328886, 42.658653, 363.406362 ], [ 11.328889, 42.658823, 364.666028 ], [ 11.328822, 42.659005, 366.06304 ], [ 11.328648, 42.659117, 367.322983 ], [ 11.328071, 42.659259, 370.638249 ], [ 11.327932, 42.659472, 372.388727 ], [ 11.327854, 42.659758, 374.54995 ], [ 11.327781, 42.659888, 375.451945 ], [ 11.327532, 42.660032, 376.88029 ], [ 11.32702, 42.660174, 379.347654 ], [ 11.326826, 42.660204, 380.241541 ], [ 11.326735, 42.660245, 380.722751 ], [ 11.326577, 42.660642, 383.259086 ], [ 11.326523, 42.660912, 384.932412 ], [ 11.326191, 42.661419, 386.230967 ], [ 11.326075, 42.661979, 386.801446 ], [ 11.326094, 42.662198, 387.022448 ], [ 11.326075, 42.662614, 387.441635 ], [ 11.326027, 42.662908, 388.107239 ], [ 11.325848, 42.6633, 389.794812 ], [ 11.325732, 42.663689, 391.420081 ], [ 11.325477, 42.664105, 393.282319 ], [ 11.325456, 42.664616, 395.467387 ], [ 11.325311, 42.665046, 397.711824 ], [ 11.324925, 42.665661, 401.143354 ], [ 11.32467, 42.66587, 402.565862 ], [ 11.324303, 42.666397, 404.205834 ], [ 11.323865, 42.667442, 404.70157 ], [ 11.323533, 42.668062, 406.005356 ], [ 11.323503, 42.668261, 406.879775 ], [ 11.323592, 42.668357, 407.387184 ], [ 11.323922, 42.668576, 408.814686 ], [ 11.32415, 42.66903, 410.928309 ], [ 11.32412, 42.66933, 412.242042 ], [ 11.324152, 42.669657, 414.726672 ], [ 11.324005, 42.670077, 418.762647 ], [ 11.324018, 42.670176, 419.68825 ], [ 11.32422, 42.670488, 422.904002 ], [ 11.324352, 42.670807, 426.007054 ], [ 11.324324, 42.671106, 428.796209 ], [ 11.324404, 42.671402, 431.978362 ], [ 11.32442, 42.672027, 438.819534 ], [ 11.324402, 42.672082, 439.438631 ], [ 11.32402, 42.672311, 443.404583 ], [ 11.324218, 42.672461, 445.692177 ], [ 11.324314, 42.672574, 447.150268 ], [ 11.325007, 42.673524, 455.473267 ], [ 11.325198, 42.673715, 457.146162 ], [ 11.325398, 42.673807, 458.370158 ], [ 11.325983, 42.673968, 461.610917 ], [ 11.326117, 42.674071, 462.056316 ], [ 11.326211, 42.674268, 462.44133 ], [ 11.326232, 42.674557, 462.975061 ], [ 11.326237, 42.675811, 464.922559 ], [ 11.326175, 42.675918, 464.441516 ], [ 11.326343, 42.675885, 463.912737 ], [ 11.326567, 42.675688, 462.850725 ], [ 11.326798, 42.675536, 461.90804 ], [ 11.326935, 42.675331, 460.96333 ], [ 11.327034, 42.675283, 460.602716 ], [ 11.327305, 42.675269, 459.77661 ], [ 11.327852, 42.675334, 458.091672 ], [ 11.328086, 42.675303, 457.267352 ], [ 11.328261, 42.675241, 456.513648 ], [ 11.328458, 42.67505, 455.248659 ], [ 11.32854, 42.674769, 453.732 ], [ 11.328627, 42.674608, 452.817761 ], [ 11.328732, 42.674551, 452.311349 ], [ 11.329152, 42.6745, 450.659699 ], [ 11.329579, 42.67423, 448.474518 ], [ 11.329776, 42.674134, 448.310406 ], [ 11.330087, 42.674091, 448.42947 ], [ 11.330801, 42.674117, 448.698441 ], [ 11.331519, 42.674271, 448.979847 ], [ 11.332201, 42.674344, 448.539703 ], [ 11.332856, 42.674389, 446.474255 ], [ 11.333181, 42.674384, 445.453637 ], [ 11.333389, 42.674355, 444.788946 ], [ 11.333202, 42.674536, 443.818302 ], [ 11.333132, 42.67467, 443.205315 ], [ 11.333194, 42.675219, 439.054391 ], [ 11.333114, 42.675556, 433.427069 ], [ 11.33312, 42.67574, 430.399468 ], [ 11.332515, 42.675806, 423.002616 ], [ 11.331437, 42.676654, 404.923265 ], [ 11.330799, 42.677265, 393.860737 ], [ 11.330091, 42.677735, 386.049867 ], [ 11.329801, 42.678204, 386.001569 ], [ 11.330413, 42.678366, 385.956738 ], [ 11.330997, 42.678851, 385.90494 ], [ 11.331335, 42.678977, 388.504429 ], [ 11.331689, 42.679174, 391.549869 ], [ 11.332416, 42.679428, 397.071081 ], [ 11.332634, 42.679659, 399.694316 ], [ 11.332947, 42.680136, 404.928945 ], [ 11.333696, 42.680643, 412.958857 ], [ 11.333961, 42.681093, 418.219504 ], [ 11.33417, 42.681643, 424.476251 ], [ 11.334331, 42.68186, 427.273772 ], [ 11.334573, 42.682039, 430.130032 ], [ 11.335171, 42.682364, 436.317449 ], [ 11.335841, 42.682897, 444.983582 ], [ 11.336236, 42.683277, 451.509498 ], [ 11.335726, 42.683693, 459.151191 ], [ 11.335364, 42.684042, 465.139977 ], [ 11.335355, 42.684224, 467.234528 ], [ 11.335093, 42.684317, 468.634147 ], [ 11.334858, 42.684331, 469.768338 ], [ 11.334596, 42.684287, 471.061182 ], [ 11.333775, 42.684072, 475.253803 ], [ 11.333712, 42.684131, 475.744644 ], [ 11.333641, 42.684263, 476.673539 ], [ 11.333678, 42.68442, 477.716268 ], [ 11.333884, 42.684688, 478.41088 ], [ 11.33401, 42.684847, 478.151067 ], [ 11.33417, 42.684946, 477.934002 ], [ 11.334789, 42.685175, 477.214759 ], [ 11.33532, 42.685448, 476.542209 ], [ 11.335394, 42.685506, 476.429935 ], [ 11.33546, 42.685626, 476.247177 ], [ 11.33546, 42.685686, 476.162461 ], [ 11.335422, 42.685777, 476.23638 ], [ 11.335292, 42.685908, 476.623191 ], [ 11.335345, 42.685944, 476.749731 ], [ 11.335348, 42.68598, 476.83577 ], [ 11.335174, 42.686297, 477.651208 ], [ 11.334536, 42.687202, 480.08274 ], [ 11.334384, 42.687303, 480.396181 ], [ 11.334357, 42.687353, 480.396181 ], [ 11.334364, 42.687453, 480.396181 ], [ 11.334488, 42.687545, 480.396181 ], [ 11.334703, 42.687568, 480.396181 ], [ 11.334683, 42.687729, 480.396181 ], [ 11.334977, 42.687859, 480.396181 ], [ 11.335262, 42.688059, 480.396181 ], [ 11.335229, 42.688179, 480.396181 ], [ 11.335238, 42.688201, 480.396181 ], [ 11.335294, 42.688336, 480.396181 ], [ 11.335399, 42.688303, 480.396181 ], [ 11.33542, 42.688374, 480.396181 ] ] } }
]
}
