<?xml version="1.0"?>
<gpx version="1.1" creator="GDAL 3.10.1" xmlns:xsi="http://www.w3.org/2001/XMLSchema-instance" xmlns:ogr="http://osgeo.org/gdal" xmlns="http://www.topografix.com/GPX/1/1" xsi:schemaLocation="http://www.topografix.com/GPX/1/1 http://www.topografix.com/GPX/1/1/gpx.xsd">
<metadata>
<bounds minlat="42.423765000000003" minlon="11.407184000000001" maxlat="42.723590000000002" maxlon="11.629187999999999"/>                                       
</metadata>
<rte>
  <name>2025-04-10 16:46</name>
  <extensions>
    <ogr:locus_activity>no_activity</ogr:locus_activity>
  </extensions>
  <rtept lat="42.423765" lon="11.628819">
    <ele>57.5</ele>
  </rtept>
  <rtept lat="42.42379" lon="11.628707">
    <ele>57.5</ele>
  </rtept>
  <rtept lat="42.423802" lon="11.628688">
    <ele>57.75</ele>
  </rtept>
  <rtept lat="42.423801" lon="11.62854">
    <ele>58.75</ele>
  </rtept>
  <rtept lat="42.423813" lon="11.628453">
    <ele>59.0</ele>
  </rtept>
  <rtept lat="42.423841" lon="11.628355">
    <ele>59.0</ele>
  </rtept>
  <rtept lat="42.423874" lon="11.628294">
    <ele>59.0</ele>
  </rtept>
  <rtept lat="42.424272" lon="11.627835">
    <ele>63.5</ele>
  </rtept>
  <rtept lat="42.424428" lon="11.627558">
    <ele>64.5</ele>
  </rtept>
  <rtept lat="42.424678" lon="11.627199">
    <ele>67.0</ele>
  </rtept>
  <rtept lat="42.42477" lon="11.627133">
    <ele>67.25</ele>
  </rtept>
  <rtept lat="42.424793" lon="11.626941">
    <ele>68.25</ele>
  </rtept>
  <rtept lat="42.424984" lon="11.626927">
    <ele>68.75</ele>
  </rtept>
  <rtept lat="42.425186" lon="11.626913">
    <ele>69.5</ele>
  </rtept>
  <rtept lat="42.425735" lon="11.626874">
    <ele>71.5</ele>
  </rtept>
  <rtept lat="42.426347" lon="11.626774">
    <ele>70.25</ele>
  </rtept>
  <rtept lat="42.426882" lon="11.62689">
    <ele>71.0</ele>
  </rtept>
  <rtept lat="42.427082" lon="11.626955">
    <ele>71.0</ele>
  </rtept>
  <rtept lat="42.427406" lon="11.627126">
    <ele>71.75</ele>
  </rtept>
  <rtept lat="42.427815" lon="11.627335">
    <ele>72.25</ele>
  </rtept>
  <rtept lat="42.428102" lon="11.627421">
    <ele>73.0</ele>
  </rtept>
  <rtept lat="42.42841" lon="11.627493">
    <ele>73.0</ele>
  </rtept>
  <rtept lat="42.428529" lon="11.627506">
    <ele>73.0</ele>
  </rtept>
  <rtept lat="42.42877" lon="11.627473">
    <ele>72.75</ele>
  </rtept>
  <rtept lat="42.428948" lon="11.627425">
    <ele>72.5</ele>
  </rtept>
  <rtept lat="42.429033" lon="11.62739">
    <ele>72.25</ele>
  </rtept>
  <rtept lat="42.429274" lon="11.627294">
    <ele>72.0</ele>
  </rtept>
  <rtept lat="42.430672" lon="11.626569">
    <ele>73.25</ele>
  </rtept>
  <rtept lat="42.430756" lon="11.626549">
    <ele>73.25</ele>
  </rtept>
  <rtept lat="42.430875" lon="11.626542">
    <ele>73.25</ele>
  </rtept>
  <rtept lat="42.430858" lon="11.626669">
    <ele>72.75</ele>
  </rtept>
  <rtept lat="42.430597" lon="11.627437">
    <ele>71.0</ele>
  </rtept>
  <rtept lat="42.430398" lon="11.628157">
    <ele>69.5</ele>
  </rtept>
  <rtept lat="42.430597" lon="11.627437">
    <ele>71.0</ele>
  </rtept>
  <rtept lat="42.430858" lon="11.626669">
    <ele>72.75</ele>
  </rtept>
  <rtept lat="42.430875" lon="11.626542">
    <ele>73.25</ele>
  </rtept>
  <rtept lat="42.431274" lon="11.626555">
    <ele>71.75</ele>
  </rtept>
  <rtept lat="42.431298" lon="11.6267">
    <ele>71.0</ele>
  </rtept>
  <rtept lat="42.431451" lon="11.626655">
    <ele>70.75</ele>
  </rtept>
  <rtept lat="42.431581" lon="11.62665">
    <ele>70.25</ele>
  </rtept>
  <rtept lat="42.431709" lon="11.62666">
    <ele>70.0</ele>
  </rtept>
  <rtept lat="42.432428" lon="11.626834">
    <ele>71.25</ele>
  </rtept>
  <rtept lat="42.433193" lon="11.627031">
    <ele>72.5</ele>
  </rtept>
  <rtept lat="42.433491" lon="11.627081">
    <ele>73.5</ele>
  </rtept>
  <rtept lat="42.43474" lon="11.627439">
    <ele>79.25</ele>
  </rtept>
  <rtept lat="42.435247" lon="11.62754">
    <ele>81.5</ele>
  </rtept>
  <rtept lat="42.435263" lon="11.627543">
    <ele>81.5</ele>
  </rtept>
  <rtept lat="42.435342" lon="11.627554">
    <ele>82.25</ele>
  </rtept>
  <rtept lat="42.435646" lon="11.627632">
    <ele>83.75</ele>
  </rtept>
  <rtept lat="42.436105" lon="11.627682">
    <ele>85.25</ele>
  </rtept>
  <rtept lat="42.436236" lon="11.627705">
    <ele>85.25</ele>
  </rtept>
  <rtept lat="42.436401" lon="11.627773">
    <ele>84.75</ele>
  </rtept>
  <rtept lat="42.436634" lon="11.627856">
    <ele>83.75</ele>
  </rtept>
  <rtept lat="42.436944" lon="11.627914">
    <ele>82.5</ele>
  </rtept>
  <rtept lat="42.437052" lon="11.627944">
    <ele>82.0</ele>
  </rtept>
  <rtept lat="42.43716" lon="11.627994">
    <ele>81.25</ele>
  </rtept>
  <rtept lat="42.437269" lon="11.628067">
    <ele>80.75</ele>
  </rtept>
  <rtept lat="42.437448" lon="11.628058">
    <ele>80.0</ele>
  </rtept>
  <rtept lat="42.437549" lon="11.627985">
    <ele>80.0</ele>
  </rtept>
  <rtept lat="42.437669" lon="11.627989">
    <ele>79.25</ele>
  </rtept>
  <rtept lat="42.437911" lon="11.628042">
    <ele>77.0</ele>
  </rtept>
  <rtept lat="42.438172" lon="11.628125">
    <ele>74.5</ele>
  </rtept>
  <rtept lat="42.43824" lon="11.628133">
    <ele>74.5</ele>
  </rtept>
  <rtept lat="42.438383" lon="11.628104">
    <ele>74.25</ele>
  </rtept>
  <rtept lat="42.438495" lon="11.627998">
    <ele>74.0</ele>
  </rtept>
  <rtept lat="42.438558" lon="11.627902">
    <ele>73.5</ele>
  </rtept>
  <rtept lat="42.438488" lon="11.627897">
    <ele>73.25</ele>
  </rtept>
  <rtept lat="42.438098" lon="11.627791">
    <ele>72.0</ele>
  </rtept>
  <rtept lat="42.437916" lon="11.627687">
    <ele>74.5</ele>
  </rtept>
  <rtept lat="42.4378" lon="11.627586">
    <ele>74.5</ele>
  </rtept>
  <rtept lat="42.437611" lon="11.627295">
    <ele>77.0</ele>
  </rtept>
  <rtept lat="42.437562" lon="11.627115">
    <ele>76.5</ele>
  </rtept>
  <rtept lat="42.437528" lon="11.626843">
    <ele>74.5</ele>
  </rtept>
  <rtept lat="42.437499" lon="11.626697">
    <ele>73.25</ele>
  </rtept>
  <rtept lat="42.437459" lon="11.626582">
    <ele>73.5</ele>
  </rtept>
  <rtept lat="42.437402" lon="11.626497">
    <ele>73.75</ele>
  </rtept>
  <rtept lat="42.437095" lon="11.626171">
    <ele>74.0</ele>
  </rtept>
  <rtept lat="42.436874" lon="11.625904">
    <ele>74.25</ele>
  </rtept>
  <rtept lat="42.436733" lon="11.625698">
    <ele>74.75</ele>
  </rtept>
  <rtept lat="42.436654" lon="11.625546">
    <ele>74.25</ele>
  </rtept>
  <rtept lat="42.436503" lon="11.625149">
    <ele>74.5</ele>
  </rtept>
  <rtept lat="42.436462" lon="11.625004">
    <ele>74.75</ele>
  </rtept>
  <rtept lat="42.43639" lon="11.624395">
    <ele>72.5</ele>
  </rtept>
  <rtept lat="42.436361" lon="11.624286">
    <ele>72.25</ele>
  </rtept>
  <rtept lat="42.436319" lon="11.624192">
    <ele>72.0</ele>
  </rtept>
  <rtept lat="42.436273" lon="11.624134">
    <ele>72.25</ele>
  </rtept>
  <rtept lat="42.43621" lon="11.624074">
    <ele>72.25</ele>
  </rtept>
  <rtept lat="42.436109" lon="11.62403">
    <ele>73.0</ele>
  </rtept>
  <rtept lat="42.435925" lon="11.623993">
    <ele>73.0</ele>
  </rtept>
  <rtept lat="42.435828" lon="11.623961">
    <ele>73.0</ele>
  </rtept>
  <rtept lat="42.435246" lon="11.623615">
    <ele>73.25</ele>
  </rtept>
  <rtept lat="42.435157" lon="11.623537">
    <ele>73.0</ele>
  </rtept>
  <rtept lat="42.434684" lon="11.622951">
    <ele>73.0</ele>
  </rtept>
  <rtept lat="42.43459" lon="11.622801">
    <ele>73.5</ele>
  </rtept>
  <rtept lat="42.434177" lon="11.62209">
    <ele>72.75</ele>
  </rtept>
  <rtept lat="42.434107" lon="11.621954">
    <ele>72.75</ele>
  </rtept>
  <rtept lat="42.434068" lon="11.621832">
    <ele>73.25</ele>
  </rtept>
  <rtept lat="42.434047" lon="11.621693">
    <ele>73.5</ele>
  </rtept>
  <rtept lat="42.433967" lon="11.62039">
    <ele>72.25</ele>
  </rtept>
  <rtept lat="42.43395" lon="11.620277">
    <ele>72.25</ele>
  </rtept>
  <rtept lat="42.433925" lon="11.620177">
    <ele>71.75</ele>
  </rtept>
  <rtept lat="42.433884" lon="11.620092">
    <ele>71.5</ele>
  </rtept>
  <rtept lat="42.433066" lon="11.618846">
    <ele>73.5</ele>
  </rtept>
  <rtept lat="42.432951" lon="11.618719">
    <ele>73.5</ele>
  </rtept>
  <rtept lat="42.432906" lon="11.618685">
    <ele>73.75</ele>
  </rtept>
  <rtept lat="42.432871" lon="11.618657">
    <ele>74.0</ele>
  </rtept>
  <rtept lat="42.432803" lon="11.61862">
    <ele>74.5</ele>
  </rtept>
  <rtept lat="42.432687" lon="11.618622">
    <ele>75.0</ele>
  </rtept>
  <rtept lat="42.432704" lon="11.618473">
    <ele>75.25</ele>
  </rtept>
  <rtept lat="42.432704" lon="11.618281">
    <ele>75.75</ele>
  </rtept>
  <rtept lat="42.432694" lon="11.618192">
    <ele>76.0</ele>
  </rtept>
  <rtept lat="42.432671" lon="11.617963">
    <ele>76.0</ele>
  </rtept>
  <rtept lat="42.432561" lon="11.617275">
    <ele>75.75</ele>
  </rtept>
  <rtept lat="42.4325" lon="11.616975">
    <ele>76.75</ele>
  </rtept>
  <rtept lat="42.432412" lon="11.616813">
    <ele>77.0</ele>
  </rtept>
  <rtept lat="42.432448" lon="11.616716">
    <ele>77.5</ele>
  </rtept>
  <rtept lat="42.432519" lon="11.616662">
    <ele>77.75</ele>
  </rtept>
  <rtept lat="42.432606" lon="11.616453">
    <ele>77.5</ele>
  </rtept>
  <rtept lat="42.432719" lon="11.616266">
    <ele>78.0</ele>
  </rtept>
  <rtept lat="42.432899" lon="11.616065">
    <ele>79.0</ele>
  </rtept>
  <rtept lat="42.435411" lon="11.61365">
    <ele>88.25</ele>
  </rtept>
  <rtept lat="42.436348" lon="11.612756">
    <ele>89.5</ele>
  </rtept>
  <rtept lat="42.438785" lon="11.610814">
    <ele>90.75</ele>
  </rtept>
  <rtept lat="42.439223" lon="11.610387">
    <ele>90.0</ele>
  </rtept>
  <rtept lat="42.441128" lon="11.608614">
    <ele>87.75</ele>
  </rtept>
  <rtept lat="42.442337" lon="11.607474">
    <ele>86.25</ele>
  </rtept>
  <rtept lat="42.443407" lon="11.606744">
    <ele>87.25</ele>
  </rtept>
  <rtept lat="42.444926" lon="11.605721">
    <ele>91.0</ele>
  </rtept>
  <rtept lat="42.446201" lon="11.604885">
    <ele>97.25</ele>
  </rtept>
  <rtept lat="42.446456" lon="11.604661">
    <ele>96.75</ele>
  </rtept>
  <rtept lat="42.446642" lon="11.604655">
    <ele>97.25</ele>
  </rtept>
  <rtept lat="42.448617" lon="11.60395">
    <ele>89.0</ele>
  </rtept>
  <rtept lat="42.448998" lon="11.6038">
    <ele>89.25</ele>
  </rtept>
  <rtept lat="42.44912" lon="11.603784">
    <ele>89.5</ele>
  </rtept>
  <rtept lat="42.449199" lon="11.603806">
    <ele>89.5</ele>
  </rtept>
  <rtept lat="42.449285" lon="11.603875">
    <ele>89.0</ele>
  </rtept>
  <rtept lat="42.450119" lon="11.604765">
    <ele>85.25</ele>
  </rtept>
  <rtept lat="42.450241" lon="11.604909">
    <ele>85.25</ele>
  </rtept>
  <rtept lat="42.450332" lon="11.605112">
    <ele>84.75</ele>
  </rtept>
  <rtept lat="42.4508" lon="11.606668">
    <ele>80.75</ele>
  </rtept>
  <rtept lat="42.451166" lon="11.608108">
    <ele>78.25</ele>
  </rtept>
  <rtept lat="42.451347" lon="11.608433">
    <ele>78.5</ele>
  </rtept>
  <rtept lat="42.451819" lon="11.609377">
    <ele>76.25</ele>
  </rtept>
  <rtept lat="42.451905" lon="11.609521">
    <ele>75.5</ele>
  </rtept>
  <rtept lat="42.451996" lon="11.609638">
    <ele>75.25</ele>
  </rtept>
  <rtept lat="42.452169" lon="11.60976">
    <ele>74.75</ele>
  </rtept>
  <rtept lat="42.452417" lon="11.609878">
    <ele>74.0</ele>
  </rtept>
  <rtept lat="42.452951" lon="11.609995">
    <ele>73.0</ele>
  </rtept>
  <rtept lat="42.453066" lon="11.610032">
    <ele>73.0</ele>
  </rtept>
  <rtept lat="42.453144" lon="11.610091">
    <ele>73.25</ele>
  </rtept>
  <rtept lat="42.453714" lon="11.610581">
    <ele>73.75</ele>
  </rtept>
  <rtept lat="42.454537" lon="11.61139">
    <ele>72.25</ele>
  </rtept>
  <rtept lat="42.454873" lon="11.611667">
    <ele>73.5</ele>
  </rtept>
  <rtept lat="42.45607" lon="11.612454">
    <ele>76.75</ele>
  </rtept>
  <rtept lat="42.456521" lon="11.612656">
    <ele>77.25</ele>
  </rtept>
  <rtept lat="42.456771" lon="11.612747">
    <ele>77.5</ele>
  </rtept>
  <rtept lat="42.457064" lon="11.612772">
    <ele>78.0</ele>
  </rtept>
  <rtept lat="42.45722" lon="11.612739">
    <ele>78.0</ele>
  </rtept>
  <rtept lat="42.457679" lon="11.612616">
    <ele>77.0</ele>
  </rtept>
  <rtept lat="42.458013" lon="11.612564">
    <ele>75.75</ele>
  </rtept>
  <rtept lat="42.458314" lon="11.612557">
    <ele>74.75</ele>
  </rtept>
  <rtept lat="42.458653" lon="11.612488">
    <ele>76.0</ele>
  </rtept>
  <rtept lat="42.458962" lon="11.612484">
    <ele>77.0</ele>
  </rtept>
  <rtept lat="42.459333" lon="11.612528">
    <ele>77.0</ele>
  </rtept>
  <rtept lat="42.459593" lon="11.61255">
    <ele>77.0</ele>
  </rtept>
  <rtept lat="42.46017" lon="11.612584">
    <ele>75.5</ele>
  </rtept>
  <rtept lat="42.460443" lon="11.612621">
    <ele>74.5</ele>
  </rtept>
  <rtept lat="42.460776" lon="11.612734">
    <ele>74.75</ele>
  </rtept>
  <rtept lat="42.460996" lon="11.612785">
    <ele>75.0</ele>
  </rtept>
  <rtept lat="42.461121" lon="11.612789">
    <ele>74.75</ele>
  </rtept>
  <rtept lat="42.461591" lon="11.612717">
    <ele>74.5</ele>
  </rtept>
  <rtept lat="42.461633" lon="11.612728">
    <ele>74.25</ele>
  </rtept>
  <rtept lat="42.461741" lon="11.612804">
    <ele>74.75</ele>
  </rtept>
  <rtept lat="42.461917" lon="11.612902">
    <ele>75.75</ele>
  </rtept>
  <rtept lat="42.461989" lon="11.612932">
    <ele>76.0</ele>
  </rtept>
  <rtept lat="42.462081" lon="11.612951">
    <ele>76.5</ele>
  </rtept>
  <rtept lat="42.462164" lon="11.612955">
    <ele>77.0</ele>
  </rtept>
  <rtept lat="42.462587" lon="11.612939">
    <ele>76.5</ele>
  </rtept>
  <rtept lat="42.462818" lon="11.612955">
    <ele>76.25</ele>
  </rtept>
  <rtept lat="42.463181" lon="11.612914">
    <ele>76.25</ele>
  </rtept>
  <rtept lat="42.463902" lon="11.612806">
    <ele>73.5</ele>
  </rtept>
  <rtept lat="42.464325" lon="11.612924">
    <ele>73.5</ele>
  </rtept>
  <rtept lat="42.464535" lon="11.612887">
    <ele>74.25</ele>
  </rtept>
  <rtept lat="42.464701" lon="11.61279">
    <ele>74.75</ele>
  </rtept>
  <rtept lat="42.464875" lon="11.612758">
    <ele>75.0</ele>
  </rtept>
  <rtept lat="42.465406" lon="11.612828">
    <ele>76.75</ele>
  </rtept>
  <rtept lat="42.465722" lon="11.612973">
    <ele>77.25</ele>
  </rtept>
  <rtept lat="42.46604" lon="11.613038">
    <ele>76.25</ele>
  </rtept>
  <rtept lat="42.466177" lon="11.613053">
    <ele>76.25</ele>
  </rtept>
  <rtept lat="42.466525" lon="11.613354">
    <ele>75.75</ele>
  </rtept>
  <rtept lat="42.466668" lon="11.613386">
    <ele>76.0</ele>
  </rtept>
  <rtept lat="42.466838" lon="11.613262">
    <ele>78.25</ele>
  </rtept>
  <rtept lat="42.467024" lon="11.613069">
    <ele>80.0</ele>
  </rtept>
  <rtept lat="42.467269" lon="11.612731">
    <ele>84.75</ele>
  </rtept>
  <rtept lat="42.467388" lon="11.612662">
    <ele>86.25</ele>
  </rtept>
  <rtept lat="42.468223" lon="11.612645">
    <ele>96.5</ele>
  </rtept>
  <rtept lat="42.4685" lon="11.612613">
    <ele>97.75</ele>
  </rtept>
  <rtept lat="42.46869" lon="11.612619">
    <ele>97.75</ele>
  </rtept>
  <rtept lat="42.468888" lon="11.612581">
    <ele>97.5</ele>
  </rtept>
  <rtept lat="42.470047" lon="11.612527">
    <ele>110.5</ele>
  </rtept>
  <rtept lat="42.470605" lon="11.612645">
    <ele>114.25</ele>
  </rtept>
  <rtept lat="42.471017" lon="11.612576">
    <ele>118.0</ele>
  </rtept>
  <rtept lat="42.471084" lon="11.612629">
    <ele>118.25</ele>
  </rtept>
  <rtept lat="42.47123" lon="11.612817">
    <ele>121.0</ele>
  </rtept>
  <rtept lat="42.471369" lon="11.612919">
    <ele>124.5</ele>
  </rtept>
  <rtept lat="42.471582" lon="11.613042">
    <ele>127.0</ele>
  </rtept>
  <rtept lat="42.471792" lon="11.613037">
    <ele>127.25</ele>
  </rtept>
  <rtept lat="42.472144" lon="11.612747">
    <ele>131.25</ele>
  </rtept>
  <rtept lat="42.47271" lon="11.612683">
    <ele>132.5</ele>
  </rtept>
  <rtept lat="42.473019" lon="11.612586">
    <ele>131.5</ele>
  </rtept>
  <rtept lat="42.473818" lon="11.612248">
    <ele>128.0</ele>
  </rtept>
  <rtept lat="42.474692" lon="11.611835">
    <ele>131.5</ele>
  </rtept>
  <rtept lat="42.475537" lon="11.611514">
    <ele>134.0</ele>
  </rtept>
  <rtept lat="42.475943" lon="11.611347">
    <ele>135.75</ele>
  </rtept>
  <rtept lat="42.47692" lon="11.611235">
    <ele>136.0</ele>
  </rtept>
  <rtept lat="42.477996" lon="11.611122">
    <ele>138.25</ele>
  </rtept>
  <rtept lat="42.478507" lon="11.611095">
    <ele>137.75</ele>
  </rtept>
  <rtept lat="42.478918" lon="11.611084">
    <ele>139.25</ele>
  </rtept>
  <rtept lat="42.479183" lon="11.611192">
    <ele>137.0</ele>
  </rtept>
  <rtept lat="42.479535" lon="11.611288">
    <ele>135.0</ele>
  </rtept>
  <rtept lat="42.479986" lon="11.611272">
    <ele>134.25</ele>
  </rtept>
  <rtept lat="42.480603" lon="11.610966">
    <ele>133.25</ele>
  </rtept>
  <rtept lat="42.481062" lon="11.610805">
    <ele>134.25</ele>
  </rtept>
  <rtept lat="42.481612" lon="11.610923">
    <ele>135.75</ele>
  </rtept>
  <rtept lat="42.481988" lon="11.61102">
    <ele>133.75</ele>
  </rtept>
  <rtept lat="42.482388" lon="11.610999">
    <ele>133.0</ele>
  </rtept>
  <rtept lat="42.482997" lon="11.610838">
    <ele>132.0</ele>
  </rtept>
  <rtept lat="42.483385" lon="11.610784">
    <ele>131.5</ele>
  </rtept>
  <rtept lat="42.483737" lon="11.61095">
    <ele>129.0</ele>
  </rtept>
  <rtept lat="42.484243" lon="11.610988">
    <ele>129.5</ele>
  </rtept>
  <rtept lat="42.485015" lon="11.610907">
    <ele>129.25</ele>
  </rtept>
  <rtept lat="42.485121" lon="11.610918">
    <ele>129.75</ele>
  </rtept>
  <rtept lat="42.485177" lon="11.61102">
    <ele>129.25</ele>
  </rtept>
  <rtept lat="42.48589" lon="11.612088">
    <ele>126.75</ele>
  </rtept>
  <rtept lat="42.48613" lon="11.612436">
    <ele>125.25</ele>
  </rtept>
  <rtept lat="42.486597" lon="11.612742">
    <ele>125.25</ele>
  </rtept>
  <rtept lat="42.486704" lon="11.612946">
    <ele>122.25</ele>
  </rtept>
  <rtept lat="42.486886" lon="11.613418">
    <ele>116.25</ele>
  </rtept>
  <rtept lat="42.486985" lon="11.61359">
    <ele>115.25</ele>
  </rtept>
  <rtept lat="42.487352" lon="11.613954">
    <ele>116.75</ele>
  </rtept>
  <rtept lat="42.487487" lon="11.614292">
    <ele>118.0</ele>
  </rtept>
  <rtept lat="42.487706" lon="11.614674">
    <ele>119.25</ele>
  </rtept>
  <rtept lat="42.487875" lon="11.614829">
    <ele>119.0</ele>
  </rtept>
  <rtept lat="42.488148" lon="11.614947">
    <ele>118.75</ele>
  </rtept>
  <rtept lat="42.488318" lon="11.614936">
    <ele>118.5</ele>
  </rtept>
  <rtept lat="42.488579" lon="11.614775">
    <ele>116.25</ele>
  </rtept>
  <rtept lat="42.489251" lon="11.614249">
    <ele>113.75</ele>
  </rtept>
  <rtept lat="42.489391" lon="11.614158">
    <ele>112.75</ele>
  </rtept>
  <rtept lat="42.489773" lon="11.613911">
    <ele>112.75</ele>
  </rtept>
  <rtept lat="42.489991" lon="11.61359">
    <ele>112.25</ele>
  </rtept>
  <rtept lat="42.490157" lon="11.613429">
    <ele>115.5</ele>
  </rtept>
  <rtept lat="42.49047" lon="11.613462">
    <ele>116.0</ele>
  </rtept>
  <rtept lat="42.490561" lon="11.613632">
    <ele>117.0</ele>
  </rtept>
  <rtept lat="42.490926" lon="11.614373">
    <ele>122.25</ele>
  </rtept>
  <rtept lat="42.491178" lon="11.615022">
    <ele>125.75</ele>
  </rtept>
  <rtept lat="42.491824" lon="11.61617">
    <ele>137.25</ele>
  </rtept>
  <rtept lat="42.491974" lon="11.61638">
    <ele>140.5</ele>
  </rtept>
  <rtept lat="42.492119" lon="11.616658">
    <ele>142.5</ele>
  </rtept>
  <rtept lat="42.492194" lon="11.616728">
    <ele>143.5</ele>
  </rtept>
  <rtept lat="42.492697" lon="11.616631">
    <ele>146.0</ele>
  </rtept>
  <rtept lat="42.493061" lon="11.616526">
    <ele>146.5</ele>
  </rtept>
  <rtept lat="42.493531" lon="11.616675">
    <ele>148.25</ele>
  </rtept>
  <rtept lat="42.494365" lon="11.617015">
    <ele>153.75</ele>
  </rtept>
  <rtept lat="42.494795" lon="11.617078">
    <ele>151.75</ele>
  </rtept>
  <rtept lat="42.495395" lon="11.61692">
    <ele>148.0</ele>
  </rtept>
  <rtept lat="42.496048" lon="11.616621">
    <ele>144.25</ele>
  </rtept>
  <rtept lat="42.496319" lon="11.616553">
    <ele>144.25</ele>
  </rtept>
  <rtept lat="42.497699" lon="11.616702">
    <ele>152.0</ele>
  </rtept>
  <rtept lat="42.498106" lon="11.616692">
    <ele>150.75</ele>
  </rtept>
  <rtept lat="42.498329" lon="11.616693">
    <ele>150.5</ele>
  </rtept>
  <rtept lat="42.499463" lon="11.616879">
    <ele>162.25</ele>
  </rtept>
  <rtept lat="42.500756" lon="11.616888">
    <ele>169.0</ele>
  </rtept>
  <rtept lat="42.501346" lon="11.616829">
    <ele>170.75</ele>
  </rtept>
  <rtept lat="42.501393" lon="11.616825">
    <ele>170.75</ele>
  </rtept>
  <rtept lat="42.50201" lon="11.61654">
    <ele>170.5</ele>
  </rtept>
  <rtept lat="42.502933" lon="11.615748">
    <ele>171.25</ele>
  </rtept>
  <rtept lat="42.504537" lon="11.614536">
    <ele>175.75</ele>
  </rtept>
  <rtept lat="42.505594" lon="11.613727">
    <ele>179.25</ele>
  </rtept>
  <rtept lat="42.505909" lon="11.613383">
    <ele>179.25</ele>
  </rtept>
  <rtept lat="42.506825" lon="11.613066">
    <ele>171.5</ele>
  </rtept>
  <rtept lat="42.507001" lon="11.612803">
    <ele>168.25</ele>
  </rtept>
  <rtept lat="42.507061" lon="11.612456">
    <ele>166.0</ele>
  </rtept>
  <rtept lat="42.507043" lon="11.612241">
    <ele>164.25</ele>
  </rtept>
  <rtept lat="42.506923" lon="11.611823">
    <ele>163.0</ele>
  </rtept>
  <rtept lat="42.506155" lon="11.610436">
    <ele>148.5</ele>
  </rtept>
  <rtept lat="42.505927" lon="11.609833">
    <ele>147.5</ele>
  </rtept>
  <rtept lat="42.505907" lon="11.609729">
    <ele>146.0</ele>
  </rtept>
  <rtept lat="42.505959" lon="11.609524">
    <ele>143.0</ele>
  </rtept>
  <rtept lat="42.506075" lon="11.609284">
    <ele>141.25</ele>
  </rtept>
  <rtept lat="42.506159" lon="11.609259">
    <ele>141.5</ele>
  </rtept>
  <rtept lat="42.506291" lon="11.60936">
    <ele>140.75</ele>
  </rtept>
  <rtept lat="42.506701" lon="11.60951">
    <ele>138.5</ele>
  </rtept>
  <rtept lat="42.50689" lon="11.60969">
    <ele>138.0</ele>
  </rtept>
  <rtept lat="42.507062" lon="11.610036">
    <ele>136.5</ele>
  </rtept>
  <rtept lat="42.507261" lon="11.610319">
    <ele>135.5</ele>
  </rtept>
  <rtept lat="42.507511" lon="11.610851">
    <ele>135.0</ele>
  </rtept>
  <rtept lat="42.50791" lon="11.611506">
    <ele>135.5</ele>
  </rtept>
  <rtept lat="42.508194" lon="11.611862">
    <ele>134.0</ele>
  </rtept>
  <rtept lat="42.508734" lon="11.612293">
    <ele>133.25</ele>
  </rtept>
  <rtept lat="42.509249" lon="11.612612">
    <ele>132.25</ele>
  </rtept>
  <rtept lat="42.509938" lon="11.613167">
    <ele>125.25</ele>
  </rtept>
  <rtept lat="42.510192" lon="11.613277">
    <ele>123.5</ele>
  </rtept>
  <rtept lat="42.51058" lon="11.613176">
    <ele>122.75</ele>
  </rtept>
  <rtept lat="42.511272" lon="11.612758">
    <ele>121.25</ele>
  </rtept>
  <rtept lat="42.511598" lon="11.612476">
    <ele>118.75</ele>
  </rtept>
  <rtept lat="42.511784" lon="11.612413">
    <ele>119.0</ele>
  </rtept>
  <rtept lat="42.511911" lon="11.612436">
    <ele>119.0</ele>
  </rtept>
  <rtept lat="42.512346" lon="11.612699">
    <ele>116.0</ele>
  </rtept>
  <rtept lat="42.512547" lon="11.6127">
    <ele>115.25</ele>
  </rtept>
  <rtept lat="42.512849" lon="11.612498">
    <ele>114.0</ele>
  </rtept>
  <rtept lat="42.5131" lon="11.612138">
    <ele>114.25</ele>
  </rtept>
  <rtept lat="42.513325" lon="11.611719">
    <ele>115.5</ele>
  </rtept>
  <rtept lat="42.513583" lon="11.611214">
    <ele>118.5</ele>
  </rtept>
  <rtept lat="42.514178" lon="11.610638">
    <ele>120.5</ele>
  </rtept>
  <rtept lat="42.514603" lon="11.610174">
    <ele>122.25</ele>
  </rtept>
  <rtept lat="42.514746" lon="11.61006">
    <ele>116.25</ele>
  </rtept>
  <rtept lat="42.51545" lon="11.609504">
    <ele>116.25</ele>
  </rtept>
  <rtept lat="42.515938" lon="11.609453">
    <ele>113.5</ele>
  </rtept>
  <rtept lat="42.516649" lon="11.609007">
    <ele>111.75</ele>
  </rtept>
  <rtept lat="42.517345" lon="11.608822">
    <ele>115.0</ele>
  </rtept>
  <rtept lat="42.517651" lon="11.608771">
    <ele>114.25</ele>
  </rtept>
  <rtept lat="42.517977" lon="11.608843">
    <ele>109.25</ele>
  </rtept>
  <rtept lat="42.518593" lon="11.608511">
    <ele>112.0</ele>
  </rtept>
  <rtept lat="42.51887" lon="11.608167">
    <ele>111.75</ele>
  </rtept>
  <rtept lat="42.519194" lon="11.607577">
    <ele>114.75</ele>
  </rtept>
  <rtept lat="42.51955" lon="11.607159">
    <ele>109.25</ele>
  </rtept>
  <rtept lat="42.519977" lon="11.606687">
    <ele>106.5</ele>
  </rtept>
  <rtept lat="42.520341" lon="11.606408">
    <ele>103.5</ele>
  </rtept>
  <rtept lat="42.52083" lon="11.606184">
    <ele>98.0</ele>
  </rtept>
  <rtept lat="42.520882" lon="11.606239">
    <ele>97.75</ele>
  </rtept>
  <rtept lat="42.521034" lon="11.606272">
    <ele>98.75</ele>
  </rtept>
  <rtept lat="42.521544" lon="11.606234">
    <ele>104.5</ele>
  </rtept>
  <rtept lat="42.521895" lon="11.606273">
    <ele>105.25</ele>
  </rtept>
  <rtept lat="42.522281" lon="11.606457">
    <ele>104.25</ele>
  </rtept>
  <rtept lat="42.522844" lon="11.606549">
    <ele>105.5</ele>
  </rtept>
  <rtept lat="42.524018" lon="11.606052">
    <ele>111.25</ele>
  </rtept>
  <rtept lat="42.52422" lon="11.606082">
    <ele>110.25</ele>
  </rtept>
  <rtept lat="42.524724" lon="11.606178">
    <ele>108.25</ele>
  </rtept>
  <rtept lat="42.525096" lon="11.606104">
    <ele>105.25</ele>
  </rtept>
  <rtept lat="42.525925" lon="11.604796">
    <ele>103.5</ele>
  </rtept>
  <rtept lat="42.526256" lon="11.603951">
    <ele>109.25</ele>
  </rtept>
  <rtept lat="42.526591" lon="11.603382">
    <ele>108.25</ele>
  </rtept>
  <rtept lat="42.526722" lon="11.603091">
    <ele>108.25</ele>
  </rtept>
  <rtept lat="42.526777" lon="11.602923">
    <ele>110.0</ele>
  </rtept>
  <rtept lat="42.526992" lon="11.602276">
    <ele>110.0</ele>
  </rtept>
  <rtept lat="42.527127" lon="11.601804">
    <ele>115.5</ele>
  </rtept>
  <rtept lat="42.527183" lon="11.601697">
    <ele>116.25</ele>
  </rtept>
  <rtept lat="42.527284" lon="11.60153">
    <ele>115.75</ele>
  </rtept>
  <rtept lat="42.527329" lon="11.601335">
    <ele>117.75</ele>
  </rtept>
  <rtept lat="42.527394" lon="11.601198">
    <ele>118.0</ele>
  </rtept>
  <rtept lat="42.527398" lon="11.601117">
    <ele>119.25</ele>
  </rtept>
  <rtept lat="42.527438" lon="11.600967">
    <ele>119.75</ele>
  </rtept>
  <rtept lat="42.528188" lon="11.599454">
    <ele>117.0</ele>
  </rtept>
  <rtept lat="42.528271" lon="11.598989">
    <ele>120.75</ele>
  </rtept>
  <rtept lat="42.528504" lon="11.59863">
    <ele>120.5</ele>
  </rtept>
  <rtept lat="42.52901" lon="11.597909">
    <ele>119.25</ele>
  </rtept>
  <rtept lat="42.529299" lon="11.597157">
    <ele>120.0</ele>
  </rtept>
  <rtept lat="42.529396" lon="11.595925">
    <ele>119.75</ele>
  </rtept>
  <rtept lat="42.529753" lon="11.595235">
    <ele>119.5</ele>
  </rtept>
  <rtept lat="42.53" lon="11.593784">
    <ele>116.25</ele>
  </rtept>
  <rtept lat="42.530231" lon="11.593317">
    <ele>117.25</ele>
  </rtept>
  <rtept lat="42.531129" lon="11.59203">
    <ele>117.25</ele>
  </rtept>
  <rtept lat="42.53216" lon="11.590416">
    <ele>128.0</ele>
  </rtept>
  <rtept lat="42.533023" lon="11.589931">
    <ele>123.5</ele>
  </rtept>
  <rtept lat="42.533211" lon="11.589875">
    <ele>123.5</ele>
  </rtept>
  <rtept lat="42.533533" lon="11.589899">
    <ele>121.0</ele>
  </rtept>
  <rtept lat="42.533594" lon="11.5899">
    <ele>118.25</ele>
  </rtept>
  <rtept lat="42.533853" lon="11.589907">
    <ele>118.25</ele>
  </rtept>
  <rtept lat="42.534286" lon="11.589855">
    <ele>114.5</ele>
  </rtept>
  <rtept lat="42.534381" lon="11.589824">
    <ele>113.5</ele>
  </rtept>
  <rtept lat="42.534577" lon="11.589687">
    <ele>113.25</ele>
  </rtept>
  <rtept lat="42.535193" lon="11.589024">
    <ele>109.75</ele>
  </rtept>
  <rtept lat="42.535924" lon="11.588262">
    <ele>109.75</ele>
  </rtept>
  <rtept lat="42.536028" lon="11.588184">
    <ele>109.75</ele>
  </rtept>
  <rtept lat="42.536206" lon="11.58809">
    <ele>110.0</ele>
  </rtept>
  <rtept lat="42.536818" lon="11.587976">
    <ele>111.75</ele>
  </rtept>
  <rtept lat="42.536889" lon="11.587948">
    <ele>111.75</ele>
  </rtept>
  <rtept lat="42.536965" lon="11.587906">
    <ele>111.5</ele>
  </rtept>
  <rtept lat="42.53703" lon="11.587831">
    <ele>111.0</ele>
  </rtept>
  <rtept lat="42.537096" lon="11.587712">
    <ele>110.75</ele>
  </rtept>
  <rtept lat="42.537535" lon="11.586735">
    <ele>111.5</ele>
  </rtept>
  <rtept lat="42.537627" lon="11.586544">
    <ele>111.75</ele>
  </rtept>
  <rtept lat="42.53772" lon="11.586394">
    <ele>111.75</ele>
  </rtept>
  <rtept lat="42.5378" lon="11.586294">
    <ele>111.5</ele>
  </rtept>
  <rtept lat="42.539104" lon="11.585036">
    <ele>108.25</ele>
  </rtept>
  <rtept lat="42.539189" lon="11.584942">
    <ele>107.25</ele>
  </rtept>
  <rtept lat="42.539302" lon="11.584763">
    <ele>106.5</ele>
  </rtept>
  <rtept lat="42.539348" lon="11.584638">
    <ele>106.75</ele>
  </rtept>
  <rtept lat="42.540099" lon="11.58163">
    <ele>109.75</ele>
  </rtept>
  <rtept lat="42.540543" lon="11.579905">
    <ele>112.0</ele>
  </rtept>
  <rtept lat="42.540804" lon="11.578848">
    <ele>114.75</ele>
  </rtept>
  <rtept lat="42.540884" lon="11.578551">
    <ele>114.75</ele>
  </rtept>
  <rtept lat="42.541024" lon="11.577986">
    <ele>120.25</ele>
  </rtept>
  <rtept lat="42.541464" lon="11.576212">
    <ele>120.25</ele>
  </rtept>
  <rtept lat="42.54169" lon="11.575332">
    <ele>124.0</ele>
  </rtept>
  <rtept lat="42.541724" lon="11.5752">
    <ele>125.25</ele>
  </rtept>
  <rtept lat="42.541798" lon="11.574871">
    <ele>129.5</ele>
  </rtept>
  <rtept lat="42.541808" lon="11.574646">
    <ele>131.5</ele>
  </rtept>
  <rtept lat="42.541778" lon="11.574501">
    <ele>132.25</ele>
  </rtept>
  <rtept lat="42.541648" lon="11.574131">
    <ele>134.0</ele>
  </rtept>
  <rtept lat="42.541599" lon="11.573926">
    <ele>136.0</ele>
  </rtept>
  <rtept lat="42.54143" lon="11.573796">
    <ele>134.0</ele>
  </rtept>
  <rtept lat="42.54124" lon="11.57385">
    <ele>129.75</ele>
  </rtept>
  <rtept lat="42.541027" lon="11.573764">
    <ele>126.25</ele>
  </rtept>
  <rtept lat="42.540798" lon="11.573485">
    <ele>123.75</ele>
  </rtept>
  <rtept lat="42.540477" lon="11.573394">
    <ele>121.0</ele>
  </rtept>
  <rtept lat="42.540276" lon="11.573464">
    <ele>121.0</ele>
  </rtept>
  <rtept lat="42.539952" lon="11.573131">
    <ele>125.25</ele>
  </rtept>
  <rtept lat="42.539628" lon="11.57297">
    <ele>131.25</ele>
  </rtept>
  <rtept lat="42.539153" lon="11.57311">
    <ele>138.5</ele>
  </rtept>
  <rtept lat="42.538932" lon="11.573099">
    <ele>142.5</ele>
  </rtept>
  <rtept lat="42.53864" lon="11.572841">
    <ele>146.5</ele>
  </rtept>
  <rtept lat="42.538268" lon="11.572541">
    <ele>154.0</ele>
  </rtept>
  <rtept lat="42.53815" lon="11.571972">
    <ele>157.5</ele>
  </rtept>
  <rtept lat="42.538157" lon="11.571457">
    <ele>161.75</ele>
  </rtept>
  <rtept lat="42.538252" lon="11.571018">
    <ele>163.5</ele>
  </rtept>
  <rtept lat="42.538189" lon="11.570803">
    <ele>166.5</ele>
  </rtept>
  <rtept lat="42.538078" lon="11.569859">
    <ele>170.0</ele>
  </rtept>
  <rtept lat="42.537896" lon="11.569526">
    <ele>172.5</ele>
  </rtept>
  <rtept lat="42.537659" lon="11.569322">
    <ele>175.75</ele>
  </rtept>
  <rtept lat="42.537565" lon="11.56929">
    <ele>177.25</ele>
  </rtept>
  <rtept lat="42.53758" lon="11.568893">
    <ele>177.0</ele>
  </rtept>
  <rtept lat="42.537489" lon="11.568148">
    <ele>184.75</ele>
  </rtept>
  <rtept lat="42.537592" lon="11.567949">
    <ele>187.75</ele>
  </rtept>
  <rtept lat="42.537812" lon="11.567732">
    <ele>189.25</ele>
  </rtept>
  <rtept lat="42.537928" lon="11.56752">
    <ele>190.75</ele>
  </rtept>
  <rtept lat="42.538014" lon="11.567274">
    <ele>193.75</ele>
  </rtept>
  <rtept lat="42.538034" lon="11.566939">
    <ele>197.5</ele>
  </rtept>
  <rtept lat="42.538024" lon="11.566754">
    <ele>198.5</ele>
  </rtept>
  <rtept lat="42.538056" lon="11.566399">
    <ele>199.75</ele>
  </rtept>
  <rtept lat="42.538005" lon="11.566118">
    <ele>203.25</ele>
  </rtept>
  <rtept lat="42.537928" lon="11.565782">
    <ele>203.75</ele>
  </rtept>
  <rtept lat="42.537787" lon="11.565496">
    <ele>204.0</ele>
  </rtept>
  <rtept lat="42.53757" lon="11.565244">
    <ele>205.5</ele>
  </rtept>
  <rtept lat="42.53755" lon="11.565158">
    <ele>206.0</ele>
  </rtept>
  <rtept lat="42.537558" lon="11.565051">
    <ele>205.75</ele>
  </rtept>
  <rtept lat="42.537601" lon="11.564965">
    <ele>205.25</ele>
  </rtept>
  <rtept lat="42.537661" lon="11.564898">
    <ele>205.0</ele>
  </rtept>
  <rtept lat="42.537827" lon="11.564828">
    <ele>203.0</ele>
  </rtept>
  <rtept lat="42.537867" lon="11.564777">
    <ele>203.0</ele>
  </rtept>
  <rtept lat="42.537931" lon="11.564557">
    <ele>204.75</ele>
  </rtept>
  <rtept lat="42.537924" lon="11.564492">
    <ele>205.75</ele>
  </rtept>
  <rtept lat="42.537818" lon="11.564146">
    <ele>211.75</ele>
  </rtept>
  <rtept lat="42.537811" lon="11.564034">
    <ele>214.0</ele>
  </rtept>
  <rtept lat="42.537842" lon="11.563951">
    <ele>215.0</ele>
  </rtept>
  <rtept lat="42.537924" lon="11.563852">
    <ele>216.0</ele>
  </rtept>
  <rtept lat="42.538325" lon="11.563463">
    <ele>220.75</ele>
  </rtept>
  <rtept lat="42.538521" lon="11.563314">
    <ele>223.5</ele>
  </rtept>
  <rtept lat="42.538616" lon="11.563185">
    <ele>225.5</ele>
  </rtept>
  <rtept lat="42.538608" lon="11.563035">
    <ele>227.5</ele>
  </rtept>
  <rtept lat="42.538557" lon="11.562997">
    <ele>227.75</ele>
  </rtept>
  <rtept lat="42.538521" lon="11.562971">
    <ele>228.0</ele>
  </rtept>
  <rtept lat="42.538221" lon="11.562949">
    <ele>231.25</ele>
  </rtept>
  <rtept lat="42.537469" lon="11.562666">
    <ele>242.0</ele>
  </rtept>
  <rtept lat="42.537333" lon="11.562601">
    <ele>243.5</ele>
  </rtept>
  <rtept lat="42.537296" lon="11.562611">
    <ele>243.75</ele>
  </rtept>
  <rtept lat="42.537065" lon="11.562672">
    <ele>245.5</ele>
  </rtept>
  <rtept lat="42.5369" lon="11.562789">
    <ele>246.75</ele>
  </rtept>
  <rtept lat="42.536773" lon="11.562944">
    <ele>247.25</ele>
  </rtept>
  <rtept lat="42.53674" lon="11.562978">
    <ele>248.75</ele>
  </rtept>
  <rtept lat="42.536641" lon="11.563085">
    <ele>248.75</ele>
  </rtept>
  <rtept lat="42.536159" lon="11.56308">
    <ele>256.0</ele>
  </rtept>
  <rtept lat="42.536025" lon="11.563152">
    <ele>257.5</ele>
  </rtept>
  <rtept lat="42.535781" lon="11.563499">
    <ele>260.0</ele>
  </rtept>
  <rtept lat="42.535698" lon="11.563541">
    <ele>262.25</ele>
  </rtept>
  <rtept lat="42.535575" lon="11.563511">
    <ele>265.75</ele>
  </rtept>
  <rtept lat="42.535527" lon="11.563406">
    <ele>266.5</ele>
  </rtept>
  <rtept lat="42.535476" lon="11.563191">
    <ele>267.5</ele>
  </rtept>
  <rtept lat="42.535443" lon="11.563117">
    <ele>268.0</ele>
  </rtept>
  <rtept lat="42.535382" lon="11.563008">
    <ele>268.5</ele>
  </rtept>
  <rtept lat="42.53514" lon="11.562744">
    <ele>270.25</ele>
  </rtept>
  <rtept lat="42.534992" lon="11.562617">
    <ele>271.75</ele>
  </rtept>
  <rtept lat="42.534906" lon="11.562506">
    <ele>273.5</ele>
  </rtept>
  <rtept lat="42.534801" lon="11.562398">
    <ele>275.5</ele>
  </rtept>
  <rtept lat="42.534683" lon="11.56227">
    <ele>277.75</ele>
  </rtept>
  <rtept lat="42.534614" lon="11.562174">
    <ele>279.25</ele>
  </rtept>
  <rtept lat="42.534493" lon="11.562058">
    <ele>281.5</ele>
  </rtept>
  <rtept lat="42.534384" lon="11.561941">
    <ele>283.5</ele>
  </rtept>
  <rtept lat="42.534344" lon="11.561861">
    <ele>283.25</ele>
  </rtept>
  <rtept lat="42.534326" lon="11.561799">
    <ele>283.0</ele>
  </rtept>
  <rtept lat="42.534339" lon="11.561712">
    <ele>282.25</ele>
  </rtept>
  <rtept lat="42.534329" lon="11.561522">
    <ele>280.75</ele>
  </rtept>
  <rtept lat="42.534298" lon="11.561378">
    <ele>280.0</ele>
  </rtept>
  <rtept lat="42.534195" lon="11.561148">
    <ele>281.75</ele>
  </rtept>
  <rtept lat="42.534128" lon="11.56096">
    <ele>283.25</ele>
  </rtept>
  <rtept lat="42.534103" lon="11.560826">
    <ele>284.0</ele>
  </rtept>
  <rtept lat="42.534092" lon="11.560605">
    <ele>285.75</ele>
  </rtept>
  <rtept lat="42.534043" lon="11.560327">
    <ele>288.25</ele>
  </rtept>
  <rtept lat="42.533993" lon="11.560154">
    <ele>289.0</ele>
  </rtept>
  <rtept lat="42.533969" lon="11.559942">
    <ele>290.5</ele>
  </rtept>
  <rtept lat="42.533901" lon="11.559582">
    <ele>292.75</ele>
  </rtept>
  <rtept lat="42.533848" lon="11.55903">
    <ele>294.75</ele>
  </rtept>
  <rtept lat="42.533816" lon="11.558665">
    <ele>299.25</ele>
  </rtept>
  <rtept lat="42.533785" lon="11.558459">
    <ele>301.25</ele>
  </rtept>
  <rtept lat="42.533728" lon="11.558257">
    <ele>303.0</ele>
  </rtept>
  <rtept lat="42.533678" lon="11.558046">
    <ele>304.0</ele>
  </rtept>
  <rtept lat="42.533512" lon="11.557719">
    <ele>306.25</ele>
  </rtept>
  <rtept lat="42.533321" lon="11.557225">
    <ele>307.0</ele>
  </rtept>
  <rtept lat="42.533218" lon="11.55697">
    <ele>309.25</ele>
  </rtept>
  <rtept lat="42.533141" lon="11.556789">
    <ele>311.75</ele>
  </rtept>
  <rtept lat="42.533082" lon="11.556681">
    <ele>313.5</ele>
  </rtept>
  <rtept lat="42.532969" lon="11.556562">
    <ele>311.75</ele>
  </rtept>
  <rtept lat="42.532833" lon="11.55661">
    <ele>310.5</ele>
  </rtept>
  <rtept lat="42.532741" lon="11.556625">
    <ele>309.75</ele>
  </rtept>
  <rtept lat="42.532679" lon="11.556549">
    <ele>309.25</ele>
  </rtept>
  <rtept lat="42.532589" lon="11.556488">
    <ele>308.75</ele>
  </rtept>
  <rtept lat="42.53242" lon="11.556404">
    <ele>308.5</ele>
  </rtept>
  <rtept lat="42.532339" lon="11.556337">
    <ele>308.75</ele>
  </rtept>
  <rtept lat="42.532256" lon="11.556217">
    <ele>309.0</ele>
  </rtept>
  <rtept lat="42.532175" lon="11.556073">
    <ele>309.5</ele>
  </rtept>
  <rtept lat="42.532058" lon="11.555748">
    <ele>311.25</ele>
  </rtept>
  <rtept lat="42.532062" lon="11.55563">
    <ele>311.25</ele>
  </rtept>
  <rtept lat="42.532137" lon="11.555415">
    <ele>310.0</ele>
  </rtept>
  <rtept lat="42.532143" lon="11.555317">
    <ele>310.0</ele>
  </rtept>
  <rtept lat="42.532133" lon="11.55514">
    <ele>310.0</ele>
  </rtept>
  <rtept lat="42.532101" lon="11.554828">
    <ele>309.25</ele>
  </rtept>
  <rtept lat="42.53209" lon="11.554637">
    <ele>309.25</ele>
  </rtept>
  <rtept lat="42.53209" lon="11.554536">
    <ele>309.5</ele>
  </rtept>
  <rtept lat="42.5321" lon="11.554387">
    <ele>310.5</ele>
  </rtept>
  <rtept lat="42.532172" lon="11.554252">
    <ele>311.25</ele>
  </rtept>
  <rtept lat="42.532359" lon="11.554041">
    <ele>311.5</ele>
  </rtept>
  <rtept lat="42.53243" lon="11.553936">
    <ele>311.5</ele>
  </rtept>
  <rtept lat="42.532521" lon="11.553759">
    <ele>311.5</ele>
  </rtept>
  <rtept lat="42.532601" lon="11.553581">
    <ele>312.25</ele>
  </rtept>
  <rtept lat="42.532642" lon="11.553475">
    <ele>312.25</ele>
  </rtept>
  <rtept lat="42.532893" lon="11.5531">
    <ele>310.5</ele>
  </rtept>
  <rtept lat="42.533049" lon="11.552827">
    <ele>309.0</ele>
  </rtept>
  <rtept lat="42.533201" lon="11.552544">
    <ele>307.25</ele>
  </rtept>
  <rtept lat="42.533332" lon="11.552332">
    <ele>306.75</ele>
  </rtept>
  <rtept lat="42.533526" lon="11.552063">
    <ele>305.75</ele>
  </rtept>
  <rtept lat="42.533654" lon="11.55191">
    <ele>305.75</ele>
  </rtept>
  <rtept lat="42.534114" lon="11.551089">
    <ele>306.5</ele>
  </rtept>
  <rtept lat="42.534245" lon="11.550815">
    <ele>306.0</ele>
  </rtept>
  <rtept lat="42.534436" lon="11.550369">
    <ele>304.5</ele>
  </rtept>
  <rtept lat="42.534519" lon="11.550126">
    <ele>302.75</ele>
  </rtept>
  <rtept lat="42.534598" lon="11.549951">
    <ele>301.5</ele>
  </rtept>
  <rtept lat="42.534828" lon="11.549497">
    <ele>297.0</ele>
  </rtept>
  <rtept lat="42.535" lon="11.549066">
    <ele>294.5</ele>
  </rtept>
  <rtept lat="42.535156" lon="11.548477">
    <ele>292.75</ele>
  </rtept>
  <rtept lat="42.5352" lon="11.548352">
    <ele>292.0</ele>
  </rtept>
  <rtept lat="42.535267" lon="11.548266">
    <ele>291.5</ele>
  </rtept>
  <rtept lat="42.53533" lon="11.548272">
    <ele>290.75</ele>
  </rtept>
  <rtept lat="42.535518" lon="11.548415">
    <ele>289.75</ele>
  </rtept>
  <rtept lat="42.535617" lon="11.548501">
    <ele>289.0</ele>
  </rtept>
  <rtept lat="42.535781" lon="11.548595">
    <ele>286.75</ele>
  </rtept>
  <rtept lat="42.53628" lon="11.548772">
    <ele>278.75</ele>
  </rtept>
  <rtept lat="42.536471" lon="11.54882">
    <ele>274.75</ele>
  </rtept>
  <rtept lat="42.536547" lon="11.548821">
    <ele>273.5</ele>
  </rtept>
  <rtept lat="42.536654" lon="11.548791">
    <ele>271.5</ele>
  </rtept>
  <rtept lat="42.536808" lon="11.548701">
    <ele>269.0</ele>
  </rtept>
  <rtept lat="42.537099" lon="11.548636">
    <ele>264.25</ele>
  </rtept>
  <rtept lat="42.537202" lon="11.548573">
    <ele>262.0</ele>
  </rtept>
  <rtept lat="42.537296" lon="11.548436">
    <ele>260.25</ele>
  </rtept>
  <rtept lat="42.53749" lon="11.548102">
    <ele>257.25</ele>
  </rtept>
  <rtept lat="42.537537" lon="11.547999">
    <ele>256.5</ele>
  </rtept>
  <rtept lat="42.537584" lon="11.547837">
    <ele>255.5</ele>
  </rtept>
  <rtept lat="42.537626" lon="11.547656">
    <ele>254.25</ele>
  </rtept>
  <rtept lat="42.537698" lon="11.54748">
    <ele>252.75</ele>
  </rtept>
  <rtept lat="42.537784" lon="11.547305">
    <ele>251.75</ele>
  </rtept>
  <rtept lat="42.53786" lon="11.547167">
    <ele>251.25</ele>
  </rtept>
  <rtept lat="42.538041" lon="11.546939">
    <ele>248.0</ele>
  </rtept>
  <rtept lat="42.53815" lon="11.546821">
    <ele>247.75</ele>
  </rtept>
  <rtept lat="42.538194" lon="11.546703">
    <ele>246.75</ele>
  </rtept>
  <rtept lat="42.5382" lon="11.546595">
    <ele>245.5</ele>
  </rtept>
  <rtept lat="42.538133" lon="11.546451">
    <ele>244.5</ele>
  </rtept>
  <rtept lat="42.538069" lon="11.546292">
    <ele>242.25</ele>
  </rtept>
  <rtept lat="42.537946" lon="11.54591">
    <ele>233.75</ele>
  </rtept>
  <rtept lat="42.537907" lon="11.54574">
    <ele>232.0</ele>
  </rtept>
  <rtept lat="42.537904" lon="11.545637">
    <ele>231.75</ele>
  </rtept>
  <rtept lat="42.53794" lon="11.54558">
    <ele>232.25</ele>
  </rtept>
  <rtept lat="42.538004" lon="11.54556">
    <ele>233.0</ele>
  </rtept>
  <rtept lat="42.538103" lon="11.545584">
    <ele>234.0</ele>
  </rtept>
  <rtept lat="42.538317" lon="11.545666">
    <ele>234.25</ele>
  </rtept>
  <rtept lat="42.538454" lon="11.545698">
    <ele>235.0</ele>
  </rtept>
  <rtept lat="42.538745" lon="11.545714">
    <ele>237.25</ele>
  </rtept>
  <rtept lat="42.538824" lon="11.545693">
    <ele>238.0</ele>
  </rtept>
  <rtept lat="42.538892" lon="11.545644">
    <ele>239.25</ele>
  </rtept>
  <rtept lat="42.538939" lon="11.545582">
    <ele>240.0</ele>
  </rtept>
  <rtept lat="42.538936" lon="11.545486">
    <ele>240.75</ele>
  </rtept>
  <rtept lat="42.538868" lon="11.545327">
    <ele>242.5</ele>
  </rtept>
  <rtept lat="42.538755" lon="11.545231">
    <ele>243.75</ele>
  </rtept>
  <rtept lat="42.538561" lon="11.544977">
    <ele>248.0</ele>
  </rtept>
  <rtept lat="42.538401" lon="11.544794">
    <ele>249.75</ele>
  </rtept>
  <rtept lat="42.538327" lon="11.544722">
    <ele>250.75</ele>
  </rtept>
  <rtept lat="42.53826" lon="11.544626">
    <ele>251.0</ele>
  </rtept>
  <rtept lat="42.538214" lon="11.544501">
    <ele>251.75</ele>
  </rtept>
  <rtept lat="42.538196" lon="11.544401">
    <ele>252.5</ele>
  </rtept>
  <rtept lat="42.538214" lon="11.544266">
    <ele>253.25</ele>
  </rtept>
  <rtept lat="42.538221" lon="11.544108">
    <ele>253.5</ele>
  </rtept>
  <rtept lat="42.53826" lon="11.54393">
    <ele>253.25</ele>
  </rtept>
  <rtept lat="42.538271" lon="11.543743">
    <ele>253.75</ele>
  </rtept>
  <rtept lat="42.538295" lon="11.543642">
    <ele>253.5</ele>
  </rtept>
  <rtept lat="42.538299" lon="11.543388">
    <ele>254.5</ele>
  </rtept>
  <rtept lat="42.538281" lon="11.543272">
    <ele>255.75</ele>
  </rtept>
  <rtept lat="42.538253" lon="11.543008">
    <ele>258.25</ele>
  </rtept>
  <rtept lat="42.538247" lon="11.54285">
    <ele>259.25</ele>
  </rtept>
  <rtept lat="42.53829" lon="11.542623">
    <ele>259.5</ele>
  </rtept>
  <rtept lat="42.538388" lon="11.542305">
    <ele>260.75</ele>
  </rtept>
  <rtept lat="42.538486" lon="11.542206">
    <ele>260.75</ele>
  </rtept>
  <rtept lat="42.538603" lon="11.541966">
    <ele>261.0</ele>
  </rtept>
  <rtept lat="42.538677" lon="11.541664">
    <ele>263.25</ele>
  </rtept>
  <rtept lat="42.538723" lon="11.541443">
    <ele>265.25</ele>
  </rtept>
  <rtept lat="42.538844" lon="11.541069">
    <ele>266.0</ele>
  </rtept>
  <rtept lat="42.538907" lon="11.540939">
    <ele>265.25</ele>
  </rtept>
  <rtept lat="42.539141" lon="11.540809">
    <ele>264.75</ele>
  </rtept>
  <rtept lat="42.539488" lon="11.54066">
    <ele>264.75</ele>
  </rtept>
  <rtept lat="42.539802" lon="11.540507">
    <ele>263.75</ele>
  </rtept>
  <rtept lat="42.540471" lon="11.540219">
    <ele>264.0</ele>
  </rtept>
  <rtept lat="42.540775" lon="11.540079">
    <ele>264.0</ele>
  </rtept>
  <rtept lat="42.541745" lon="11.539681">
    <ele>257.25</ele>
  </rtept>
  <rtept lat="42.542003" lon="11.539551">
    <ele>254.5</ele>
  </rtept>
  <rtept lat="42.542233" lon="11.53947">
    <ele>252.25</ele>
  </rtept>
  <rtept lat="42.542926" lon="11.53914">
    <ele>250.25</ele>
  </rtept>
  <rtept lat="42.542987" lon="11.539204">
    <ele>250.75</ele>
  </rtept>
  <rtept lat="42.543099" lon="11.539349">
    <ele>252.0</ele>
  </rtept>
  <rtept lat="42.543255" lon="11.539548">
    <ele>252.0</ele>
  </rtept>
  <rtept lat="42.543876" lon="11.540761">
    <ele>251.5</ele>
  </rtept>
  <rtept lat="42.544465" lon="11.541827">
    <ele>257.0</ele>
  </rtept>
  <rtept lat="42.544544" lon="11.542012">
    <ele>258.5</ele>
  </rtept>
  <rtept lat="42.544817" lon="11.542702">
    <ele>261.25</ele>
  </rtept>
  <rtept lat="42.545423" lon="11.542449">
    <ele>256.75</ele>
  </rtept>
  <rtept lat="42.545922" lon="11.541762">
    <ele>251.5</ele>
  </rtept>
  <rtept lat="42.545972" lon="11.541181">
    <ele>248.75</ele>
  </rtept>
  <rtept lat="42.546216" lon="11.541023">
    <ele>247.5</ele>
  </rtept>
  <rtept lat="42.547559" lon="11.54026">
    <ele>243.5</ele>
  </rtept>
  <rtept lat="42.548422" lon="11.539957">
    <ele>240.75</ele>
  </rtept>
  <rtept lat="42.549076" lon="11.539587">
    <ele>242.25</ele>
  </rtept>
  <rtept lat="42.549787" lon="11.539069">
    <ele>247.0</ele>
  </rtept>
  <rtept lat="42.550106" lon="11.53892">
    <ele>246.75</ele>
  </rtept>
  <rtept lat="42.551206" lon="11.538987">
    <ele>244.0</ele>
  </rtept>
  <rtept lat="42.551973" lon="11.538872">
    <ele>239.75</ele>
  </rtept>
  <rtept lat="42.552825" lon="11.53869">
    <ele>238.75</ele>
  </rtept>
  <rtept lat="42.553558" lon="11.538555">
    <ele>233.25</ele>
  </rtept>
  <rtept lat="42.553862" lon="11.53856">
    <ele>231.75</ele>
  </rtept>
  <rtept lat="42.554714" lon="11.538834">
    <ele>232.0</ele>
  </rtept>
  <rtept lat="42.555217" lon="11.538933">
    <ele>231.0</ele>
  </rtept>
  <rtept lat="42.555227" lon="11.538985">
    <ele>231.0</ele>
  </rtept>
  <rtept lat="42.555396" lon="11.539384">
    <ele>228.5</ele>
  </rtept>
  <rtept lat="42.555227" lon="11.538985">
    <ele>231.0</ele>
  </rtept>
  <rtept lat="42.555217" lon="11.538933">
    <ele>231.0</ele>
  </rtept>
  <rtept lat="42.555373" lon="11.538823">
    <ele>229.75</ele>
  </rtept>
  <rtept lat="42.555582" lon="11.538539">
    <ele>227.75</ele>
  </rtept>
  <rtept lat="42.555823" lon="11.538123">
    <ele>225.75</ele>
  </rtept>
  <rtept lat="42.555907" lon="11.537996">
    <ele>226.5</ele>
  </rtept>
  <rtept lat="42.558296" lon="11.537071">
    <ele>234.0</ele>
  </rtept>
  <rtept lat="42.558523" lon="11.537066">
    <ele>234.0</ele>
  </rtept>
  <rtept lat="42.559874" lon="11.536557">
    <ele>231.75</ele>
  </rtept>
  <rtept lat="42.560365" lon="11.536144">
    <ele>233.75</ele>
  </rtept>
  <rtept lat="42.560864" lon="11.53613">
    <ele>234.75</ele>
  </rtept>
  <rtept lat="42.561062" lon="11.536082">
    <ele>235.0</ele>
  </rtept>
  <rtept lat="42.561472" lon="11.536202">
    <ele>236.75</ele>
  </rtept>
  <rtept lat="42.561665" lon="11.536173">
    <ele>238.25</ele>
  </rtept>
  <rtept lat="42.56214" lon="11.536101">
    <ele>241.75</ele>
  </rtept>
  <rtept lat="42.562501" lon="11.536067">
    <ele>244.0</ele>
  </rtept>
  <rtept lat="42.563343" lon="11.535933">
    <ele>250.5</ele>
  </rtept>
  <rtept lat="42.56416" lon="11.535813">
    <ele>253.75</ele>
  </rtept>
  <rtept lat="42.564722" lon="11.535837">
    <ele>257.75</ele>
  </rtept>
  <rtept lat="42.565217" lon="11.535991">
    <ele>262.0</ele>
  </rtept>
  <rtept lat="42.565701" lon="11.535981">
    <ele>266.25</ele>
  </rtept>
  <rtept lat="42.56632" lon="11.535933">
    <ele>269.75</ele>
  </rtept>
  <rtept lat="42.566663" lon="11.535765">
    <ele>270.0</ele>
  </rtept>
  <rtept lat="42.567091" lon="11.535386">
    <ele>275.0</ele>
  </rtept>
  <rtept lat="42.567664" lon="11.534934">
    <ele>280.25</ele>
  </rtept>
  <rtept lat="42.56812" lon="11.534632">
    <ele>282.0</ele>
  </rtept>
  <rtept lat="42.568343" lon="11.534584">
    <ele>282.25</ele>
  </rtept>
  <rtept lat="42.568516" lon="11.534656">
    <ele>282.25</ele>
  </rtept>
  <rtept lat="42.568806" lon="11.534915">
    <ele>282.5</ele>
  </rtept>
  <rtept lat="42.56904" lon="11.535057">
    <ele>282.0</ele>
  </rtept>
  <rtept lat="42.569505" lon="11.535186">
    <ele>285.0</ele>
  </rtept>
  <rtept lat="42.569644" lon="11.535207">
    <ele>285.5</ele>
  </rtept>
  <rtept lat="42.569718" lon="11.535199">
    <ele>285.75</ele>
  </rtept>
  <rtept lat="42.569891" lon="11.535218">
    <ele>286.25</ele>
  </rtept>
  <rtept lat="42.570024" lon="11.535198">
    <ele>286.5</ele>
  </rtept>
  <rtept lat="42.57014" lon="11.535119">
    <ele>287.25</ele>
  </rtept>
  <rtept lat="42.570274" lon="11.53497">
    <ele>288.75</ele>
  </rtept>
  <rtept lat="42.57031" lon="11.534888">
    <ele>289.25</ele>
  </rtept>
  <rtept lat="42.570479" lon="11.535057">
    <ele>289.25</ele>
  </rtept>
  <rtept lat="42.571154" lon="11.535708">
    <ele>289.75</ele>
  </rtept>
  <rtept lat="42.571526" lon="11.536093">
    <ele>290.5</ele>
  </rtept>
  <rtept lat="42.571965" lon="11.53651">
    <ele>289.5</ele>
  </rtept>
  <rtept lat="42.572042" lon="11.536582">
    <ele>290.5</ele>
  </rtept>
  <rtept lat="42.572095" lon="11.536755">
    <ele>289.5</ele>
  </rtept>
  <rtept lat="42.572123" lon="11.536948">
    <ele>287.5</ele>
  </rtept>
  <rtept lat="42.572106" lon="11.537136">
    <ele>285.5</ele>
  </rtept>
  <rtept lat="42.572123" lon="11.536948">
    <ele>287.5</ele>
  </rtept>
  <rtept lat="42.572095" lon="11.536755">
    <ele>289.5</ele>
  </rtept>
  <rtept lat="42.572042" lon="11.536582">
    <ele>290.5</ele>
  </rtept>
  <rtept lat="42.571744" lon="11.535787">
    <ele>294.25</ele>
  </rtept>
  <rtept lat="42.571664" lon="11.535557">
    <ele>294.75</ele>
  </rtept>
  <rtept lat="42.571763" lon="11.535565">
    <ele>296.5</ele>
  </rtept>
  <rtept lat="42.572573" lon="11.536115">
    <ele>304.0</ele>
  </rtept>
  <rtept lat="42.573007" lon="11.53633">
    <ele>308.5</ele>
  </rtept>
  <rtept lat="42.573504" lon="11.53571">
    <ele>316.25</ele>
  </rtept>
  <rtept lat="42.573569" lon="11.535582">
    <ele>317.5</ele>
  </rtept>
  <rtept lat="42.573578" lon="11.535472">
    <ele>318.5</ele>
  </rtept>
  <rtept lat="42.57344" lon="11.535034">
    <ele>322.25</ele>
  </rtept>
  <rtept lat="42.573405" lon="11.534818">
    <ele>324.25</ele>
  </rtept>
  <rtept lat="42.573412" lon="11.534687">
    <ele>326.0</ele>
  </rtept>
  <rtept lat="42.573506" lon="11.534577">
    <ele>328.25</ele>
  </rtept>
  <rtept lat="42.573744" lon="11.534398">
    <ele>331.0</ele>
  </rtept>
  <rtept lat="42.574053" lon="11.534267">
    <ele>333.5</ele>
  </rtept>
  <rtept lat="42.574847" lon="11.534157">
    <ele>341.75</ele>
  </rtept>
  <rtept lat="42.575453" lon="11.533989">
    <ele>344.0</ele>
  </rtept>
  <rtept lat="42.575723" lon="11.533849">
    <ele>346.0</ele>
  </rtept>
  <rtept lat="42.575933" lon="11.533673">
    <ele>347.75</ele>
  </rtept>
  <rtept lat="42.576276" lon="11.533285">
    <ele>352.5</ele>
  </rtept>
  <rtept lat="42.576519" lon="11.533029">
    <ele>354.5</ele>
  </rtept>
  <rtept lat="42.576766" lon="11.532848">
    <ele>356.75</ele>
  </rtept>
  <rtept lat="42.577187" lon="11.532265">
    <ele>362.25</ele>
  </rtept>
  <rtept lat="42.577293" lon="11.532102">
    <ele>364.0</ele>
  </rtept>
  <rtept lat="42.577347" lon="11.532061">
    <ele>364.5</ele>
  </rtept>
  <rtept lat="42.577391" lon="11.531988">
    <ele>365.0</ele>
  </rtept>
  <rtept lat="42.577476" lon="11.531933">
    <ele>365.5</ele>
  </rtept>
  <rtept lat="42.577792" lon="11.531808">
    <ele>368.0</ele>
  </rtept>
  <rtept lat="42.578148" lon="11.531702">
    <ele>371.75</ele>
  </rtept>
  <rtept lat="42.578339" lon="11.531551">
    <ele>372.25</ele>
  </rtept>
  <rtept lat="42.578487" lon="11.531361">
    <ele>374.25</ele>
  </rtept>
  <rtept lat="42.578526" lon="11.53128">
    <ele>374.75</ele>
  </rtept>
  <rtept lat="42.578567" lon="11.531116">
    <ele>374.75</ele>
  </rtept>
  <rtept lat="42.57862" lon="11.530615">
    <ele>372.5</ele>
  </rtept>
  <rtept lat="42.578677" lon="11.530414">
    <ele>370.75</ele>
  </rtept>
  <rtept lat="42.578786" lon="11.530285">
    <ele>370.25</ele>
  </rtept>
  <rtept lat="42.578916" lon="11.53018">
    <ele>369.25</ele>
  </rtept>
  <rtept lat="42.579076" lon="11.530015">
    <ele>368.25</ele>
  </rtept>
  <rtept lat="42.579447" lon="11.529552">
    <ele>368.75</ele>
  </rtept>
  <rtept lat="42.579618" lon="11.529348">
    <ele>367.5</ele>
  </rtept>
  <rtept lat="42.579792" lon="11.529212">
    <ele>364.5</ele>
  </rtept>
  <rtept lat="42.579997" lon="11.529111">
    <ele>362.0</ele>
  </rtept>
  <rtept lat="42.580193" lon="11.528965">
    <ele>360.0</ele>
  </rtept>
  <rtept lat="42.580528" lon="11.528652">
    <ele>356.5</ele>
  </rtept>
  <rtept lat="42.580711" lon="11.528553">
    <ele>355.75</ele>
  </rtept>
  <rtept lat="42.580945" lon="11.528451">
    <ele>355.75</ele>
  </rtept>
  <rtept lat="42.581103" lon="11.528312">
    <ele>355.5</ele>
  </rtept>
  <rtept lat="42.581348" lon="11.527893">
    <ele>354.75</ele>
  </rtept>
  <rtept lat="42.581554" lon="11.527561">
    <ele>356.0</ele>
  </rtept>
  <rtept lat="42.58205" lon="11.526651">
    <ele>354.5</ele>
  </rtept>
  <rtept lat="42.582376" lon="11.526069">
    <ele>356.5</ele>
  </rtept>
  <rtept lat="42.582498" lon="11.525801">
    <ele>358.25</ele>
  </rtept>
  <rtept lat="42.582912" lon="11.525819">
    <ele>362.0</ele>
  </rtept>
  <rtept lat="42.583077" lon="11.525797">
    <ele>363.25</ele>
  </rtept>
  <rtept lat="42.583228" lon="11.525734">
    <ele>363.75</ele>
  </rtept>
  <rtept lat="42.583395" lon="11.525603">
    <ele>363.75</ele>
  </rtept>
  <rtept lat="42.583454" lon="11.526128">
    <ele>359.5</ele>
  </rtept>
  <rtept lat="42.583504" lon="11.526226">
    <ele>358.5</ele>
  </rtept>
  <rtept lat="42.583454" lon="11.526128">
    <ele>359.5</ele>
  </rtept>
  <rtept lat="42.583395" lon="11.525603">
    <ele>363.75</ele>
  </rtept>
  <rtept lat="42.583859" lon="11.52511">
    <ele>367.25</ele>
  </rtept>
  <rtept lat="42.584381" lon="11.52448">
    <ele>375.75</ele>
  </rtept>
  <rtept lat="42.584594" lon="11.524076">
    <ele>377.5</ele>
  </rtept>
  <rtept lat="42.585022" lon="11.523155">
    <ele>384.5</ele>
  </rtept>
  <rtept lat="42.585172" lon="11.522773">
    <ele>388.5</ele>
  </rtept>
  <rtept lat="42.585255" lon="11.522397">
    <ele>385.75</ele>
  </rtept>
  <rtept lat="42.585308" lon="11.521798">
    <ele>386.5</ele>
  </rtept>
  <rtept lat="42.585259" lon="11.521424">
    <ele>389.0</ele>
  </rtept>
  <rtept lat="42.585138" lon="11.521182">
    <ele>388.25</ele>
  </rtept>
  <rtept lat="42.584754" lon="11.520666">
    <ele>387.25</ele>
  </rtept>
  <rtept lat="42.584517" lon="11.520174">
    <ele>385.5</ele>
  </rtept>
  <rtept lat="42.584517" lon="11.519902">
    <ele>384.25</ele>
  </rtept>
  <rtept lat="42.58461" lon="11.519697">
    <ele>383.5</ele>
  </rtept>
  <rtept lat="42.584763" lon="11.519539">
    <ele>382.75</ele>
  </rtept>
  <rtept lat="42.584963" lon="11.519534">
    <ele>383.0</ele>
  </rtept>
  <rtept lat="42.586769" lon="11.519767">
    <ele>384.75</ele>
  </rtept>
  <rtept lat="42.587178" lon="11.519802">
    <ele>388.5</ele>
  </rtept>
  <rtept lat="42.58742" lon="11.519767">
    <ele>391.25</ele>
  </rtept>
  <rtept lat="42.587692" lon="11.519648">
    <ele>392.0</ele>
  </rtept>
  <rtept lat="42.587956" lon="11.519481">
    <ele>391.75</ele>
  </rtept>
  <rtept lat="42.588038" lon="11.519435">
    <ele>391.75</ele>
  </rtept>
  <rtept lat="42.588128" lon="11.519297">
    <ele>391.0</ele>
  </rtept>
  <rtept lat="42.588184" lon="11.519216">
    <ele>390.25</ele>
  </rtept>
  <rtept lat="42.588193" lon="11.519173">
    <ele>390.0</ele>
  </rtept>
  <rtept lat="42.58821" lon="11.519134">
    <ele>390.0</ele>
  </rtept>
  <rtept lat="42.588164" lon="11.518967">
    <ele>390.5</ele>
  </rtept>
  <rtept lat="42.588113" lon="11.518791">
    <ele>391.5</ele>
  </rtept>
  <rtept lat="42.588044" lon="11.518529">
    <ele>393.25</ele>
  </rtept>
  <rtept lat="42.588006" lon="11.518441">
    <ele>393.75</ele>
  </rtept>
  <rtept lat="42.587818" lon="11.518216">
    <ele>394.5</ele>
  </rtept>
  <rtept lat="42.587797" lon="11.518191">
    <ele>394.5</ele>
  </rtept>
  <rtept lat="42.587771" lon="11.518159">
    <ele>394.75</ele>
  </rtept>
  <rtept lat="42.587239" lon="11.517813">
    <ele>394.25</ele>
  </rtept>
  <rtept lat="42.58703" lon="11.517676">
    <ele>394.0</ele>
  </rtept>
  <rtept lat="42.586872" lon="11.517486">
    <ele>394.75</ele>
  </rtept>
  <rtept lat="42.586798" lon="11.517383">
    <ele>395.75</ele>
  </rtept>
  <rtept lat="42.586775" lon="11.517346">
    <ele>397.5</ele>
  </rtept>
  <rtept lat="42.586798" lon="11.517383">
    <ele>395.75</ele>
  </rtept>
  <rtept lat="42.586872" lon="11.517486">
    <ele>394.75</ele>
  </rtept>
  <rtept lat="42.58703" lon="11.517676">
    <ele>394.0</ele>
  </rtept>
  <rtept lat="42.587239" lon="11.517813">
    <ele>394.25</ele>
  </rtept>
  <rtept lat="42.587771" lon="11.518159">
    <ele>394.75</ele>
  </rtept>
  <rtept lat="42.587797" lon="11.518191">
    <ele>394.5</ele>
  </rtept>
  <rtept lat="42.587818" lon="11.518216">
    <ele>394.5</ele>
  </rtept>
  <rtept lat="42.588006" lon="11.518441">
    <ele>393.75</ele>
  </rtept>
  <rtept lat="42.588044" lon="11.518529">
    <ele>393.25</ele>
  </rtept>
  <rtept lat="42.588113" lon="11.518791">
    <ele>391.5</ele>
  </rtept>
  <rtept lat="42.588164" lon="11.518967">
    <ele>390.5</ele>
  </rtept>
  <rtept lat="42.588251" lon="11.519024">
    <ele>390.5</ele>
  </rtept>
  <rtept lat="42.588312" lon="11.519072">
    <ele>390.25</ele>
  </rtept>
  <rtept lat="42.588372" lon="11.519098">
    <ele>390.0</ele>
  </rtept>
  <rtept lat="42.588396" lon="11.519126">
    <ele>389.75</ele>
  </rtept>
  <rtept lat="42.58842" lon="11.519181">
    <ele>389.75</ele>
  </rtept>
  <rtept lat="42.588574" lon="11.519286">
    <ele>390.25</ele>
  </rtept>
  <rtept lat="42.588699" lon="11.519339">
    <ele>390.0</ele>
  </rtept>
  <rtept lat="42.589016" lon="11.519411">
    <ele>388.25</ele>
  </rtept>
  <rtept lat="42.589416" lon="11.519516">
    <ele>387.75</ele>
  </rtept>
  <rtept lat="42.589505" lon="11.519551">
    <ele>387.75</ele>
  </rtept>
  <rtept lat="42.589724" lon="11.519656">
    <ele>388.25</ele>
  </rtept>
  <rtept lat="42.589807" lon="11.519499">
    <ele>386.5</ele>
  </rtept>
  <rtept lat="42.58985" lon="11.519325">
    <ele>385.0</ele>
  </rtept>
  <rtept lat="42.590171" lon="11.519439">
    <ele>385.75</ele>
  </rtept>
  <rtept lat="42.590459" lon="11.519618">
    <ele>383.25</ele>
  </rtept>
  <rtept lat="42.590704" lon="11.519673">
    <ele>381.5</ele>
  </rtept>
  <rtept lat="42.591075" lon="11.519684">
    <ele>381.0</ele>
  </rtept>
  <rtept lat="42.591177" lon="11.519658">
    <ele>380.75</ele>
  </rtept>
  <rtept lat="42.591276" lon="11.519601">
    <ele>380.75</ele>
  </rtept>
  <rtept lat="42.591473" lon="11.519405">
    <ele>381.0</ele>
  </rtept>
  <rtept lat="42.591457" lon="11.519524">
    <ele>380.5</ele>
  </rtept>
  <rtept lat="42.591266" lon="11.519874">
    <ele>379.5</ele>
  </rtept>
  <rtept lat="42.591153" lon="11.520104">
    <ele>378.0</ele>
  </rtept>
  <rtept lat="42.591134" lon="11.52024">
    <ele>377.0</ele>
  </rtept>
  <rtept lat="42.591612" lon="11.520305">
    <ele>374.75</ele>
  </rtept>
  <rtept lat="42.591902" lon="11.520352">
    <ele>373.5</ele>
  </rtept>
  <rtept lat="42.59195" lon="11.519532">
    <ele>377.75</ele>
  </rtept>
  <rtept lat="42.592008" lon="11.519295">
    <ele>377.25</ele>
  </rtept>
  <rtept lat="42.592618" lon="11.519403">
    <ele>365.5</ele>
  </rtept>
  <rtept lat="42.59261" lon="11.519552">
    <ele>366.5</ele>
  </rtept>
  <rtept lat="42.592532" lon="11.520284">
    <ele>371.75</ele>
  </rtept>
  <rtept lat="42.592536" lon="11.520443">
    <ele>371.75</ele>
  </rtept>
  <rtept lat="42.592908" lon="11.520493">
    <ele>371.5</ele>
  </rtept>
  <rtept lat="42.593048" lon="11.5206">
    <ele>371.75</ele>
  </rtept>
  <rtept lat="42.593099" lon="11.52064">
    <ele>372.0</ele>
  </rtept>
  <rtept lat="42.593111" lon="11.52065">
    <ele>372.0</ele>
  </rtept>
  <rtept lat="42.593158" lon="11.52068">
    <ele>372.25</ele>
  </rtept>
  <rtept lat="42.593179" lon="11.520705">
    <ele>372.25</ele>
  </rtept>
  <rtept lat="42.593211" lon="11.520742">
    <ele>372.25</ele>
  </rtept>
  <rtept lat="42.593669" lon="11.52105">
    <ele>385.75</ele>
  </rtept>
  <rtept lat="42.594322" lon="11.521488">
    <ele>385.75</ele>
  </rtept>
  <rtept lat="42.594579" lon="11.521662">
    <ele>390.75</ele>
  </rtept>
  <rtept lat="42.594837" lon="11.52179">
    <ele>396.0</ele>
  </rtept>
  <rtept lat="42.595406" lon="11.521907">
    <ele>400.25</ele>
  </rtept>
  <rtept lat="42.59584" lon="11.522013">
    <ele>403.25</ele>
  </rtept>
  <rtept lat="42.596301" lon="11.52187">
    <ele>408.5</ele>
  </rtept>
  <rtept lat="42.596733" lon="11.521697">
    <ele>411.25</ele>
  </rtept>
  <rtept lat="42.597527" lon="11.521255">
    <ele>412.25</ele>
  </rtept>
  <rtept lat="42.597869" lon="11.521079">
    <ele>415.0</ele>
  </rtept>
  <rtept lat="42.597933" lon="11.521031">
    <ele>415.0</ele>
  </rtept>
  <rtept lat="42.598392" lon="11.520744">
    <ele>416.75</ele>
  </rtept>
  <rtept lat="42.598872" lon="11.520364">
    <ele>420.25</ele>
  </rtept>
  <rtept lat="42.599346" lon="11.519889">
    <ele>423.75</ele>
  </rtept>
  <rtept lat="42.599569" lon="11.519744">
    <ele>424.75</ele>
  </rtept>
  <rtept lat="42.600789" lon="11.5192">
    <ele>432.0</ele>
  </rtept>
  <rtept lat="42.601175" lon="11.518981">
    <ele>432.75</ele>
  </rtept>
  <rtept lat="42.60288" lon="11.518117">
    <ele>432.25</ele>
  </rtept>
  <rtept lat="42.60335" lon="11.517776">
    <ele>435.75</ele>
  </rtept>
  <rtept lat="42.603707" lon="11.517298">
    <ele>435.0</ele>
  </rtept>
  <rtept lat="42.604496" lon="11.516164">
    <ele>432.25</ele>
  </rtept>
  <rtept lat="42.605593" lon="11.5148">
    <ele>418.5</ele>
  </rtept>
  <rtept lat="42.606985" lon="11.513034">
    <ele>418.25</ele>
  </rtept>
  <rtept lat="42.607293" lon="11.512668">
    <ele>417.75</ele>
  </rtept>
  <rtept lat="42.607527" lon="11.512541">
    <ele>415.25</ele>
  </rtept>
  <rtept lat="42.608047" lon="11.512572">
    <ele>414.5</ele>
  </rtept>
  <rtept lat="42.608245" lon="11.512513">
    <ele>414.5</ele>
  </rtept>
  <rtept lat="42.608415" lon="11.512424">
    <ele>413.75</ele>
  </rtept>
  <rtept lat="42.608651" lon="11.512209">
    <ele>412.0</ele>
  </rtept>
  <rtept lat="42.609219" lon="11.511493">
    <ele>404.5</ele>
  </rtept>
  <rtept lat="42.609507" lon="11.510941">
    <ele>397.25</ele>
  </rtept>
  <rtept lat="42.609715" lon="11.510378">
    <ele>395.0</ele>
  </rtept>
  <rtept lat="42.609792" lon="11.50973">
    <ele>389.75</ele>
  </rtept>
  <rtept lat="42.609826" lon="11.508932">
    <ele>380.5</ele>
  </rtept>
  <rtept lat="42.609922" lon="11.508677">
    <ele>376.5</ele>
  </rtept>
  <rtept lat="42.610621" lon="11.507888">
    <ele>369.5</ele>
  </rtept>
  <rtept lat="42.611089" lon="11.507306">
    <ele>367.25</ele>
  </rtept>
  <rtept lat="42.611408" lon="11.507107">
    <ele>364.5</ele>
  </rtept>
  <rtept lat="42.611758" lon="11.506912">
    <ele>364.75</ele>
  </rtept>
  <rtept lat="42.611802" lon="11.506993">
    <ele>364.25</ele>
  </rtept>
  <rtept lat="42.612001" lon="11.507082">
    <ele>363.5</ele>
  </rtept>
  <rtept lat="42.612353" lon="11.507006">
    <ele>361.0</ele>
  </rtept>
  <rtept lat="42.612503" lon="11.50702">
    <ele>358.75</ele>
  </rtept>
  <rtept lat="42.612669" lon="11.507161">
    <ele>357.75</ele>
  </rtept>
  <rtept lat="42.61313" lon="11.507236">
    <ele>350.0</ele>
  </rtept>
  <rtept lat="42.613554" lon="11.507196">
    <ele>344.25</ele>
  </rtept>
  <rtept lat="42.613723" lon="11.507216">
    <ele>343.0</ele>
  </rtept>
  <rtept lat="42.61383" lon="11.507253">
    <ele>342.25</ele>
  </rtept>
  <rtept lat="42.613892" lon="11.507259">
    <ele>341.75</ele>
  </rtept>
  <rtept lat="42.614489" lon="11.507292">
    <ele>343.0</ele>
  </rtept>
  <rtept lat="42.614733" lon="11.507429">
    <ele>345.0</ele>
  </rtept>
  <rtept lat="42.614864" lon="11.507531">
    <ele>345.25</ele>
  </rtept>
  <rtept lat="42.615178" lon="11.507649">
    <ele>346.75</ele>
  </rtept>
  <rtept lat="42.615787" lon="11.507824">
    <ele>349.75</ele>
  </rtept>
  <rtept lat="42.616136" lon="11.507719">
    <ele>346.25</ele>
  </rtept>
  <rtept lat="42.616272" lon="11.507783">
    <ele>345.25</ele>
  </rtept>
  <rtept lat="42.616453" lon="11.508174">
    <ele>341.5</ele>
  </rtept>
  <rtept lat="42.616652" lon="11.50819">
    <ele>339.5</ele>
  </rtept>
  <rtept lat="42.61683" lon="11.508435">
    <ele>333.5</ele>
  </rtept>
  <rtept lat="42.616966" lon="11.508496">
    <ele>330.5</ele>
  </rtept>
  <rtept lat="42.617064" lon="11.508394">
    <ele>330.5</ele>
  </rtept>
  <rtept lat="42.617738" lon="11.508343">
    <ele>317.5</ele>
  </rtept>
  <rtept lat="42.617761" lon="11.508842">
    <ele>306.25</ele>
  </rtept>
  <rtept lat="42.617573" lon="11.50931">
    <ele>299.5</ele>
  </rtept>
  <rtept lat="42.617266" lon="11.509727">
    <ele>296.25</ele>
  </rtept>
  <rtept lat="42.617364" lon="11.509814">
    <ele>293.25</ele>
  </rtept>
  <rtept lat="42.617384" lon="11.510012">
    <ele>289.25</ele>
  </rtept>
  <rtept lat="42.617513" lon="11.510053">
    <ele>286.75</ele>
  </rtept>
  <rtept lat="42.618419" lon="11.509806">
    <ele>277.25</ele>
  </rtept>
  <rtept lat="42.618026" lon="11.510334">
    <ele>272.5</ele>
  </rtept>
  <rtept lat="42.617777" lon="11.510553">
    <ele>274.0</ele>
  </rtept>
  <rtept lat="42.617491" lon="11.510715">
    <ele>278.0</ele>
  </rtept>
  <rtept lat="42.617536" lon="11.511193">
    <ele>280.0</ele>
  </rtept>
  <rtept lat="42.61765" lon="11.511257">
    <ele>278.25</ele>
  </rtept>
  <rtept lat="42.617738" lon="11.511305">
    <ele>276.75</ele>
  </rtept>
  <rtept lat="42.618038" lon="11.511203">
    <ele>270.5</ele>
  </rtept>
  <rtept lat="42.618547" lon="11.511152">
    <ele>259.75</ele>
  </rtept>
  <rtept lat="42.619109" lon="11.511132">
    <ele>257.5</ele>
  </rtept>
  <rtept lat="42.619498" lon="11.511224">
    <ele>253.75</ele>
  </rtept>
  <rtept lat="42.61976" lon="11.511417">
    <ele>250.0</ele>
  </rtept>
  <rtept lat="42.619903" lon="11.511885">
    <ele>253.75</ele>
  </rtept>
  <rtept lat="42.619955" lon="11.512638">
    <ele>262.25</ele>
  </rtept>
  <rtept lat="42.62003" lon="11.513351">
    <ele>258.5</ele>
  </rtept>
  <rtept lat="42.62018" lon="11.513738">
    <ele>256.5</ele>
  </rtept>
  <rtept lat="42.62033" lon="11.514053">
    <ele>254.75</ele>
  </rtept>
  <rtept lat="42.620449" lon="11.514186">
    <ele>253.5</ele>
  </rtept>
  <rtept lat="42.620529" lon="11.514603">
    <ele>251.0</ele>
  </rtept>
  <rtept lat="42.620547" lon="11.514694">
    <ele>250.25</ele>
  </rtept>
  <rtept lat="42.62078" lon="11.515121">
    <ele>246.0</ele>
  </rtept>
  <rtept lat="42.62101" lon="11.515575">
    <ele>242.5</ele>
  </rtept>
  <rtept lat="42.621498" lon="11.515238">
    <ele>240.75</ele>
  </rtept>
  <rtept lat="42.622047" lon="11.514608">
    <ele>240.0</ele>
  </rtept>
  <rtept lat="42.622465" lon="11.514023">
    <ele>239.75</ele>
  </rtept>
  <rtept lat="42.622535" lon="11.513927">
    <ele>239.75</ele>
  </rtept>
  <rtept lat="42.623099" lon="11.513735">
    <ele>239.0</ele>
  </rtept>
  <rtept lat="42.623702" lon="11.513564">
    <ele>241.5</ele>
  </rtept>
  <rtept lat="42.623848" lon="11.513421">
    <ele>241.0</ele>
  </rtept>
  <rtept lat="42.62414" lon="11.513061">
    <ele>240.75</ele>
  </rtept>
  <rtept lat="42.624317" lon="11.512795">
    <ele>241.5</ele>
  </rtept>
  <rtept lat="42.624484" lon="11.51251">
    <ele>242.0</ele>
  </rtept>
  <rtept lat="42.625484" lon="11.510645">
    <ele>245.25</ele>
  </rtept>
  <rtept lat="42.626134" lon="11.50955">
    <ele>249.0</ele>
  </rtept>
  <rtept lat="42.627421" lon="11.507491">
    <ele>251.5</ele>
  </rtept>
  <rtept lat="42.627645" lon="11.507221">
    <ele>251.5</ele>
  </rtept>
  <rtept lat="42.627962" lon="11.506955">
    <ele>252.0</ele>
  </rtept>
  <rtept lat="42.628423" lon="11.506777">
    <ele>252.0</ele>
  </rtept>
  <rtept lat="42.629345" lon="11.506702">
    <ele>253.0</ele>
  </rtept>
  <rtept lat="42.631055" lon="11.506543">
    <ele>240.0</ele>
  </rtept>
  <rtept lat="42.631167" lon="11.506433">
    <ele>238.0</ele>
  </rtept>
  <rtept lat="42.631211" lon="11.506264">
    <ele>235.75</ele>
  </rtept>
  <rtept lat="42.631306" lon="11.505712">
    <ele>229.0</ele>
  </rtept>
  <rtept lat="42.631337" lon="11.505459">
    <ele>228.0</ele>
  </rtept>
  <rtept lat="42.632021" lon="11.503261">
    <ele>222.25</ele>
  </rtept>
  <rtept lat="42.632767" lon="11.500841">
    <ele>215.5</ele>
  </rtept>
  <rtept lat="42.632883" lon="11.500466">
    <ele>215.5</ele>
  </rtept>
  <rtept lat="42.632901" lon="11.500406">
    <ele>215.5</ele>
  </rtept>
  <rtept lat="42.632765" lon="11.500299">
    <ele>216.0</ele>
  </rtept>
  <rtept lat="42.632597" lon="11.500198">
    <ele>216.25</ele>
  </rtept>
  <rtept lat="42.632432" lon="11.500148">
    <ele>217.0</ele>
  </rtept>
  <rtept lat="42.632178" lon="11.5001">
    <ele>219.5</ele>
  </rtept>
  <rtept lat="42.632414" lon="11.499944">
    <ele>216.5</ele>
  </rtept>
  <rtept lat="42.63317" lon="11.499607">
    <ele>212.0</ele>
  </rtept>
  <rtept lat="42.633663" lon="11.499329">
    <ele>210.5</ele>
  </rtept>
  <rtept lat="42.63459" lon="11.498737">
    <ele>214.25</ele>
  </rtept>
  <rtept lat="42.635119" lon="11.498254">
    <ele>217.0</ele>
  </rtept>
  <rtept lat="42.635308" lon="11.497804">
    <ele>215.25</ele>
  </rtept>
  <rtept lat="42.636161" lon="11.496902">
    <ele>209.0</ele>
  </rtept>
  <rtept lat="42.636855" lon="11.496495">
    <ele>201.25</ele>
  </rtept>
  <rtept lat="42.63736" lon="11.496087">
    <ele>197.75</ele>
  </rtept>
  <rtept lat="42.638371" lon="11.493812">
    <ele>187.5</ele>
  </rtept>
  <rtept lat="42.639067" lon="11.492004">
    <ele>185.0</ele>
  </rtept>
  <rtept lat="42.639073" lon="11.491989">
    <ele>185.0</ele>
  </rtept>
  <rtept lat="42.639186" lon="11.4914">
    <ele>184.75</ele>
  </rtept>
  <rtept lat="42.639428" lon="11.491201">
    <ele>185.0</ele>
  </rtept>
  <rtept lat="42.639821" lon="11.491058">
    <ele>184.5</ele>
  </rtept>
  <rtept lat="42.640335" lon="11.490762">
    <ele>183.5</ele>
  </rtept>
  <rtept lat="42.640549" lon="11.490583">
    <ele>183.0</ele>
  </rtept>
  <rtept lat="42.640807" lon="11.490345">
    <ele>183.0</ele>
  </rtept>
  <rtept lat="42.641113" lon="11.490187">
    <ele>182.5</ele>
  </rtept>
  <rtept lat="42.641227" lon="11.49004">
    <ele>182.0</ele>
  </rtept>
  <rtept lat="42.641515" lon="11.489788">
    <ele>181.0</ele>
  </rtept>
  <rtept lat="42.641902" lon="11.48962">
    <ele>178.5</ele>
  </rtept>
  <rtept lat="42.642123" lon="11.489605">
    <ele>176.75</ele>
  </rtept>
  <rtept lat="42.642225" lon="11.489512">
    <ele>175.25</ele>
  </rtept>
  <rtept lat="42.642271" lon="11.489242">
    <ele>173.0</ele>
  </rtept>
  <rtept lat="42.642282" lon="11.488887">
    <ele>171.25</ele>
  </rtept>
  <rtept lat="42.642333" lon="11.488756">
    <ele>169.5</ele>
  </rtept>
  <rtept lat="42.643275" lon="11.488725">
    <ele>155.25</ele>
  </rtept>
  <rtept lat="42.64369" lon="11.488738">
    <ele>151.0</ele>
  </rtept>
  <rtept lat="42.644169" lon="11.488665">
    <ele>145.25</ele>
  </rtept>
  <rtept lat="42.644399" lon="11.488719">
    <ele>142.75</ele>
  </rtept>
  <rtept lat="42.644586" lon="11.488739">
    <ele>141.25</ele>
  </rtept>
  <rtept lat="42.645119" lon="11.488967">
    <ele>136.25</ele>
  </rtept>
  <rtept lat="42.645414" lon="11.489056">
    <ele>133.25</ele>
  </rtept>
  <rtept lat="42.64579" lon="11.489128">
    <ele>129.25</ele>
  </rtept>
  <rtept lat="42.646203" lon="11.489229">
    <ele>124.5</ele>
  </rtept>
  <rtept lat="42.64629" lon="11.489192">
    <ele>123.75</ele>
  </rtept>
  <rtept lat="42.646335" lon="11.489116">
    <ele>123.0</ele>
  </rtept>
  <rtept lat="42.646333" lon="11.488968">
    <ele>122.25</ele>
  </rtept>
  <rtept lat="42.646293" lon="11.488247">
    <ele>119.5</ele>
  </rtept>
  <rtept lat="42.646323" lon="11.487958">
    <ele>117.5</ele>
  </rtept>
  <rtept lat="42.646465" lon="11.487799">
    <ele>116.25</ele>
  </rtept>
  <rtept lat="42.646582" lon="11.487771">
    <ele>116.5</ele>
  </rtept>
  <rtept lat="42.646627" lon="11.487763">
    <ele>116.75</ele>
  </rtept>
  <rtept lat="42.646736" lon="11.487763">
    <ele>117.0</ele>
  </rtept>
  <rtept lat="42.648993" lon="11.487111">
    <ele>123.25</ele>
  </rtept>
  <rtept lat="42.649059" lon="11.487097">
    <ele>124.0</ele>
  </rtept>
  <rtept lat="42.64915" lon="11.487176">
    <ele>124.75</ele>
  </rtept>
  <rtept lat="42.649501" lon="11.488259">
    <ele>124.5</ele>
  </rtept>
  <rtept lat="42.649564" lon="11.488552">
    <ele>125.5</ele>
  </rtept>
  <rtept lat="42.649621" lon="11.488812">
    <ele>125.5</ele>
  </rtept>
  <rtept lat="42.649658" lon="11.488953">
    <ele>126.5</ele>
  </rtept>
  <rtept lat="42.649817" lon="11.489541">
    <ele>127.75</ele>
  </rtept>
  <rtept lat="42.649823" lon="11.490035">
    <ele>124.5</ele>
  </rtept>
  <rtept lat="42.649823" lon="11.490059">
    <ele>124.5</ele>
  </rtept>
  <rtept lat="42.649785" lon="11.490134">
    <ele>124.75</ele>
  </rtept>
  <rtept lat="42.649383" lon="11.490458">
    <ele>121.0</ele>
  </rtept>
  <rtept lat="42.649397" lon="11.490559">
    <ele>121.25</ele>
  </rtept>
  <rtept lat="42.649437" lon="11.490737">
    <ele>121.25</ele>
  </rtept>
  <rtept lat="42.649463" lon="11.490885">
    <ele>121.25</ele>
  </rtept>
  <rtept lat="42.649466" lon="11.49115">
    <ele>120.5</ele>
  </rtept>
  <rtept lat="42.649476" lon="11.491285">
    <ele>120.5</ele>
  </rtept>
  <rtept lat="42.649494" lon="11.491391">
    <ele>120.75</ele>
  </rtept>
  <rtept lat="42.649659" lon="11.491596">
    <ele>122.5</ele>
  </rtept>
  <rtept lat="42.649793" lon="11.491823">
    <ele>122.5</ele>
  </rtept>
  <rtept lat="42.650133" lon="11.492181">
    <ele>122.25</ele>
  </rtept>
  <rtept lat="42.650148" lon="11.492213">
    <ele>122.0</ele>
  </rtept>
  <rtept lat="42.650158" lon="11.492254">
    <ele>122.25</ele>
  </rtept>
  <rtept lat="42.650159" lon="11.49229">
    <ele>122.5</ele>
  </rtept>
  <rtept lat="42.650103" lon="11.492599">
    <ele>123.25</ele>
  </rtept>
  <rtept lat="42.65008" lon="11.492777">
    <ele>124.25</ele>
  </rtept>
  <rtept lat="42.650064" lon="11.493235">
    <ele>128.75</ele>
  </rtept>
  <rtept lat="42.650082" lon="11.493349">
    <ele>129.5</ele>
  </rtept>
  <rtept lat="42.650112" lon="11.493457">
    <ele>129.75</ele>
  </rtept>
  <rtept lat="42.650176" lon="11.493606">
    <ele>130.0</ele>
  </rtept>
  <rtept lat="42.650481" lon="11.494076">
    <ele>133.75</ele>
  </rtept>
  <rtept lat="42.650878" lon="11.49461">
    <ele>141.25</ele>
  </rtept>
  <rtept lat="42.650939" lon="11.494645">
    <ele>142.25</ele>
  </rtept>
  <rtept lat="42.651033" lon="11.494653">
    <ele>143.75</ele>
  </rtept>
  <rtept lat="42.651122" lon="11.49463">
    <ele>145.0</ele>
  </rtept>
  <rtept lat="42.651675" lon="11.49421">
    <ele>149.5</ele>
  </rtept>
  <rtept lat="42.65183" lon="11.494137">
    <ele>150.5</ele>
  </rtept>
  <rtept lat="42.65204" lon="11.494108">
    <ele>151.5</ele>
  </rtept>
  <rtept lat="42.652273" lon="11.494145">
    <ele>153.0</ele>
  </rtept>
  <rtept lat="42.652794" lon="11.494278">
    <ele>153.5</ele>
  </rtept>
  <rtept lat="42.654043" lon="11.49445">
    <ele>157.0</ele>
  </rtept>
  <rtept lat="42.65441" lon="11.494426">
    <ele>159.0</ele>
  </rtept>
  <rtept lat="42.654516" lon="11.494428">
    <ele>160.0</ele>
  </rtept>
  <rtept lat="42.654648" lon="11.494544">
    <ele>161.25</ele>
  </rtept>
  <rtept lat="42.655194" lon="11.494893">
    <ele>169.5</ele>
  </rtept>
  <rtept lat="42.65536" lon="11.494968">
    <ele>170.75</ele>
  </rtept>
  <rtept lat="42.655539" lon="11.495006">
    <ele>171.75</ele>
  </rtept>
  <rtept lat="42.655806" lon="11.494968">
    <ele>171.5</ele>
  </rtept>
  <rtept lat="42.656061" lon="11.494882">
    <ele>172.5</ele>
  </rtept>
  <rtept lat="42.656218" lon="11.494873">
    <ele>173.25</ele>
  </rtept>
  <rtept lat="42.656355" lon="11.494922">
    <ele>173.0</ele>
  </rtept>
  <rtept lat="42.656561" lon="11.495082">
    <ele>174.75</ele>
  </rtept>
  <rtept lat="42.656745" lon="11.495204">
    <ele>177.25</ele>
  </rtept>
  <rtept lat="42.656998" lon="11.495318">
    <ele>181.25</ele>
  </rtept>
  <rtept lat="42.657221" lon="11.495381">
    <ele>182.75</ele>
  </rtept>
  <rtept lat="42.657822" lon="11.495393">
    <ele>179.0</ele>
  </rtept>
  <rtept lat="42.657941" lon="11.495351">
    <ele>178.25</ele>
  </rtept>
  <rtept lat="42.658051" lon="11.495297">
    <ele>177.75</ele>
  </rtept>
  <rtept lat="42.658138" lon="11.495339">
    <ele>177.0</ele>
  </rtept>
  <rtept lat="42.658229" lon="11.495357">
    <ele>176.75</ele>
  </rtept>
  <rtept lat="42.658615" lon="11.495407">
    <ele>176.5</ele>
  </rtept>
  <rtept lat="42.658773" lon="11.495499">
    <ele>175.5</ele>
  </rtept>
  <rtept lat="42.658697" lon="11.495691">
    <ele>174.75</ele>
  </rtept>
  <rtept lat="42.658509" lon="11.496035">
    <ele>173.75</ele>
  </rtept>
  <rtept lat="42.658236" lon="11.496474">
    <ele>172.75</ele>
  </rtept>
  <rtept lat="42.65806" lon="11.496909">
    <ele>172.75</ele>
  </rtept>
  <rtept lat="42.657731" lon="11.498083">
    <ele>167.5</ele>
  </rtept>
  <rtept lat="42.656991" lon="11.500321">
    <ele>161.0</ele>
  </rtept>
  <rtept lat="42.656611" lon="11.500885">
    <ele>165.5</ele>
  </rtept>
  <rtept lat="42.656496" lon="11.501127">
    <ele>166.0</ele>
  </rtept>
  <rtept lat="42.656315" lon="11.501689">
    <ele>166.25</ele>
  </rtept>
  <rtept lat="42.656146" lon="11.502198">
    <ele>170.75</ele>
  </rtept>
  <rtept lat="42.656097" lon="11.502501">
    <ele>170.75</ele>
  </rtept>
  <rtept lat="42.656105" lon="11.502908">
    <ele>169.75</ele>
  </rtept>
  <rtept lat="42.65626" lon="11.504061">
    <ele>167.0</ele>
  </rtept>
  <rtept lat="42.656261" lon="11.504322">
    <ele>167.5</ele>
  </rtept>
  <rtept lat="42.656306" lon="11.504614">
    <ele>166.25</ele>
  </rtept>
  <rtept lat="42.656358" lon="11.504864">
    <ele>164.0</ele>
  </rtept>
  <rtept lat="42.656381" lon="11.505086">
    <ele>160.5</ele>
  </rtept>
  <rtept lat="42.656358" lon="11.504864">
    <ele>164.0</ele>
  </rtept>
  <rtept lat="42.656306" lon="11.504614">
    <ele>166.25</ele>
  </rtept>
  <rtept lat="42.656261" lon="11.504322">
    <ele>167.5</ele>
  </rtept>
  <rtept lat="42.65626" lon="11.504061">
    <ele>167.0</ele>
  </rtept>
  <rtept lat="42.65684" lon="11.503946">
    <ele>172.75</ele>
  </rtept>
  <rtept lat="42.657846" lon="11.503581">
    <ele>185.75</ele>
  </rtept>
  <rtept lat="42.658632" lon="11.503455">
    <ele>196.75</ele>
  </rtept>
  <rtept lat="42.659213" lon="11.503465">
    <ele>205.25</ele>
  </rtept>
  <rtept lat="42.659394" lon="11.50351">
    <ele>208.0</ele>
  </rtept>
  <rtept lat="42.659584" lon="11.503585">
    <ele>210.0</ele>
  </rtept>
  <rtept lat="42.659808" lon="11.503623">
    <ele>213.0</ele>
  </rtept>
  <rtept lat="42.660242" lon="11.503677">
    <ele>218.0</ele>
  </rtept>
  <rtept lat="42.660691" lon="11.503762">
    <ele>226.25</ele>
  </rtept>
  <rtept lat="42.660834" lon="11.50387">
    <ele>229.0</ele>
  </rtept>
  <rtept lat="42.660944" lon="11.503795">
    <ele>232.25</ele>
  </rtept>
  <rtept lat="42.66111" lon="11.503913">
    <ele>235.75</ele>
  </rtept>
  <rtept lat="42.661717" lon="11.504084">
    <ele>247.25</ele>
  </rtept>
  <rtept lat="42.662123" lon="11.504317">
    <ele>256.25</ele>
  </rtept>
  <rtept lat="42.662247" lon="11.504359">
    <ele>259.25</ele>
  </rtept>
  <rtept lat="42.662378" lon="11.504391">
    <ele>263.25</ele>
  </rtept>
  <rtept lat="42.662423" lon="11.504453">
    <ele>264.25</ele>
  </rtept>
  <rtept lat="42.66245" lon="11.504552">
    <ele>264.25</ele>
  </rtept>
  <rtept lat="42.662482" lon="11.504742">
    <ele>263.25</ele>
  </rtept>
  <rtept lat="42.662525" lon="11.50483">
    <ele>263.0</ele>
  </rtept>
  <rtept lat="42.662767" lon="11.504951">
    <ele>267.5</ele>
  </rtept>
  <rtept lat="42.662856" lon="11.505006">
    <ele>269.25</ele>
  </rtept>
  <rtept lat="42.662929" lon="11.505112">
    <ele>270.0</ele>
  </rtept>
  <rtept lat="42.662977" lon="11.505207">
    <ele>270.25</ele>
  </rtept>
  <rtept lat="42.663015" lon="11.505343">
    <ele>269.25</ele>
  </rtept>
  <rtept lat="42.663058" lon="11.50543">
    <ele>269.25</ele>
  </rtept>
  <rtept lat="42.663132" lon="11.505443">
    <ele>272.0</ele>
  </rtept>
  <rtept lat="42.663169" lon="11.50543">
    <ele>273.75</ele>
  </rtept>
  <rtept lat="42.663319" lon="11.505511">
    <ele>277.5</ele>
  </rtept>
  <rtept lat="42.663545" lon="11.505574">
    <ele>284.75</ele>
  </rtept>
  <rtept lat="42.663767" lon="11.505623">
    <ele>287.5</ele>
  </rtept>
  <rtept lat="42.663885" lon="11.505633">
    <ele>288.5</ele>
  </rtept>
  <rtept lat="42.663982" lon="11.505623">
    <ele>289.25</ele>
  </rtept>
  <rtept lat="42.66412" lon="11.505513">
    <ele>291.0</ele>
  </rtept>
  <rtept lat="42.664201" lon="11.505491">
    <ele>291.0</ele>
  </rtept>
  <rtept lat="42.6643" lon="11.505479">
    <ele>291.25</ele>
  </rtept>
  <rtept lat="42.664387" lon="11.505582">
    <ele>290.75</ele>
  </rtept>
  <rtept lat="42.66459" lon="11.505765">
    <ele>290.75</ele>
  </rtept>
  <rtept lat="42.664804" lon="11.506002">
    <ele>291.0</ele>
  </rtept>
  <rtept lat="42.664991" lon="11.506268">
    <ele>292.25</ele>
  </rtept>
  <rtept lat="42.665146" lon="11.506077">
    <ele>294.0</ele>
  </rtept>
  <rtept lat="42.664991" lon="11.506268">
    <ele>292.25</ele>
  </rtept>
  <rtept lat="42.664804" lon="11.506002">
    <ele>291.0</ele>
  </rtept>
  <rtept lat="42.66459" lon="11.505765">
    <ele>290.75</ele>
  </rtept>
  <rtept lat="42.664763" lon="11.505534">
    <ele>292.25</ele>
  </rtept>
  <rtept lat="42.664576" lon="11.505227">
    <ele>292.0</ele>
  </rtept>
  <rtept lat="42.66469" lon="11.505084">
    <ele>292.5</ele>
  </rtept>
  <rtept lat="42.664677" lon="11.505058">
    <ele>292.75</ele>
  </rtept>
  <rtept lat="42.664647" lon="11.504981">
    <ele>293.0</ele>
  </rtept>
  <rtept lat="42.664645" lon="11.504915">
    <ele>293.25</ele>
  </rtept>
  <rtept lat="42.664651" lon="11.504807">
    <ele>293.5</ele>
  </rtept>
  <rtept lat="42.664651" lon="11.50476">
    <ele>293.75</ele>
  </rtept>
  <rtept lat="42.664681" lon="11.504761">
    <ele>293.75</ele>
  </rtept>
  <rtept lat="42.66471" lon="11.504761">
    <ele>293.75</ele>
  </rtept>
  <rtept lat="42.664722" lon="11.504706">
    <ele>293.75</ele>
  </rtept>
  <rtept lat="42.664928" lon="11.504503">
    <ele>293.0</ele>
  </rtept>
  <rtept lat="42.664952" lon="11.504437">
    <ele>293.0</ele>
  </rtept>
  <rtept lat="42.665051" lon="11.504338">
    <ele>292.75</ele>
  </rtept>
  <rtept lat="42.665118" lon="11.50427">
    <ele>292.5</ele>
  </rtept>
  <rtept lat="42.665202" lon="11.504075">
    <ele>292.25</ele>
  </rtept>
  <rtept lat="42.665278" lon="11.503958">
    <ele>291.75</ele>
  </rtept>
  <rtept lat="42.665418" lon="11.503817">
    <ele>291.25</ele>
  </rtept>
  <rtept lat="42.66545" lon="11.503773">
    <ele>291.25</ele>
  </rtept>
  <rtept lat="42.665457" lon="11.503738">
    <ele>291.25</ele>
  </rtept>
  <rtept lat="42.665467" lon="11.503403">
    <ele>290.25</ele>
  </rtept>
  <rtept lat="42.665477" lon="11.503286">
    <ele>289.5</ele>
  </rtept>
  <rtept lat="42.665447" lon="11.503103">
    <ele>288.5</ele>
  </rtept>
  <rtept lat="42.66544" lon="11.5028">
    <ele>285.0</ele>
  </rtept>
  <rtept lat="42.665427" lon="11.502586">
    <ele>282.5</ele>
  </rtept>
  <rtept lat="42.665399" lon="11.502482">
    <ele>281.0</ele>
  </rtept>
  <rtept lat="42.665357" lon="11.50241">
    <ele>279.25</ele>
  </rtept>
  <rtept lat="42.665284" lon="11.502341">
    <ele>278.25</ele>
  </rtept>
  <rtept lat="42.66523" lon="11.502277">
    <ele>278.0</ele>
  </rtept>
  <rtept lat="42.665199" lon="11.502201">
    <ele>277.0</ele>
  </rtept>
  <rtept lat="42.665093" lon="11.501763">
    <ele>269.5</ele>
  </rtept>
  <rtept lat="42.665004" lon="11.50128">
    <ele>263.25</ele>
  </rtept>
  <rtept lat="42.665003" lon="11.501177">
    <ele>261.75</ele>
  </rtept>
  <rtept lat="42.665047" lon="11.50062">
    <ele>258.5</ele>
  </rtept>
  <rtept lat="42.665076" lon="11.499949">
    <ele>251.25</ele>
  </rtept>
  <rtept lat="42.665085" lon="11.499512">
    <ele>247.75</ele>
  </rtept>
  <rtept lat="42.665079" lon="11.499405">
    <ele>247.25</ele>
  </rtept>
  <rtept lat="42.66504" lon="11.499307">
    <ele>247.25</ele>
  </rtept>
  <rtept lat="42.664961" lon="11.499181">
    <ele>247.5</ele>
  </rtept>
  <rtept lat="42.664669" lon="11.498805">
    <ele>247.25</ele>
  </rtept>
  <rtept lat="42.664566" lon="11.498741">
    <ele>247.0</ele>
  </rtept>
  <rtept lat="42.664404" lon="11.498676">
    <ele>246.75</ele>
  </rtept>
  <rtept lat="42.664179" lon="11.498605">
    <ele>244.75</ele>
  </rtept>
  <rtept lat="42.664046" lon="11.498543">
    <ele>244.5</ele>
  </rtept>
  <rtept lat="42.66374" lon="11.498418">
    <ele>243.75</ele>
  </rtept>
  <rtept lat="42.66357" lon="11.498358">
    <ele>242.5</ele>
  </rtept>
  <rtept lat="42.663373" lon="11.498327">
    <ele>240.25</ele>
  </rtept>
  <rtept lat="42.662848" lon="11.498225">
    <ele>236.75</ele>
  </rtept>
  <rtept lat="42.662728" lon="11.498222">
    <ele>236.0</ele>
  </rtept>
  <rtept lat="42.662587" lon="11.498272">
    <ele>236.25</ele>
  </rtept>
  <rtept lat="42.662173" lon="11.49841">
    <ele>232.25</ele>
  </rtept>
  <rtept lat="42.662014" lon="11.499016">
    <ele>233.25</ele>
  </rtept>
  <rtept lat="42.662173" lon="11.49841">
    <ele>232.25</ele>
  </rtept>
  <rtept lat="42.662587" lon="11.498272">
    <ele>236.25</ele>
  </rtept>
  <rtept lat="42.662488" lon="11.497197">
    <ele>229.5</ele>
  </rtept>
  <rtept lat="42.662457" lon="11.496818">
    <ele>227.0</ele>
  </rtept>
  <rtept lat="42.662406" lon="11.496035">
    <ele>222.25</ele>
  </rtept>
  <rtept lat="42.662384" lon="11.495802">
    <ele>220.5</ele>
  </rtept>
  <rtept lat="42.662247" lon="11.495156">
    <ele>213.5</ele>
  </rtept>
  <rtept lat="42.661923" lon="11.493785">
    <ele>201.25</ele>
  </rtept>
  <rtept lat="42.661783" lon="11.493168">
    <ele>198.75</ele>
  </rtept>
  <rtept lat="42.661518" lon="11.492061">
    <ele>185.5</ele>
  </rtept>
  <rtept lat="42.661386" lon="11.491583">
    <ele>185.75</ele>
  </rtept>
  <rtept lat="42.661333" lon="11.491334">
    <ele>186.75</ele>
  </rtept>
  <rtept lat="42.661308" lon="11.491131">
    <ele>187.5</ele>
  </rtept>
  <rtept lat="42.661333" lon="11.490969">
    <ele>188.25</ele>
  </rtept>
  <rtept lat="42.661487" lon="11.490389">
    <ele>187.5</ele>
  </rtept>
  <rtept lat="42.661523" lon="11.490165">
    <ele>186.5</ele>
  </rtept>
  <rtept lat="42.661509" lon="11.489897">
    <ele>183.75</ele>
  </rtept>
  <rtept lat="42.661412" lon="11.489424">
    <ele>181.25</ele>
  </rtept>
  <rtept lat="42.661305" lon="11.489128">
    <ele>178.5</ele>
  </rtept>
  <rtept lat="42.660456" lon="11.487613">
    <ele>153.25</ele>
  </rtept>
  <rtept lat="42.660412" lon="11.487518">
    <ele>151.75</ele>
  </rtept>
  <rtept lat="42.660387" lon="11.487267">
    <ele>143.0</ele>
  </rtept>
  <rtept lat="42.660324" lon="11.486613">
    <ele>143.0</ele>
  </rtept>
  <rtept lat="42.66023" lon="11.485449">
    <ele>133.25</ele>
  </rtept>
  <rtept lat="42.660255" lon="11.485305">
    <ele>132.25</ele>
  </rtept>
  <rtept lat="42.660305" lon="11.485084">
    <ele>131.25</ele>
  </rtept>
  <rtept lat="42.660922" lon="11.483525">
    <ele>128.0</ele>
  </rtept>
  <rtept lat="42.661387" lon="11.482198">
    <ele>126.0</ele>
  </rtept>
  <rtept lat="42.661456" lon="11.481676">
    <ele>126.0</ele>
  </rtept>
  <rtept lat="42.661434" lon="11.480756">
    <ele>125.0</ele>
  </rtept>
  <rtept lat="42.661471" lon="11.479452">
    <ele>124.0</ele>
  </rtept>
  <rtept lat="42.66145" lon="11.478852">
    <ele>123.0</ele>
  </rtept>
  <rtept lat="42.661462" lon="11.478726">
    <ele>123.0</ele>
  </rtept>
  <rtept lat="42.661772" lon="11.478514">
    <ele>123.0</ele>
  </rtept>
  <rtept lat="42.661819" lon="11.47845">
    <ele>123.0</ele>
  </rtept>
  <rtept lat="42.661839" lon="11.478586">
    <ele>123.0</ele>
  </rtept>
  <rtept lat="42.661853" lon="11.478634">
    <ele>123.0</ele>
  </rtept>
  <rtept lat="42.661882" lon="11.478613">
    <ele>123.0</ele>
  </rtept>
  <rtept lat="42.661853" lon="11.478634">
    <ele>123.0</ele>
  </rtept>
  <rtept lat="42.661839" lon="11.478586">
    <ele>123.0</ele>
  </rtept>
  <rtept lat="42.661819" lon="11.47845">
    <ele>123.0</ele>
  </rtept>
  <rtept lat="42.661966" lon="11.477981">
    <ele>123.0</ele>
  </rtept>
  <rtept lat="42.661967" lon="11.477868">
    <ele>123.0</ele>
  </rtept>
  <rtept lat="42.661823" lon="11.477717">
    <ele>123.0</ele>
  </rtept>
  <rtept lat="42.661606" lon="11.477397">
    <ele>122.25</ele>
  </rtept>
  <rtept lat="42.66146" lon="11.477119">
    <ele>122.0</ele>
  </rtept>
  <rtept lat="42.661374" lon="11.476821">
    <ele>122.0</ele>
  </rtept>
  <rtept lat="42.661365" lon="11.476493">
    <ele>122.0</ele>
  </rtept>
  <rtept lat="42.661374" lon="11.476102">
    <ele>121.75</ele>
  </rtept>
  <rtept lat="42.661402" lon="11.475857">
    <ele>122.0</ele>
  </rtept>
  <rtept lat="42.661548" lon="11.475604">
    <ele>122.25</ele>
  </rtept>
  <rtept lat="42.661671" lon="11.4754">
    <ele>122.5</ele>
  </rtept>
  <rtept lat="42.661787" lon="11.475273">
    <ele>123.25</ele>
  </rtept>
  <rtept lat="42.662587" lon="11.474494">
    <ele>127.0</ele>
  </rtept>
  <rtept lat="42.662682" lon="11.47439">
    <ele>127.5</ele>
  </rtept>
  <rtept lat="42.662785" lon="11.474158">
    <ele>128.0</ele>
  </rtept>
  <rtept lat="42.662892" lon="11.473833">
    <ele>128.25</ele>
  </rtept>
  <rtept lat="42.663006" lon="11.473392">
    <ele>128.5</ele>
  </rtept>
  <rtept lat="42.663134" lon="11.472994">
    <ele>129.25</ele>
  </rtept>
  <rtept lat="42.663227" lon="11.472574">
    <ele>129.5</ele>
  </rtept>
  <rtept lat="42.663344" lon="11.472142">
    <ele>128.5</ele>
  </rtept>
  <rtept lat="42.663759" lon="11.470382">
    <ele>129.0</ele>
  </rtept>
  <rtept lat="42.663807" lon="11.47012">
    <ele>128.0</ele>
  </rtept>
  <rtept lat="42.663832" lon="11.469647">
    <ele>126.75</ele>
  </rtept>
  <rtept lat="42.66383" lon="11.469325">
    <ele>127.25</ele>
  </rtept>
  <rtept lat="42.663842" lon="11.468973">
    <ele>126.25</ele>
  </rtept>
  <rtept lat="42.663888" lon="11.468664">
    <ele>126.0</ele>
  </rtept>
  <rtept lat="42.66392" lon="11.468306">
    <ele>126.0</ele>
  </rtept>
  <rtept lat="42.663995" lon="11.46768">
    <ele>127.25</ele>
  </rtept>
  <rtept lat="42.664112" lon="11.46724">
    <ele>128.5</ele>
  </rtept>
  <rtept lat="42.664382" lon="11.466434">
    <ele>128.25</ele>
  </rtept>
  <rtept lat="42.664594" lon="11.465921">
    <ele>129.5</ele>
  </rtept>
  <rtept lat="42.664806" lon="11.465541">
    <ele>129.5</ele>
  </rtept>
  <rtept lat="42.665304" lon="11.464691">
    <ele>131.5</ele>
  </rtept>
  <rtept lat="42.665616" lon="11.464172">
    <ele>139.5</ele>
  </rtept>
  <rtept lat="42.665707" lon="11.463964">
    <ele>141.0</ele>
  </rtept>
  <rtept lat="42.665814" lon="11.463399">
    <ele>141.75</ele>
  </rtept>
  <rtept lat="42.665878" lon="11.463199">
    <ele>143.5</ele>
  </rtept>
  <rtept lat="42.666023" lon="11.462882">
    <ele>144.5</ele>
  </rtept>
  <rtept lat="42.666241" lon="11.462604">
    <ele>144.5</ele>
  </rtept>
  <rtept lat="42.666497" lon="11.462292">
    <ele>144.5</ele>
  </rtept>
  <rtept lat="42.666983" lon="11.462025">
    <ele>146.5</ele>
  </rtept>
  <rtept lat="42.667239" lon="11.461841">
    <ele>148.0</ele>
  </rtept>
  <rtept lat="42.667671" lon="11.461546">
    <ele>150.0</ele>
  </rtept>
  <rtept lat="42.668169" lon="11.461188">
    <ele>153.0</ele>
  </rtept>
  <rtept lat="42.668639" lon="11.460937">
    <ele>156.25</ele>
  </rtept>
  <rtept lat="42.669113" lon="11.460746">
    <ele>159.0</ele>
  </rtept>
  <rtept lat="42.669143" lon="11.4608">
    <ele>159.0</ele>
  </rtept>
  <rtept lat="42.669184" lon="11.460872">
    <ele>158.75</ele>
  </rtept>
  <rtept lat="42.669222" lon="11.461219">
    <ele>158.75</ele>
  </rtept>
  <rtept lat="42.669174" lon="11.46251">
    <ele>160.25</ele>
  </rtept>
  <rtept lat="42.669222" lon="11.461219">
    <ele>158.75</ele>
  </rtept>
  <rtept lat="42.669184" lon="11.460872">
    <ele>158.75</ele>
  </rtept>
  <rtept lat="42.669143" lon="11.4608">
    <ele>159.0</ele>
  </rtept>
  <rtept lat="42.6693" lon="11.460678">
    <ele>159.25</ele>
  </rtept>
  <rtept lat="42.669597" lon="11.460508">
    <ele>159.5</ele>
  </rtept>
  <rtept lat="42.669732" lon="11.460456">
    <ele>159.0</ele>
  </rtept>
  <rtept lat="42.669856" lon="11.460391">
    <ele>157.5</ele>
  </rtept>
  <rtept lat="42.670085" lon="11.460301">
    <ele>156.0</ele>
  </rtept>
  <rtept lat="42.67018" lon="11.460214">
    <ele>155.75</ele>
  </rtept>
  <rtept lat="42.670288" lon="11.460084">
    <ele>154.5</ele>
  </rtept>
  <rtept lat="42.670421" lon="11.459843">
    <ele>152.75</ele>
  </rtept>
  <rtept lat="42.670527" lon="11.459571">
    <ele>150.0</ele>
  </rtept>
  <rtept lat="42.670574" lon="11.459362">
    <ele>148.5</ele>
  </rtept>
  <rtept lat="42.670641" lon="11.459154">
    <ele>147.75</ele>
  </rtept>
  <rtept lat="42.67068" lon="11.458958">
    <ele>146.75</ele>
  </rtept>
  <rtept lat="42.670823" lon="11.458515">
    <ele>144.5</ele>
  </rtept>
  <rtept lat="42.670862" lon="11.458255">
    <ele>143.5</ele>
  </rtept>
  <rtept lat="42.670919" lon="11.458138">
    <ele>143.25</ele>
  </rtept>
  <rtept lat="42.670975" lon="11.458148">
    <ele>143.25</ele>
  </rtept>
  <rtept lat="42.671265" lon="11.458422">
    <ele>144.75</ele>
  </rtept>
  <rtept lat="42.671371" lon="11.458489">
    <ele>145.25</ele>
  </rtept>
  <rtept lat="42.671438" lon="11.458542">
    <ele>145.75</ele>
  </rtept>
  <rtept lat="42.671508" lon="11.45858">
    <ele>145.75</ele>
  </rtept>
  <rtept lat="42.671572" lon="11.458638">
    <ele>146.0</ele>
  </rtept>
  <rtept lat="42.671865" lon="11.458801">
    <ele>146.5</ele>
  </rtept>
  <rtept lat="42.672225" lon="11.458945">
    <ele>147.0</ele>
  </rtept>
  <rtept lat="42.672303" lon="11.458983">
    <ele>147.25</ele>
  </rtept>
  <rtept lat="42.672532" lon="11.459161">
    <ele>147.75</ele>
  </rtept>
  <rtept lat="42.672588" lon="11.459199">
    <ele>148.0</ele>
  </rtept>
  <rtept lat="42.67279" lon="11.459372">
    <ele>148.5</ele>
  </rtept>
  <rtept lat="42.672848" lon="11.459354">
    <ele>148.5</ele>
  </rtept>
  <rtept lat="42.672932" lon="11.459226">
    <ele>148.5</ele>
  </rtept>
  <rtept lat="42.672984" lon="11.459223">
    <ele>148.5</ele>
  </rtept>
  <rtept lat="42.673118" lon="11.459281">
    <ele>148.75</ele>
  </rtept>
  <rtept lat="42.673174" lon="11.459319">
    <ele>149.0</ele>
  </rtept>
  <rtept lat="42.673308" lon="11.459377">
    <ele>149.75</ele>
  </rtept>
  <rtept lat="42.67352" lon="11.459545">
    <ele>149.75</ele>
  </rtept>
  <rtept lat="42.673605" lon="11.459636">
    <ele>149.75</ele>
  </rtept>
  <rtept lat="42.673768" lon="11.459771">
    <ele>150.0</ele>
  </rtept>
  <rtept lat="42.673948" lon="11.459934">
    <ele>150.0</ele>
  </rtept>
  <rtept lat="42.674008" lon="11.460006">
    <ele>150.25</ele>
  </rtept>
  <rtept lat="42.674195" lon="11.460164">
    <ele>150.25</ele>
  </rtept>
  <rtept lat="42.674322" lon="11.460284">
    <ele>150.5</ele>
  </rtept>
  <rtept lat="42.674488" lon="11.460385">
    <ele>150.5</ele>
  </rtept>
  <rtept lat="42.674572" lon="11.460448">
    <ele>150.5</ele>
  </rtept>
  <rtept lat="42.674646" lon="11.460452">
    <ele>150.75</ele>
  </rtept>
  <rtept lat="42.674735" lon="11.460428">
    <ele>151.0</ele>
  </rtept>
  <rtept lat="42.674781" lon="11.46038">
    <ele>151.0</ele>
  </rtept>
  <rtept lat="42.674848" lon="11.460332">
    <ele>151.25</ele>
  </rtept>
  <rtept lat="42.674936" lon="11.460332">
    <ele>151.75</ele>
  </rtept>
  <rtept lat="42.675024" lon="11.460347">
    <ele>152.0</ele>
  </rtept>
  <rtept lat="42.675109" lon="11.4604">
    <ele>152.0</ele>
  </rtept>
  <rtept lat="42.675324" lon="11.460462">
    <ele>152.5</ele>
  </rtept>
  <rtept lat="42.675554" lon="11.460592">
    <ele>152.75</ele>
  </rtept>
  <rtept lat="42.675614" lon="11.460645">
    <ele>152.75</ele>
  </rtept>
  <rtept lat="42.675713" lon="11.460712">
    <ele>153.0</ele>
  </rtept>
  <rtept lat="42.675847" lon="11.460741">
    <ele>153.25</ele>
  </rtept>
  <rtept lat="42.675931" lon="11.460769">
    <ele>153.5</ele>
  </rtept>
  <rtept lat="42.676108" lon="11.46076">
    <ele>154.5</ele>
  </rtept>
  <rtept lat="42.676203" lon="11.460741">
    <ele>154.75</ele>
  </rtept>
  <rtept lat="42.676277" lon="11.460717">
    <ele>155.25</ele>
  </rtept>
  <rtept lat="42.676531" lon="11.460683">
    <ele>156.25</ele>
  </rtept>
  <rtept lat="42.676673" lon="11.460635">
    <ele>156.5</ele>
  </rtept>
  <rtept lat="42.676775" lon="11.460621">
    <ele>157.0</ele>
  </rtept>
  <rtept lat="42.676994" lon="11.460544">
    <ele>157.75</ele>
  </rtept>
  <rtept lat="42.677188" lon="11.460438">
    <ele>158.25</ele>
  </rtept>
  <rtept lat="42.677389" lon="11.460313">
    <ele>159.0</ele>
  </rtept>
  <rtept lat="42.677453" lon="11.460241">
    <ele>159.25</ele>
  </rtept>
  <rtept lat="42.67753" lon="11.460179">
    <ele>159.5</ele>
  </rtept>
  <rtept lat="42.677626" lon="11.460078">
    <ele>160.0</ele>
  </rtept>
  <rtept lat="42.677806" lon="11.459944">
    <ele>160.25</ele>
  </rtept>
  <rtept lat="42.677901" lon="11.459852">
    <ele>160.75</ele>
  </rtept>
  <rtept lat="42.677986" lon="11.459785">
    <ele>160.75</ele>
  </rtept>
  <rtept lat="42.678067" lon="11.459708">
    <ele>161.0</ele>
  </rtept>
  <rtept lat="42.678039" lon="11.459636">
    <ele>162.5</ele>
  </rtept>
  <rtept lat="42.677947" lon="11.459559">
    <ele>164.25</ele>
  </rtept>
  <rtept lat="42.677834" lon="11.459435">
    <ele>166.75</ele>
  </rtept>
  <rtept lat="42.677905" lon="11.45895">
    <ele>173.75</ele>
  </rtept>
  <rtept lat="42.677933" lon="11.458815">
    <ele>176.0</ele>
  </rtept>
  <rtept lat="42.677968" lon="11.458566">
    <ele>179.75</ele>
  </rtept>
  <rtept lat="42.677972" lon="11.458436">
    <ele>180.75</ele>
  </rtept>
  <rtept lat="42.677968" lon="11.458273">
    <ele>182.25</ele>
  </rtept>
  <rtept lat="42.677979" lon="11.458157">
    <ele>183.5</ele>
  </rtept>
  <rtept lat="42.677975" lon="11.458028">
    <ele>184.75</ele>
  </rtept>
  <rtept lat="42.677961" lon="11.457927">
    <ele>186.0</ele>
  </rtept>
  <rtept lat="42.677905" lon="11.457682">
    <ele>189.0</ele>
  </rtept>
  <rtept lat="42.677862" lon="11.457432">
    <ele>193.0</ele>
  </rtept>
  <rtept lat="42.677816" lon="11.457274">
    <ele>196.0</ele>
  </rtept>
  <rtept lat="42.677739" lon="11.45714">
    <ele>198.5</ele>
  </rtept>
  <rtept lat="42.677615" lon="11.457034">
    <ele>200.25</ele>
  </rtept>
  <rtept lat="42.677559" lon="11.456933">
    <ele>202.25</ele>
  </rtept>
  <rtept lat="42.677484" lon="11.456847">
    <ele>203.75</ele>
  </rtept>
  <rtept lat="42.677428" lon="11.456746">
    <ele>205.25</ele>
  </rtept>
  <rtept lat="42.677322" lon="11.456515">
    <ele>207.5</ele>
  </rtept>
  <rtept lat="42.677336" lon="11.456439">
    <ele>208.75</ele>
  </rtept>
  <rtept lat="42.677389" lon="11.456367">
    <ele>210.75</ele>
  </rtept>
  <rtept lat="42.67747" lon="11.456295">
    <ele>212.75</ele>
  </rtept>
  <rtept lat="42.677534" lon="11.456261">
    <ele>214.0</ele>
  </rtept>
  <rtept lat="42.677608" lon="11.456203">
    <ele>215.75</ele>
  </rtept>
  <rtept lat="42.67764" lon="11.45616">
    <ele>216.75</ele>
  </rtept>
  <rtept lat="42.677717" lon="11.456117">
    <ele>218.25</ele>
  </rtept>
  <rtept lat="42.677767" lon="11.45605">
    <ele>219.75</ele>
  </rtept>
  <rtept lat="42.677806" lon="11.455958">
    <ele>221.25</ele>
  </rtept>
  <rtept lat="42.677788" lon="11.455896">
    <ele>222.0</ele>
  </rtept>
  <rtept lat="42.677725" lon="11.455747">
    <ele>224.25</ele>
  </rtept>
  <rtept lat="42.677594" lon="11.455502">
    <ele>228.5</ele>
  </rtept>
  <rtept lat="42.677548" lon="11.455392">
    <ele>229.75</ele>
  </rtept>
  <rtept lat="42.677456" lon="11.455219">
    <ele>230.5</ele>
  </rtept>
  <rtept lat="42.677453" lon="11.455128">
    <ele>231.0</ele>
  </rtept>
  <rtept lat="42.677502" lon="11.455046">
    <ele>232.5</ele>
  </rtept>
  <rtept lat="42.677608" lon="11.454902">
    <ele>234.75</ele>
  </rtept>
  <rtept lat="42.677664" lon="11.454859">
    <ele>236.25</ele>
  </rtept>
  <rtept lat="42.677742" lon="11.454777">
    <ele>238.5</ele>
  </rtept>
  <rtept lat="42.677785" lon="11.454705">
    <ele>239.75</ele>
  </rtept>
  <rtept lat="42.677915" lon="11.454336">
    <ele>241.25</ele>
  </rtept>
  <rtept lat="42.67806" lon="11.454096">
    <ele>243.25</ele>
  </rtept>
  <rtept lat="42.678148" lon="11.453971">
    <ele>244.0</ele>
  </rtept>
  <rtept lat="42.678293" lon="11.453687">
    <ele>246.5</ele>
  </rtept>
  <rtept lat="42.678339" lon="11.45362">
    <ele>247.75</ele>
  </rtept>
  <rtept lat="42.678399" lon="11.453515">
    <ele>247.75</ele>
  </rtept>
  <rtept lat="42.678466" lon="11.453351">
    <ele>249.25</ele>
  </rtept>
  <rtept lat="42.678515" lon="11.453212">
    <ele>250.5</ele>
  </rtept>
  <rtept lat="42.678568" lon="11.453054">
    <ele>252.0</ele>
  </rtept>
  <rtept lat="42.67858" lon="11.452977">
    <ele>252.5</ele>
  </rtept>
  <rtept lat="42.678576" lon="11.452345">
    <ele>255.75</ele>
  </rtept>
  <rtept lat="42.678561" lon="11.452243">
    <ele>256.0</ele>
  </rtept>
  <rtept lat="42.678523" lon="11.45214">
    <ele>256.5</ele>
  </rtept>
  <rtept lat="42.678443" lon="11.451956">
    <ele>258.0</ele>
  </rtept>
  <rtept lat="42.678327" lon="11.451729">
    <ele>260.0</ele>
  </rtept>
  <rtept lat="42.678191" lon="11.451393">
    <ele>261.75</ele>
  </rtept>
  <rtept lat="42.678027" lon="11.451134">
    <ele>262.0</ele>
  </rtept>
  <rtept lat="42.678" lon="11.451048">
    <ele>262.25</ele>
  </rtept>
  <rtept lat="42.677979" lon="11.450855">
    <ele>263.25</ele>
  </rtept>
  <rtept lat="42.677987" lon="11.450817">
    <ele>263.5</ele>
  </rtept>
  <rtept lat="42.678019" lon="11.450744">
    <ele>263.75</ele>
  </rtept>
  <rtept lat="42.678093" lon="11.450705">
    <ele>265.0</ele>
  </rtept>
  <rtept lat="42.678167" lon="11.450686">
    <ele>266.25</ele>
  </rtept>
  <rtept lat="42.678252" lon="11.450729">
    <ele>268.0</ele>
  </rtept>
  <rtept lat="42.678336" lon="11.450758">
    <ele>269.75</ele>
  </rtept>
  <rtept lat="42.678544" lon="11.450859">
    <ele>272.0</ele>
  </rtept>
  <rtept lat="42.678807" lon="11.450883">
    <ele>274.5</ele>
  </rtept>
  <rtept lat="42.679079" lon="11.450866">
    <ele>278.75</ele>
  </rtept>
  <rtept lat="42.679349" lon="11.450866">
    <ele>282.5</ele>
  </rtept>
  <rtept lat="42.679596" lon="11.450885">
    <ele>285.75</ele>
  </rtept>
  <rtept lat="42.679635" lon="11.450846">
    <ele>286.5</ele>
  </rtept>
  <rtept lat="42.679804" lon="11.450434">
    <ele>289.25</ele>
  </rtept>
  <rtept lat="42.67986" lon="11.450274">
    <ele>289.75</ele>
  </rtept>
  <rtept lat="42.680033" lon="11.449899">
    <ele>290.5</ele>
  </rtept>
  <rtept lat="42.680273" lon="11.449294">
    <ele>290.75</ele>
  </rtept>
  <rtept lat="42.680322" lon="11.449097">
    <ele>290.25</ele>
  </rtept>
  <rtept lat="42.680386" lon="11.448925">
    <ele>289.75</ele>
  </rtept>
  <rtept lat="42.680435" lon="11.448733">
    <ele>290.0</ele>
  </rtept>
  <rtept lat="42.680506" lon="11.448564">
    <ele>291.25</ele>
  </rtept>
  <rtept lat="42.680562" lon="11.448372">
    <ele>291.75</ele>
  </rtept>
  <rtept lat="42.680622" lon="11.448209">
    <ele>291.25</ele>
  </rtept>
  <rtept lat="42.680665" lon="11.448027">
    <ele>291.0</ele>
  </rtept>
  <rtept lat="42.680686" lon="11.447878">
    <ele>291.5</ele>
  </rtept>
  <rtept lat="42.680693" lon="11.44771">
    <ele>292.5</ele>
  </rtept>
  <rtept lat="42.6807" lon="11.447398">
    <ele>296.25</ele>
  </rtept>
  <rtept lat="42.680693" lon="11.447268">
    <ele>297.75</ele>
  </rtept>
  <rtept lat="42.680693" lon="11.447057">
    <ele>300.75</ele>
  </rtept>
  <rtept lat="42.680742" lon="11.446889">
    <ele>303.25</ele>
  </rtept>
  <rtept lat="42.680732" lon="11.446692">
    <ele>306.0</ele>
  </rtept>
  <rtept lat="42.680721" lon="11.446121">
    <ele>311.0</ele>
  </rtept>
  <rtept lat="42.680813" lon="11.445295">
    <ele>316.0</ele>
  </rtept>
  <rtept lat="42.680919" lon="11.444872">
    <ele>317.75</ele>
  </rtept>
  <rtept lat="42.68099" lon="11.444551">
    <ele>318.0</ele>
  </rtept>
  <rtept lat="42.681035" lon="11.444421">
    <ele>318.25</ele>
  </rtept>
  <rtept lat="42.681088" lon="11.444287">
    <ele>319.0</ele>
  </rtept>
  <rtept lat="42.681092" lon="11.44428">
    <ele>319.0</ele>
  </rtept>
  <rtept lat="42.681244" lon="11.44407">
    <ele>320.0</ele>
  </rtept>
  <rtept lat="42.681293" lon="11.443936">
    <ele>321.0</ele>
  </rtept>
  <rtept lat="42.681328" lon="11.44373">
    <ele>322.75</ele>
  </rtept>
  <rtept lat="42.681339" lon="11.44361">
    <ele>323.75</ele>
  </rtept>
  <rtept lat="42.681614" lon="11.442654">
    <ele>331.0</ele>
  </rtept>
  <rtept lat="42.682505" lon="11.441753">
    <ele>340.75</ele>
  </rtept>
  <rtept lat="42.682965" lon="11.441191">
    <ele>348.0</ele>
  </rtept>
  <rtept lat="42.683" lon="11.441059">
    <ele>349.25</ele>
  </rtept>
  <rtept lat="42.683153" lon="11.440643">
    <ele>354.5</ele>
  </rtept>
  <rtept lat="42.683442" lon="11.440136">
    <ele>364.0</ele>
  </rtept>
  <rtept lat="42.683536" lon="11.43983">
    <ele>366.75</ele>
  </rtept>
  <rtept lat="42.684051" lon="11.439309">
    <ele>378.75</ele>
  </rtept>
  <rtept lat="42.68424" lon="11.439095">
    <ele>383.0</ele>
  </rtept>
  <rtept lat="42.684718" lon="11.437755">
    <ele>401.5</ele>
  </rtept>
  <rtept lat="42.685207" lon="11.436524">
    <ele>406.5</ele>
  </rtept>
  <rtept lat="42.685416" lon="11.435816">
    <ele>412.5</ele>
  </rtept>
  <rtept lat="42.685492" lon="11.435718">
    <ele>415.0</ele>
  </rtept>
  <rtept lat="42.685879" lon="11.43543">
    <ele>424.75</ele>
  </rtept>
  <rtept lat="42.686188" lon="11.435024">
    <ele>431.0</ele>
  </rtept>
  <rtept lat="42.686589" lon="11.434264">
    <ele>436.5</ele>
  </rtept>
  <rtept lat="42.687225" lon="11.433483">
    <ele>450.25</ele>
  </rtept>
  <rtept lat="42.68754" lon="11.432905">
    <ele>455.5</ele>
  </rtept>
  <rtept lat="42.687699" lon="11.432515">
    <ele>459.75</ele>
  </rtept>
  <rtept lat="42.688031" lon="11.430755">
    <ele>468.0</ele>
  </rtept>
  <rtept lat="42.688146" lon="11.430378">
    <ele>466.75</ele>
  </rtept>
  <rtept lat="42.688498" lon="11.429933">
    <ele>466.25</ele>
  </rtept>
  <rtept lat="42.688707" lon="11.429526">
    <ele>465.5</ele>
  </rtept>
  <rtept lat="42.689097" lon="11.428652">
    <ele>463.5</ele>
  </rtept>
  <rtept lat="42.689328" lon="11.42822">
    <ele>462.75</ele>
  </rtept>
  <rtept lat="42.689416" lon="11.428074">
    <ele>462.75</ele>
  </rtept>
  <rtept lat="42.689991" lon="11.428133">
    <ele>465.75</ele>
  </rtept>
  <rtept lat="42.690071" lon="11.428134">
    <ele>466.25</ele>
  </rtept>
  <rtept lat="42.690081" lon="11.428223">
    <ele>465.25</ele>
  </rtept>
  <rtept lat="42.690024" lon="11.428372">
    <ele>462.75</ele>
  </rtept>
  <rtept lat="42.689971" lon="11.428425">
    <ele>461.5</ele>
  </rtept>
  <rtept lat="42.68979" lon="11.428532">
    <ele>459.25</ele>
  </rtept>
  <rtept lat="42.689601" lon="11.428604">
    <ele>458.75</ele>
  </rtept>
  <rtept lat="42.689541" lon="11.428645">
    <ele>459.0</ele>
  </rtept>
  <rtept lat="42.689514" lon="11.428722">
    <ele>458.5</ele>
  </rtept>
  <rtept lat="42.689519" lon="11.429033">
    <ele>456.0</ele>
  </rtept>
  <rtept lat="42.689479" lon="11.429199">
    <ele>455.5</ele>
  </rtept>
  <rtept lat="42.689434" lon="11.429277">
    <ele>455.5</ele>
  </rtept>
  <rtept lat="42.689364" lon="11.429365">
    <ele>455.0</ele>
  </rtept>
  <rtept lat="42.689241" lon="11.429464">
    <ele>455.75</ele>
  </rtept>
  <rtept lat="42.689176" lon="11.429553">
    <ele>456.25</ele>
  </rtept>
  <rtept lat="42.689157" lon="11.429711">
    <ele>456.0</ele>
  </rtept>
  <rtept lat="42.689145" lon="11.429764">
    <ele>455.75</ele>
  </rtept>
  <rtept lat="42.689157" lon="11.429711">
    <ele>456.0</ele>
  </rtept>
  <rtept lat="42.689176" lon="11.429553">
    <ele>456.25</ele>
  </rtept>
  <rtept lat="42.689241" lon="11.429464">
    <ele>455.75</ele>
  </rtept>
  <rtept lat="42.689364" lon="11.429365">
    <ele>455.0</ele>
  </rtept>
  <rtept lat="42.689434" lon="11.429277">
    <ele>455.5</ele>
  </rtept>
  <rtept lat="42.689479" lon="11.429199">
    <ele>455.5</ele>
  </rtept>
  <rtept lat="42.689519" lon="11.429033">
    <ele>456.0</ele>
  </rtept>
  <rtept lat="42.689514" lon="11.428722">
    <ele>458.5</ele>
  </rtept>
  <rtept lat="42.689541" lon="11.428645">
    <ele>459.0</ele>
  </rtept>
  <rtept lat="42.689601" lon="11.428604">
    <ele>458.75</ele>
  </rtept>
  <rtept lat="42.68979" lon="11.428532">
    <ele>459.25</ele>
  </rtept>
  <rtept lat="42.689971" lon="11.428425">
    <ele>461.5</ele>
  </rtept>
  <rtept lat="42.690024" lon="11.428372">
    <ele>462.75</ele>
  </rtept>
  <rtept lat="42.690081" lon="11.428223">
    <ele>465.25</ele>
  </rtept>
  <rtept lat="42.690071" lon="11.428134">
    <ele>466.25</ele>
  </rtept>
  <rtept lat="42.690502" lon="11.427985">
    <ele>468.5</ele>
  </rtept>
  <rtept lat="42.691075" lon="11.42774">
    <ele>470.5</ele>
  </rtept>
  <rtept lat="42.691533" lon="11.427401">
    <ele>470.25</ele>
  </rtept>
  <rtept lat="42.69191" lon="11.427214">
    <ele>471.5</ele>
  </rtept>
  <rtept lat="42.692297" lon="11.426517">
    <ele>469.75</ele>
  </rtept>
  <rtept lat="42.69247" lon="11.426438">
    <ele>467.0</ele>
  </rtept>
  <rtept lat="42.692997" lon="11.4262">
    <ele>467.0</ele>
  </rtept>
  <rtept lat="42.693374" lon="11.425961">
    <ele>463.5</ele>
  </rtept>
  <rtept lat="42.693764" lon="11.425473">
    <ele>459.0</ele>
  </rtept>
  <rtept lat="42.694169" lon="11.425055">
    <ele>457.75</ele>
  </rtept>
  <rtept lat="42.694606" lon="11.424582">
    <ele>452.5</ele>
  </rtept>
  <rtept lat="42.695365" lon="11.423443">
    <ele>450.25</ele>
  </rtept>
  <rtept lat="42.696864" lon="11.421822">
    <ele>424.0</ele>
  </rtept>
  <rtept lat="42.697315" lon="11.421396">
    <ele>418.5</ele>
  </rtept>
  <rtept lat="42.697741" lon="11.421277">
    <ele>420.0</ele>
  </rtept>
  <rtept lat="42.698108" lon="11.421456">
    <ele>422.5</ele>
  </rtept>
  <rtept lat="42.698309" lon="11.421486">
    <ele>423.0</ele>
  </rtept>
  <rtept lat="42.698798" lon="11.421445">
    <ele>426.25</ele>
  </rtept>
  <rtept lat="42.699356" lon="11.421459">
    <ele>426.5</ele>
  </rtept>
  <rtept lat="42.700105" lon="11.421245">
    <ele>428.0</ele>
  </rtept>
  <rtept lat="42.700462" lon="11.421171">
    <ele>429.0</ele>
  </rtept>
  <rtept lat="42.700769" lon="11.421122">
    <ele>429.75</ele>
  </rtept>
  <rtept lat="42.701" lon="11.421019">
    <ele>429.0</ele>
  </rtept>
  <rtept lat="42.701958" lon="11.420869">
    <ele>428.25</ele>
  </rtept>
  <rtept lat="42.702105" lon="11.420846">
    <ele>428.25</ele>
  </rtept>
  <rtept lat="42.702687" lon="11.420781">
    <ele>428.5</ele>
  </rtept>
  <rtept lat="42.703225" lon="11.420374">
    <ele>428.75</ele>
  </rtept>
  <rtept lat="42.703663" lon="11.420188">
    <ele>432.0</ele>
  </rtept>
  <rtept lat="42.704071" lon="11.420239">
    <ele>434.25</ele>
  </rtept>
  <rtept lat="42.704289" lon="11.420225">
    <ele>437.0</ele>
  </rtept>
  <rtept lat="42.704619" lon="11.420114">
    <ele>442.25</ele>
  </rtept>
  <rtept lat="42.705581" lon="11.419925">
    <ele>454.0</ele>
  </rtept>
  <rtept lat="42.706142" lon="11.419899">
    <ele>458.25</ele>
  </rtept>
  <rtept lat="42.706176" lon="11.419897">
    <ele>458.25</ele>
  </rtept>
  <rtept lat="42.706539" lon="11.419947">
    <ele>461.25</ele>
  </rtept>
  <rtept lat="42.707177" lon="11.419694">
    <ele>467.75</ele>
  </rtept>
  <rtept lat="42.707533" lon="11.419656">
    <ele>471.5</ele>
  </rtept>
  <rtept lat="42.707925" lon="11.419693">
    <ele>474.75</ele>
  </rtept>
  <rtept lat="42.708493" lon="11.419556">
    <ele>480.25</ele>
  </rtept>
  <rtept lat="42.709064" lon="11.419296">
    <ele>482.75</ele>
  </rtept>
  <rtept lat="42.709864" lon="11.418767">
    <ele>489.25</ele>
  </rtept>
  <rtept lat="42.71025" lon="11.418589">
    <ele>493.5</ele>
  </rtept>
  <rtept lat="42.710408" lon="11.418582">
    <ele>493.25</ele>
  </rtept>
  <rtept lat="42.710697" lon="11.41865">
    <ele>492.75</ele>
  </rtept>
  <rtept lat="42.710807" lon="11.41865">
    <ele>492.5</ele>
  </rtept>
  <rtept lat="42.710868" lon="11.418641">
    <ele>492.0</ele>
  </rtept>
  <rtept lat="42.711106" lon="11.418499">
    <ele>489.5</ele>
  </rtept>
  <rtept lat="42.711181" lon="11.41842">
    <ele>489.25</ele>
  </rtept>
  <rtept lat="42.711963" lon="11.418389">
    <ele>491.75</ele>
  </rtept>
  <rtept lat="42.712384" lon="11.418287">
    <ele>491.75</ele>
  </rtept>
  <rtept lat="42.712847" lon="11.417861">
    <ele>490.25</ele>
  </rtept>
  <rtept lat="42.71295" lon="11.417762">
    <ele>484.5</ele>
  </rtept>
  <rtept lat="42.713564" lon="11.417179">
    <ele>484.5</ele>
  </rtept>
  <rtept lat="42.713927" lon="11.416809">
    <ele>482.5</ele>
  </rtept>
  <rtept lat="42.713968" lon="11.416447">
    <ele>481.25</ele>
  </rtept>
  <rtept lat="42.714145" lon="11.415852">
    <ele>479.25</ele>
  </rtept>
  <rtept lat="42.714544" lon="11.415379">
    <ele>480.5</ele>
  </rtept>
  <rtept lat="42.714689" lon="11.415132">
    <ele>478.25</ele>
  </rtept>
  <rtept lat="42.714779" lon="11.415052">
    <ele>477.25</ele>
  </rtept>
  <rtept lat="42.715133" lon="11.414829">
    <ele>472.75</ele>
  </rtept>
  <rtept lat="42.715694" lon="11.414608">
    <ele>474.0</ele>
  </rtept>
  <rtept lat="42.716026" lon="11.414361">
    <ele>475.75</ele>
  </rtept>
  <rtept lat="42.716519" lon="11.41388">
    <ele>480.75</ele>
  </rtept>
  <rtept lat="42.717043" lon="11.413516">
    <ele>485.25</ele>
  </rtept>
  <rtept lat="42.717338" lon="11.413134">
    <ele>483.5</ele>
  </rtept>
  <rtept lat="42.718033" lon="11.412516">
    <ele>485.5</ele>
  </rtept>
  <rtept lat="42.718635" lon="11.412066">
    <ele>492.5</ele>
  </rtept>
  <rtept lat="42.719236" lon="11.411756">
    <ele>497.25</ele>
  </rtept>
  <rtept lat="42.719472" lon="11.411656">
    <ele>499.0</ele>
  </rtept>
  <rtept lat="42.71977" lon="11.411322">
    <ele>501.0</ele>
  </rtept>
  <rtept lat="42.720203" lon="11.410801">
    <ele>506.0</ele>
  </rtept>
  <rtept lat="42.720626" lon="11.410453">
    <ele>509.5</ele>
  </rtept>
  <rtept lat="42.721087" lon="11.410237">
    <ele>512.75</ele>
  </rtept>
  <rtept lat="42.72124" lon="11.410157">
    <ele>513.5</ele>
  </rtept>
  <rtept lat="42.721494" lon="11.409742">
    <ele>515.0</ele>
  </rtept>
  <rtept lat="42.721561" lon="11.409444">
    <ele>517.5</ele>
  </rtept>
  <rtept lat="42.721501" lon="11.409261">
    <ele>520.25</ele>
  </rtept>
  <rtept lat="42.721334" lon="11.409065">
    <ele>520.25</ele>
  </rtept>
  <rtept lat="42.721298" lon="11.408797">
    <ele>523.0</ele>
  </rtept>
  <rtept lat="42.721308" lon="11.408631">
    <ele>524.5</ele>
  </rtept>
  <rtept lat="42.721407" lon="11.408382">
    <ele>527.0</ele>
  </rtept>
  <rtept lat="42.721552" lon="11.408364">
    <ele>529.75</ele>
  </rtept>
  <rtept lat="42.722058" lon="11.408141">
    <ele>532.0</ele>
  </rtept>
  <rtept lat="42.722193" lon="11.408051">
    <ele>531.5</ele>
  </rtept>
  <rtept lat="42.722457" lon="11.407876">
    <ele>531.5</ele>
  </rtept>
  <rtept lat="42.723257" lon="11.407463">
    <ele>532.5</ele>
  </rtept>
  <rtept lat="42.723352" lon="11.407388">
    <ele>532.25</ele>
  </rtept>
  <rtept lat="42.723503" lon="11.407267">
    <ele>533.25</ele>
  </rtept>
  <rtept lat="42.72359" lon="11.407184">
    <ele>534.25</ele>
  </rtept>
  <rtept lat="42.723503" lon="11.407267">
    <ele>533.25</ele>
  </rtept>
  <rtept lat="42.723352" lon="11.407388">
    <ele>532.25</ele>
  </rtept>
  <rtept lat="42.723257" lon="11.407463">
    <ele>532.5</ele>
  </rtept>
  <rtept lat="42.722457" lon="11.407876">
    <ele>531.5</ele>
  </rtept>
  <rtept lat="42.722193" lon="11.408051">
    <ele>531.5</ele>
  </rtept>
  <rtept lat="42.722058" lon="11.408141">
    <ele>532.0</ele>
  </rtept>
  <rtept lat="42.721552" lon="11.408364">
    <ele>529.75</ele>
  </rtept>
  <rtept lat="42.721407" lon="11.408382">
    <ele>527.0</ele>
  </rtept>
  <rtept lat="42.721308" lon="11.408631">
    <ele>524.5</ele>
  </rtept>
  <rtept lat="42.721298" lon="11.408797">
    <ele>523.0</ele>
  </rtept>
  <rtept lat="42.721334" lon="11.409065">
    <ele>520.25</ele>
  </rtept>
  <rtept lat="42.721501" lon="11.409261">
    <ele>520.25</ele>
  </rtept>
  <rtept lat="42.721561" lon="11.409444">
    <ele>517.5</ele>
  </rtept>
  <rtept lat="42.721494" lon="11.409742">
    <ele>515.0</ele>
  </rtept>
  <rtept lat="42.72124" lon="11.410157">
    <ele>513.5</ele>
  </rtept>
  <rtept lat="42.721087" lon="11.410237">
    <ele>512.75</ele>
  </rtept>
  <rtept lat="42.720626" lon="11.410453">
    <ele>509.5</ele>
  </rtept>
  <rtept lat="42.720203" lon="11.410801">
    <ele>506.0</ele>
  </rtept>
  <rtept lat="42.71977" lon="11.411322">
    <ele>501.0</ele>
  </rtept>
  <rtept lat="42.719472" lon="11.411656">
    <ele>499.0</ele>
  </rtept>
  <rtept lat="42.719236" lon="11.411756">
    <ele>497.25</ele>
  </rtept>
  <rtept lat="42.718635" lon="11.412066">
    <ele>492.5</ele>
  </rtept>
  <rtept lat="42.718033" lon="11.412516">
    <ele>485.5</ele>
  </rtept>
  <rtept lat="42.717338" lon="11.413134">
    <ele>483.5</ele>
  </rtept>
  <rtept lat="42.717043" lon="11.413516">
    <ele>485.25</ele>
  </rtept>
  <rtept lat="42.716519" lon="11.41388">
    <ele>480.75</ele>
  </rtept>
  <rtept lat="42.716026" lon="11.414361">
    <ele>475.75</ele>
  </rtept>
  <rtept lat="42.715694" lon="11.414608">
    <ele>474.0</ele>
  </rtept>
  <rtept lat="42.715133" lon="11.414829">
    <ele>472.75</ele>
  </rtept>
  <rtept lat="42.714779" lon="11.415052">
    <ele>477.25</ele>
  </rtept>
  <rtept lat="42.714689" lon="11.415132">
    <ele>478.25</ele>
  </rtept>
  <rtept lat="42.714544" lon="11.415379">
    <ele>480.5</ele>
  </rtept>
  <rtept lat="42.714145" lon="11.415852">
    <ele>479.25</ele>
  </rtept>
  <rtept lat="42.713968" lon="11.416447">
    <ele>481.25</ele>
  </rtept>
  <rtept lat="42.713927" lon="11.416809">
    <ele>482.5</ele>
  </rtept>
  <rtept lat="42.713564" lon="11.417179">
    <ele>484.5</ele>
  </rtept>
  <rtept lat="42.712847" lon="11.417861">
    <ele>490.25</ele>
  </rtept>
  <rtept lat="42.712384" lon="11.418287">
    <ele>491.75</ele>
  </rtept>
  <rtept lat="42.711963" lon="11.418389">
    <ele>491.75</ele>
  </rtept>
  <rtept lat="42.711181" lon="11.41842">
    <ele>489.25</ele>
  </rtept>
  <rtept lat="42.711106" lon="11.418499">
    <ele>489.5</ele>
  </rtept>
  <rtept lat="42.710868" lon="11.418641">
    <ele>492.0</ele>
  </rtept>
  <rtept lat="42.710807" lon="11.41865">
    <ele>492.5</ele>
  </rtept>
  <rtept lat="42.710697" lon="11.41865">
    <ele>492.75</ele>
  </rtept>
  <rtept lat="42.710408" lon="11.418582">
    <ele>493.25</ele>
  </rtept>
  <rtept lat="42.71025" lon="11.418589">
    <ele>493.5</ele>
  </rtept>
  <rtept lat="42.709864" lon="11.418767">
    <ele>489.25</ele>
  </rtept>
  <rtept lat="42.709064" lon="11.419296">
    <ele>482.75</ele>
  </rtept>
  <rtept lat="42.708493" lon="11.419556">
    <ele>480.25</ele>
  </rtept>
  <rtept lat="42.707925" lon="11.419693">
    <ele>474.75</ele>
  </rtept>
  <rtept lat="42.707533" lon="11.419656">
    <ele>471.5</ele>
  </rtept>
  <rtept lat="42.707177" lon="11.419694">
    <ele>467.75</ele>
  </rtept>
  <rtept lat="42.706539" lon="11.419947">
    <ele>461.25</ele>
  </rtept>
  <rtept lat="42.706176" lon="11.419897">
    <ele>458.25</ele>
  </rtept>
  <rtept lat="42.706142" lon="11.419899">
    <ele>458.25</ele>
  </rtept>
  <rtept lat="42.705581" lon="11.419925">
    <ele>454.0</ele>
  </rtept>
  <rtept lat="42.704619" lon="11.420114">
    <ele>442.25</ele>
  </rtept>
  <rtept lat="42.704289" lon="11.420225">
    <ele>437.0</ele>
  </rtept>
  <rtept lat="42.704071" lon="11.420239">
    <ele>434.25</ele>
  </rtept>
  <rtept lat="42.703663" lon="11.420188">
    <ele>432.0</ele>
  </rtept>
  <rtept lat="42.703225" lon="11.420374">
    <ele>428.75</ele>
  </rtept>
  <rtept lat="42.702687" lon="11.420781">
    <ele>428.5</ele>
  </rtept>
  <rtept lat="42.702105" lon="11.420846">
    <ele>428.25</ele>
  </rtept>
  <rtept lat="42.701" lon="11.421019">
    <ele>429.0</ele>
  </rtept>
  <rtept lat="42.700769" lon="11.421122">
    <ele>429.75</ele>
  </rtept>
  <rtept lat="42.700462" lon="11.421171">
    <ele>429.0</ele>
  </rtept>
  <rtept lat="42.700105" lon="11.421245">
    <ele>428.0</ele>
  </rtept>
  <rtept lat="42.699356" lon="11.421459">
    <ele>426.5</ele>
  </rtept>
  <rtept lat="42.698798" lon="11.421445">
    <ele>426.25</ele>
  </rtept>
  <rtept lat="42.698309" lon="11.421486">
    <ele>423.0</ele>
  </rtept>
  <rtept lat="42.698108" lon="11.421456">
    <ele>422.5</ele>
  </rtept>
  <rtept lat="42.697741" lon="11.421277">
    <ele>420.0</ele>
  </rtept>
  <rtept lat="42.697315" lon="11.421396">
    <ele>418.5</ele>
  </rtept>
  <rtept lat="42.696864" lon="11.421822">
    <ele>424.0</ele>
  </rtept>
  <rtept lat="42.695365" lon="11.423443">
    <ele>450.25</ele>
  </rtept>
  <rtept lat="42.694606" lon="11.424582">
    <ele>452.5</ele>
  </rtept>
  <rtept lat="42.694169" lon="11.425055">
    <ele>457.75</ele>
  </rtept>
  <rtept lat="42.693764" lon="11.425473">
    <ele>459.0</ele>
  </rtept>
  <rtept lat="42.693374" lon="11.425961">
    <ele>463.5</ele>
  </rtept>
  <rtept lat="42.692997" lon="11.4262">
    <ele>467.0</ele>
  </rtept>
  <rtept lat="42.692297" lon="11.426517">
    <ele>469.75</ele>
  </rtept>
  <rtept lat="42.69191" lon="11.427214">
    <ele>471.5</ele>
  </rtept>
  <rtept lat="42.691533" lon="11.427401">
    <ele>470.25</ele>
  </rtept>
  <rtept lat="42.691075" lon="11.42774">
    <ele>470.5</ele>
  </rtept>
  <rtept lat="42.690502" lon="11.427985">
    <ele>468.5</ele>
  </rtept>
  <rtept lat="42.690071" lon="11.428134">
    <ele>466.25</ele>
  </rtept>
  <rtept lat="42.689991" lon="11.428133">
    <ele>465.75</ele>
  </rtept>
  <rtept lat="42.689416" lon="11.428074">
    <ele>462.75</ele>
  </rtept>
  <rtept lat="42.689328" lon="11.42822">
    <ele>462.75</ele>
  </rtept>
  <rtept lat="42.689097" lon="11.428652">
    <ele>463.5</ele>
  </rtept>
  <rtept lat="42.688707" lon="11.429526">
    <ele>465.5</ele>
  </rtept>
  <rtept lat="42.688498" lon="11.429933">
    <ele>466.25</ele>
  </rtept>
  <rtept lat="42.688146" lon="11.430378">
    <ele>466.75</ele>
  </rtept>
  <rtept lat="42.688031" lon="11.430755">
    <ele>468.0</ele>
  </rtept>
  <rtept lat="42.687699" lon="11.432515">
    <ele>459.75</ele>
  </rtept>
  <rtept lat="42.68754" lon="11.432905">
    <ele>455.5</ele>
  </rtept>
  <rtept lat="42.687225" lon="11.433483">
    <ele>450.25</ele>
  </rtept>
  <rtept lat="42.686589" lon="11.434264">
    <ele>436.5</ele>
  </rtept>
  <rtept lat="42.686188" lon="11.435024">
    <ele>431.0</ele>
  </rtept>
  <rtept lat="42.685879" lon="11.43543">
    <ele>424.75</ele>
  </rtept>
  <rtept lat="42.685492" lon="11.435718">
    <ele>415.0</ele>
  </rtept>
  <rtept lat="42.685416" lon="11.435816">
    <ele>412.5</ele>
  </rtept>
  <rtept lat="42.685207" lon="11.436524">
    <ele>406.5</ele>
  </rtept>
  <rtept lat="42.684718" lon="11.437755">
    <ele>401.5</ele>
  </rtept>
  <rtept lat="42.68424" lon="11.439095">
    <ele>383.0</ele>
  </rtept>
  <rtept lat="42.684051" lon="11.439309">
    <ele>378.75</ele>
  </rtept>
  <rtept lat="42.683536" lon="11.43983">
    <ele>366.75</ele>
  </rtept>
  <rtept lat="42.683442" lon="11.440136">
    <ele>364.0</ele>
  </rtept>
  <rtept lat="42.683153" lon="11.440643">
    <ele>354.5</ele>
  </rtept>
  <rtept lat="42.683" lon="11.441059">
    <ele>349.25</ele>
  </rtept>
  <rtept lat="42.682965" lon="11.441191">
    <ele>348.0</ele>
  </rtept>
  <rtept lat="42.682505" lon="11.441753">
    <ele>340.75</ele>
  </rtept>
  <rtept lat="42.681614" lon="11.442654">
    <ele>331.0</ele>
  </rtept>
  <rtept lat="42.681339" lon="11.44361">
    <ele>323.75</ele>
  </rtept>
  <rtept lat="42.681328" lon="11.44373">
    <ele>322.75</ele>
  </rtept>
  <rtept lat="42.681293" lon="11.443936">
    <ele>321.0</ele>
  </rtept>
  <rtept lat="42.681244" lon="11.44407">
    <ele>320.0</ele>
  </rtept>
  <rtept lat="42.681088" lon="11.444287">
    <ele>319.0</ele>
  </rtept>
  <rtept lat="42.681035" lon="11.444421">
    <ele>318.25</ele>
  </rtept>
  <rtept lat="42.68099" lon="11.444551">
    <ele>318.0</ele>
  </rtept>
  <rtept lat="42.680919" lon="11.444872">
    <ele>317.75</ele>
  </rtept>
  <rtept lat="42.680813" lon="11.445295">
    <ele>316.0</ele>
  </rtept>
  <rtept lat="42.680721" lon="11.446121">
    <ele>311.0</ele>
  </rtept>
  <rtept lat="42.680732" lon="11.446692">
    <ele>306.0</ele>
  </rtept>
  <rtept lat="42.680742" lon="11.446889">
    <ele>303.25</ele>
  </rtept>
  <rtept lat="42.680693" lon="11.447057">
    <ele>300.75</ele>
  </rtept>
  <rtept lat="42.680693" lon="11.447268">
    <ele>297.75</ele>
  </rtept>
  <rtept lat="42.6807" lon="11.447398">
    <ele>296.25</ele>
  </rtept>
  <rtept lat="42.680693" lon="11.44771">
    <ele>292.5</ele>
  </rtept>
  <rtept lat="42.680686" lon="11.447878">
    <ele>291.5</ele>
  </rtept>
  <rtept lat="42.680665" lon="11.448027">
    <ele>291.0</ele>
  </rtept>
  <rtept lat="42.680622" lon="11.448209">
    <ele>291.25</ele>
  </rtept>
  <rtept lat="42.680562" lon="11.448372">
    <ele>291.75</ele>
  </rtept>
  <rtept lat="42.680506" lon="11.448564">
    <ele>291.25</ele>
  </rtept>
  <rtept lat="42.680435" lon="11.448733">
    <ele>290.0</ele>
  </rtept>
  <rtept lat="42.680386" lon="11.448925">
    <ele>289.75</ele>
  </rtept>
  <rtept lat="42.680322" lon="11.449097">
    <ele>290.25</ele>
  </rtept>
  <rtept lat="42.680273" lon="11.449294">
    <ele>290.75</ele>
  </rtept>
  <rtept lat="42.680033" lon="11.449899">
    <ele>290.5</ele>
  </rtept>
  <rtept lat="42.67986" lon="11.450274">
    <ele>289.75</ele>
  </rtept>
  <rtept lat="42.679804" lon="11.450434">
    <ele>289.25</ele>
  </rtept>
  <rtept lat="42.679635" lon="11.450846">
    <ele>286.5</ele>
  </rtept>
  <rtept lat="42.679596" lon="11.450885">
    <ele>285.75</ele>
  </rtept>
  <rtept lat="42.679349" lon="11.450866">
    <ele>282.5</ele>
  </rtept>
  <rtept lat="42.679079" lon="11.450866">
    <ele>278.75</ele>
  </rtept>
  <rtept lat="42.678807" lon="11.450883">
    <ele>274.5</ele>
  </rtept>
  <rtept lat="42.678544" lon="11.450859">
    <ele>272.0</ele>
  </rtept>
  <rtept lat="42.678336" lon="11.450758">
    <ele>269.75</ele>
  </rtept>
  <rtept lat="42.678252" lon="11.450729">
    <ele>268.0</ele>
  </rtept>
  <rtept lat="42.678167" lon="11.450686">
    <ele>266.25</ele>
  </rtept>
  <rtept lat="42.678093" lon="11.450705">
    <ele>265.0</ele>
  </rtept>
  <rtept lat="42.678019" lon="11.450744">
    <ele>263.75</ele>
  </rtept>
  <rtept lat="42.677987" lon="11.450817">
    <ele>263.5</ele>
  </rtept>
  <rtept lat="42.677979" lon="11.450855">
    <ele>263.25</ele>
  </rtept>
  <rtept lat="42.678" lon="11.451048">
    <ele>262.25</ele>
  </rtept>
  <rtept lat="42.678027" lon="11.451134">
    <ele>262.0</ele>
  </rtept>
  <rtept lat="42.678191" lon="11.451393">
    <ele>261.75</ele>
  </rtept>
  <rtept lat="42.678327" lon="11.451729">
    <ele>260.0</ele>
  </rtept>
  <rtept lat="42.678443" lon="11.451956">
    <ele>258.0</ele>
  </rtept>
  <rtept lat="42.678508" lon="11.452106">
    <ele>256.5</ele>
  </rtept>
  <rtept lat="42.678523" lon="11.45214">
    <ele>256.5</ele>
  </rtept>
  <rtept lat="42.678561" lon="11.452243">
    <ele>256.0</ele>
  </rtept>
  <rtept lat="42.678576" lon="11.452345">
    <ele>255.75</ele>
  </rtept>
  <rtept lat="42.67858" lon="11.452977">
    <ele>252.5</ele>
  </rtept>
  <rtept lat="42.678568" lon="11.453054">
    <ele>252.0</ele>
  </rtept>
  <rtept lat="42.678515" lon="11.453212">
    <ele>250.5</ele>
  </rtept>
  <rtept lat="42.678466" lon="11.453351">
    <ele>249.25</ele>
  </rtept>
  <rtept lat="42.678399" lon="11.453515">
    <ele>247.75</ele>
  </rtept>
  <rtept lat="42.678339" lon="11.45362">
    <ele>247.75</ele>
  </rtept>
  <rtept lat="42.678293" lon="11.453687">
    <ele>246.5</ele>
  </rtept>
  <rtept lat="42.678148" lon="11.453971">
    <ele>244.0</ele>
  </rtept>
  <rtept lat="42.67806" lon="11.454096">
    <ele>243.25</ele>
  </rtept>
  <rtept lat="42.677915" lon="11.454336">
    <ele>241.25</ele>
  </rtept>
  <rtept lat="42.677785" lon="11.454705">
    <ele>239.75</ele>
  </rtept>
  <rtept lat="42.677742" lon="11.454777">
    <ele>238.5</ele>
  </rtept>
  <rtept lat="42.677664" lon="11.454859">
    <ele>236.25</ele>
  </rtept>
  <rtept lat="42.677608" lon="11.454902">
    <ele>234.75</ele>
  </rtept>
  <rtept lat="42.677502" lon="11.455046">
    <ele>232.5</ele>
  </rtept>
  <rtept lat="42.677453" lon="11.455128">
    <ele>231.0</ele>
  </rtept>
  <rtept lat="42.677456" lon="11.455219">
    <ele>230.5</ele>
  </rtept>
  <rtept lat="42.677548" lon="11.455392">
    <ele>229.75</ele>
  </rtept>
  <rtept lat="42.677594" lon="11.455502">
    <ele>228.5</ele>
  </rtept>
  <rtept lat="42.677725" lon="11.455747">
    <ele>224.25</ele>
  </rtept>
  <rtept lat="42.677788" lon="11.455896">
    <ele>222.0</ele>
  </rtept>
  <rtept lat="42.677806" lon="11.455958">
    <ele>221.25</ele>
  </rtept>
  <rtept lat="42.677767" lon="11.45605">
    <ele>219.75</ele>
  </rtept>
  <rtept lat="42.677717" lon="11.456117">
    <ele>218.25</ele>
  </rtept>
  <rtept lat="42.67764" lon="11.45616">
    <ele>216.75</ele>
  </rtept>
  <rtept lat="42.677608" lon="11.456203">
    <ele>215.75</ele>
  </rtept>
  <rtept lat="42.677534" lon="11.456261">
    <ele>214.0</ele>
  </rtept>
  <rtept lat="42.67747" lon="11.456295">
    <ele>212.75</ele>
  </rtept>
  <rtept lat="42.677389" lon="11.456367">
    <ele>210.75</ele>
  </rtept>
  <rtept lat="42.677336" lon="11.456439">
    <ele>208.75</ele>
  </rtept>
  <rtept lat="42.677322" lon="11.456515">
    <ele>207.5</ele>
  </rtept>
  <rtept lat="42.677428" lon="11.456746">
    <ele>205.25</ele>
  </rtept>
  <rtept lat="42.677484" lon="11.456847">
    <ele>203.75</ele>
  </rtept>
  <rtept lat="42.677559" lon="11.456933">
    <ele>202.25</ele>
  </rtept>
  <rtept lat="42.677615" lon="11.457034">
    <ele>200.25</ele>
  </rtept>
  <rtept lat="42.677739" lon="11.45714">
    <ele>198.5</ele>
  </rtept>
  <rtept lat="42.677816" lon="11.457274">
    <ele>196.0</ele>
  </rtept>
  <rtept lat="42.677862" lon="11.457432">
    <ele>193.0</ele>
  </rtept>
  <rtept lat="42.677905" lon="11.457682">
    <ele>189.0</ele>
  </rtept>
  <rtept lat="42.677961" lon="11.457927">
    <ele>186.0</ele>
  </rtept>
  <rtept lat="42.677975" lon="11.458028">
    <ele>184.75</ele>
  </rtept>
  <rtept lat="42.677979" lon="11.458157">
    <ele>183.5</ele>
  </rtept>
  <rtept lat="42.677968" lon="11.458273">
    <ele>182.25</ele>
  </rtept>
  <rtept lat="42.677972" lon="11.458436">
    <ele>180.75</ele>
  </rtept>
  <rtept lat="42.677968" lon="11.458566">
    <ele>179.75</ele>
  </rtept>
  <rtept lat="42.677933" lon="11.458815">
    <ele>176.0</ele>
  </rtept>
  <rtept lat="42.677905" lon="11.45895">
    <ele>173.75</ele>
  </rtept>
  <rtept lat="42.677834" lon="11.459435">
    <ele>166.75</ele>
  </rtept>
  <rtept lat="42.677947" lon="11.459559">
    <ele>164.25</ele>
  </rtept>
  <rtept lat="42.678039" lon="11.459636">
    <ele>162.5</ele>
  </rtept>
  <rtept lat="42.678067" lon="11.459708">
    <ele>161.0</ele>
  </rtept>
  <rtept lat="42.677986" lon="11.459785">
    <ele>160.75</ele>
  </rtept>
  <rtept lat="42.677901" lon="11.459852">
    <ele>160.75</ele>
  </rtept>
  <rtept lat="42.677806" lon="11.459944">
    <ele>160.25</ele>
  </rtept>
  <rtept lat="42.677626" lon="11.460078">
    <ele>160.0</ele>
  </rtept>
  <rtept lat="42.67753" lon="11.460179">
    <ele>159.5</ele>
  </rtept>
  <rtept lat="42.677453" lon="11.460241">
    <ele>159.25</ele>
  </rtept>
  <rtept lat="42.677389" lon="11.460313">
    <ele>159.0</ele>
  </rtept>
  <rtept lat="42.677188" lon="11.460438">
    <ele>158.25</ele>
  </rtept>
  <rtept lat="42.676994" lon="11.460544">
    <ele>157.75</ele>
  </rtept>
  <rtept lat="42.676775" lon="11.460621">
    <ele>157.0</ele>
  </rtept>
  <rtept lat="42.676673" lon="11.460635">
    <ele>156.5</ele>
  </rtept>
  <rtept lat="42.676531" lon="11.460683">
    <ele>156.25</ele>
  </rtept>
  <rtept lat="42.676277" lon="11.460717">
    <ele>155.25</ele>
  </rtept>
  <rtept lat="42.676203" lon="11.460741">
    <ele>154.75</ele>
  </rtept>
  <rtept lat="42.676108" lon="11.46076">
    <ele>154.5</ele>
  </rtept>
  <rtept lat="42.675931" lon="11.460769">
    <ele>153.5</ele>
  </rtept>
  <rtept lat="42.675847" lon="11.460741">
    <ele>153.25</ele>
  </rtept>
  <rtept lat="42.675713" lon="11.460712">
    <ele>153.0</ele>
  </rtept>
  <rtept lat="42.675614" lon="11.460645">
    <ele>152.75</ele>
  </rtept>
  <rtept lat="42.675554" lon="11.460592">
    <ele>152.75</ele>
  </rtept>
  <rtept lat="42.675324" lon="11.460462">
    <ele>152.5</ele>
  </rtept>
  <rtept lat="42.675109" lon="11.4604">
    <ele>152.0</ele>
  </rtept>
  <rtept lat="42.675024" lon="11.460347">
    <ele>152.0</ele>
  </rtept>
  <rtept lat="42.674936" lon="11.460332">
    <ele>151.75</ele>
  </rtept>
  <rtept lat="42.674848" lon="11.460332">
    <ele>151.25</ele>
  </rtept>
  <rtept lat="42.674781" lon="11.46038">
    <ele>151.0</ele>
  </rtept>
  <rtept lat="42.674735" lon="11.460428">
    <ele>151.0</ele>
  </rtept>
  <rtept lat="42.674646" lon="11.460452">
    <ele>150.75</ele>
  </rtept>
  <rtept lat="42.674572" lon="11.460448">
    <ele>150.5</ele>
  </rtept>
  <rtept lat="42.674488" lon="11.460385">
    <ele>150.5</ele>
  </rtept>
  <rtept lat="42.674322" lon="11.460284">
    <ele>150.5</ele>
  </rtept>
  <rtept lat="42.674195" lon="11.460164">
    <ele>150.25</ele>
  </rtept>
  <rtept lat="42.674008" lon="11.460006">
    <ele>150.25</ele>
  </rtept>
  <rtept lat="42.673948" lon="11.459934">
    <ele>150.0</ele>
  </rtept>
  <rtept lat="42.673768" lon="11.459771">
    <ele>150.0</ele>
  </rtept>
  <rtept lat="42.673605" lon="11.459636">
    <ele>149.75</ele>
  </rtept>
  <rtept lat="42.67352" lon="11.459545">
    <ele>149.75</ele>
  </rtept>
  <rtept lat="42.673308" lon="11.459377">
    <ele>149.75</ele>
  </rtept>
  <rtept lat="42.673174" lon="11.459319">
    <ele>149.0</ele>
  </rtept>
  <rtept lat="42.673118" lon="11.459281">
    <ele>148.75</ele>
  </rtept>
  <rtept lat="42.672984" lon="11.459223">
    <ele>148.5</ele>
  </rtept>
  <rtept lat="42.672932" lon="11.459226">
    <ele>148.5</ele>
  </rtept>
  <rtept lat="42.672848" lon="11.459354">
    <ele>148.5</ele>
  </rtept>
  <rtept lat="42.67279" lon="11.459372">
    <ele>148.5</ele>
  </rtept>
  <rtept lat="42.672588" lon="11.459199">
    <ele>148.0</ele>
  </rtept>
  <rtept lat="42.672532" lon="11.459161">
    <ele>147.75</ele>
  </rtept>
  <rtept lat="42.672303" lon="11.458983">
    <ele>147.25</ele>
  </rtept>
  <rtept lat="42.672225" lon="11.458945">
    <ele>147.0</ele>
  </rtept>
  <rtept lat="42.671865" lon="11.458801">
    <ele>146.5</ele>
  </rtept>
  <rtept lat="42.671572" lon="11.458638">
    <ele>146.0</ele>
  </rtept>
  <rtept lat="42.671508" lon="11.45858">
    <ele>145.75</ele>
  </rtept>
  <rtept lat="42.671438" lon="11.458542">
    <ele>145.75</ele>
  </rtept>
  <rtept lat="42.671371" lon="11.458489">
    <ele>145.25</ele>
  </rtept>
  <rtept lat="42.671265" lon="11.458422">
    <ele>144.75</ele>
  </rtept>
  <rtept lat="42.670975" lon="11.458148">
    <ele>143.25</ele>
  </rtept>
  <rtept lat="42.670919" lon="11.458138">
    <ele>143.25</ele>
  </rtept>
  <rtept lat="42.670862" lon="11.458255">
    <ele>143.5</ele>
  </rtept>
  <rtept lat="42.670823" lon="11.458515">
    <ele>144.5</ele>
  </rtept>
  <rtept lat="42.67068" lon="11.458958">
    <ele>146.75</ele>
  </rtept>
  <rtept lat="42.670641" lon="11.459154">
    <ele>147.75</ele>
  </rtept>
  <rtept lat="42.670574" lon="11.459362">
    <ele>148.5</ele>
  </rtept>
  <rtept lat="42.670527" lon="11.459571">
    <ele>150.0</ele>
  </rtept>
  <rtept lat="42.670421" lon="11.459843">
    <ele>152.75</ele>
  </rtept>
  <rtept lat="42.670288" lon="11.460084">
    <ele>154.5</ele>
  </rtept>
  <rtept lat="42.67018" lon="11.460214">
    <ele>155.75</ele>
  </rtept>
  <rtept lat="42.670085" lon="11.460301">
    <ele>156.0</ele>
  </rtept>
  <rtept lat="42.669856" lon="11.460391">
    <ele>157.5</ele>
  </rtept>
  <rtept lat="42.669732" lon="11.460456">
    <ele>159.0</ele>
  </rtept>
  <rtept lat="42.669597" lon="11.460508">
    <ele>159.5</ele>
  </rtept>
  <rtept lat="42.6693" lon="11.460678">
    <ele>159.25</ele>
  </rtept>
  <rtept lat="42.669143" lon="11.4608">
    <ele>159.0</ele>
  </rtept>
  <rtept lat="42.669113" lon="11.460746">
    <ele>159.0</ele>
  </rtept>
  <rtept lat="42.668639" lon="11.460937">
    <ele>156.25</ele>
  </rtept>
  <rtept lat="42.668169" lon="11.461188">
    <ele>153.0</ele>
  </rtept>
  <rtept lat="42.667671" lon="11.461546">
    <ele>150.0</ele>
  </rtept>
  <rtept lat="42.667239" lon="11.461841">
    <ele>148.0</ele>
  </rtept>
  <rtept lat="42.666983" lon="11.462025">
    <ele>146.5</ele>
  </rtept>
  <rtept lat="42.666497" lon="11.462292">
    <ele>144.5</ele>
  </rtept>
  <rtept lat="42.666241" lon="11.462604">
    <ele>144.5</ele>
  </rtept>
  <rtept lat="42.666023" lon="11.462882">
    <ele>144.5</ele>
  </rtept>
  <rtept lat="42.665878" lon="11.463199">
    <ele>143.5</ele>
  </rtept>
  <rtept lat="42.665814" lon="11.463399">
    <ele>141.75</ele>
  </rtept>
  <rtept lat="42.665707" lon="11.463964">
    <ele>141.0</ele>
  </rtept>
  <rtept lat="42.665616" lon="11.464172">
    <ele>139.5</ele>
  </rtept>
  <rtept lat="42.665304" lon="11.464691">
    <ele>131.5</ele>
  </rtept>
  <rtept lat="42.664806" lon="11.465541">
    <ele>129.5</ele>
  </rtept>
  <rtept lat="42.664594" lon="11.465921">
    <ele>129.5</ele>
  </rtept>
  <rtept lat="42.664382" lon="11.466434">
    <ele>128.25</ele>
  </rtept>
  <rtept lat="42.664112" lon="11.46724">
    <ele>128.5</ele>
  </rtept>
  <rtept lat="42.663995" lon="11.46768">
    <ele>127.25</ele>
  </rtept>
  <rtept lat="42.66392" lon="11.468306">
    <ele>126.0</ele>
  </rtept>
  <rtept lat="42.663888" lon="11.468664">
    <ele>126.0</ele>
  </rtept>
  <rtept lat="42.663842" lon="11.468973">
    <ele>126.25</ele>
  </rtept>
  <rtept lat="42.66383" lon="11.469325">
    <ele>127.25</ele>
  </rtept>
  <rtept lat="42.663832" lon="11.469647">
    <ele>126.75</ele>
  </rtept>
  <rtept lat="42.663807" lon="11.47012">
    <ele>128.0</ele>
  </rtept>
  <rtept lat="42.663759" lon="11.470382">
    <ele>129.0</ele>
  </rtept>
  <rtept lat="42.663344" lon="11.472142">
    <ele>128.5</ele>
  </rtept>
  <rtept lat="42.663227" lon="11.472574">
    <ele>129.5</ele>
  </rtept>
  <rtept lat="42.663134" lon="11.472994">
    <ele>129.25</ele>
  </rtept>
  <rtept lat="42.663006" lon="11.473392">
    <ele>128.5</ele>
  </rtept>
  <rtept lat="42.662892" lon="11.473833">
    <ele>128.25</ele>
  </rtept>
  <rtept lat="42.662785" lon="11.474158">
    <ele>128.0</ele>
  </rtept>
  <rtept lat="42.662682" lon="11.47439">
    <ele>127.5</ele>
  </rtept>
  <rtept lat="42.662587" lon="11.474494">
    <ele>127.0</ele>
  </rtept>
  <rtept lat="42.661787" lon="11.475273">
    <ele>123.25</ele>
  </rtept>
  <rtept lat="42.661671" lon="11.4754">
    <ele>122.5</ele>
  </rtept>
  <rtept lat="42.661548" lon="11.475604">
    <ele>122.25</ele>
  </rtept>
  <rtept lat="42.661402" lon="11.475857">
    <ele>122.0</ele>
  </rtept>
  <rtept lat="42.661374" lon="11.476102">
    <ele>121.75</ele>
  </rtept>
  <rtept lat="42.661365" lon="11.476493">
    <ele>122.0</ele>
  </rtept>
  <rtept lat="42.661374" lon="11.476821">
    <ele>122.0</ele>
  </rtept>
  <rtept lat="42.66146" lon="11.477119">
    <ele>122.0</ele>
  </rtept>
  <rtept lat="42.661606" lon="11.477397">
    <ele>122.25</ele>
  </rtept>
  <rtept lat="42.661823" lon="11.477717">
    <ele>123.0</ele>
  </rtept>
  <rtept lat="42.661967" lon="11.477868">
    <ele>123.0</ele>
  </rtept>
  <rtept lat="42.661966" lon="11.477981">
    <ele>123.0</ele>
  </rtept>
  <rtept lat="42.661819" lon="11.47845">
    <ele>123.0</ele>
  </rtept>
  <rtept lat="42.661772" lon="11.478514">
    <ele>123.0</ele>
  </rtept>
  <rtept lat="42.661462" lon="11.478726">
    <ele>123.0</ele>
  </rtept>
  <rtept lat="42.66145" lon="11.478852">
    <ele>123.0</ele>
  </rtept>
  <rtept lat="42.661471" lon="11.479452">
    <ele>124.0</ele>
  </rtept>
  <rtept lat="42.661434" lon="11.480756">
    <ele>125.0</ele>
  </rtept>
  <rtept lat="42.661456" lon="11.481676">
    <ele>126.0</ele>
  </rtept>
  <rtept lat="42.661387" lon="11.482198">
    <ele>126.0</ele>
  </rtept>
  <rtept lat="42.660922" lon="11.483525">
    <ele>128.0</ele>
  </rtept>
  <rtept lat="42.660305" lon="11.485084">
    <ele>131.25</ele>
  </rtept>
  <rtept lat="42.660255" lon="11.485305">
    <ele>132.25</ele>
  </rtept>
  <rtept lat="42.66023" lon="11.485449">
    <ele>133.25</ele>
  </rtept>
  <rtept lat="42.660324" lon="11.486613">
    <ele>143.0</ele>
  </rtept>
  <rtept lat="42.660412" lon="11.487518">
    <ele>151.75</ele>
  </rtept>
  <rtept lat="42.660456" lon="11.487613">
    <ele>153.25</ele>
  </rtept>
  <rtept lat="42.661305" lon="11.489128">
    <ele>178.5</ele>
  </rtept>
  <rtept lat="42.661412" lon="11.489424">
    <ele>181.25</ele>
  </rtept>
  <rtept lat="42.661509" lon="11.489897">
    <ele>183.75</ele>
  </rtept>
  <rtept lat="42.661523" lon="11.490165">
    <ele>186.5</ele>
  </rtept>
  <rtept lat="42.661487" lon="11.490389">
    <ele>187.5</ele>
  </rtept>
  <rtept lat="42.661333" lon="11.490969">
    <ele>188.25</ele>
  </rtept>
  <rtept lat="42.661308" lon="11.491131">
    <ele>187.5</ele>
  </rtept>
  <rtept lat="42.661333" lon="11.491334">
    <ele>186.75</ele>
  </rtept>
  <rtept lat="42.661386" lon="11.491583">
    <ele>185.75</ele>
  </rtept>
  <rtept lat="42.661518" lon="11.492061">
    <ele>185.5</ele>
  </rtept>
  <rtept lat="42.661783" lon="11.493168">
    <ele>198.75</ele>
  </rtept>
  <rtept lat="42.661923" lon="11.493785">
    <ele>201.25</ele>
  </rtept>
  <rtept lat="42.662247" lon="11.495156">
    <ele>213.5</ele>
  </rtept>
  <rtept lat="42.662384" lon="11.495802">
    <ele>220.5</ele>
  </rtept>
  <rtept lat="42.662406" lon="11.496035">
    <ele>222.25</ele>
  </rtept>
  <rtept lat="42.662457" lon="11.496818">
    <ele>227.0</ele>
  </rtept>
  <rtept lat="42.662488" lon="11.497197">
    <ele>229.5</ele>
  </rtept>
  <rtept lat="42.662587" lon="11.498272">
    <ele>236.25</ele>
  </rtept>
  <rtept lat="42.662173" lon="11.49841">
    <ele>232.25</ele>
  </rtept>
  <rtept lat="42.662054" lon="11.49842">
    <ele>230.25</ele>
  </rtept>
  <rtept lat="42.661885" lon="11.498409">
    <ele>227.75</ele>
  </rtept>
  <rtept lat="42.661746" lon="11.498375">
    <ele>226.0</ele>
  </rtept>
  <rtept lat="42.661659" lon="11.498312">
    <ele>224.5</ele>
  </rtept>
  <rtept lat="42.661519" lon="11.498167">
    <ele>221.5</ele>
  </rtept>
  <rtept lat="42.661327" lon="11.497853">
    <ele>216.75</ele>
  </rtept>
  <rtept lat="42.661238" lon="11.497721">
    <ele>214.75</ele>
  </rtept>
  <rtept lat="42.660952" lon="11.497411">
    <ele>209.25</ele>
  </rtept>
  <rtept lat="42.660272" lon="11.496826">
    <ele>197.5</ele>
  </rtept>
  <rtept lat="42.659689" lon="11.496304">
    <ele>187.5</ele>
  </rtept>
  <rtept lat="42.65895" lon="11.495618">
    <ele>176.75</ele>
  </rtept>
  <rtept lat="42.658773" lon="11.495499">
    <ele>175.5</ele>
  </rtept>
  <rtept lat="42.658697" lon="11.495691">
    <ele>174.75</ele>
  </rtept>
  <rtept lat="42.658509" lon="11.496035">
    <ele>173.75</ele>
  </rtept>
  <rtept lat="42.658236" lon="11.496474">
    <ele>172.75</ele>
  </rtept>
  <rtept lat="42.658078" lon="11.496862">
    <ele>172.75</ele>
  </rtept>
  <rtept lat="42.658236" lon="11.496474">
    <ele>172.75</ele>
  </rtept>
  <rtept lat="42.658509" lon="11.496035">
    <ele>173.75</ele>
  </rtept>
  <rtept lat="42.658697" lon="11.495691">
    <ele>174.75</ele>
  </rtept>
  <rtept lat="42.658773" lon="11.495499">
    <ele>175.5</ele>
  </rtept>
  <rtept lat="42.658615" lon="11.495407">
    <ele>176.5</ele>
  </rtept>
  <rtept lat="42.658229" lon="11.495357">
    <ele>176.75</ele>
  </rtept>
  <rtept lat="42.658138" lon="11.495339">
    <ele>177.0</ele>
  </rtept>
  <rtept lat="42.658051" lon="11.495297">
    <ele>177.75</ele>
  </rtept>
  <rtept lat="42.657941" lon="11.495351">
    <ele>178.25</ele>
  </rtept>
  <rtept lat="42.657822" lon="11.495393">
    <ele>179.0</ele>
  </rtept>
  <rtept lat="42.657221" lon="11.495381">
    <ele>182.75</ele>
  </rtept>
  <rtept lat="42.656998" lon="11.495318">
    <ele>181.25</ele>
  </rtept>
  <rtept lat="42.656745" lon="11.495204">
    <ele>177.25</ele>
  </rtept>
  <rtept lat="42.656561" lon="11.495082">
    <ele>174.75</ele>
  </rtept>
  <rtept lat="42.656355" lon="11.494922">
    <ele>173.0</ele>
  </rtept>
  <rtept lat="42.656218" lon="11.494873">
    <ele>173.25</ele>
  </rtept>
  <rtept lat="42.656061" lon="11.494882">
    <ele>172.5</ele>
  </rtept>
  <rtept lat="42.655806" lon="11.494968">
    <ele>171.5</ele>
  </rtept>
  <rtept lat="42.655539" lon="11.495006">
    <ele>171.75</ele>
  </rtept>
  <rtept lat="42.65536" lon="11.494968">
    <ele>170.75</ele>
  </rtept>
  <rtept lat="42.655194" lon="11.494893">
    <ele>169.5</ele>
  </rtept>
  <rtept lat="42.654648" lon="11.494544">
    <ele>161.25</ele>
  </rtept>
  <rtept lat="42.654516" lon="11.494428">
    <ele>160.0</ele>
  </rtept>
  <rtept lat="42.65441" lon="11.494426">
    <ele>159.0</ele>
  </rtept>
  <rtept lat="42.654043" lon="11.49445">
    <ele>157.0</ele>
  </rtept>
  <rtept lat="42.652794" lon="11.494278">
    <ele>153.5</ele>
  </rtept>
  <rtept lat="42.652273" lon="11.494145">
    <ele>153.0</ele>
  </rtept>
  <rtept lat="42.65204" lon="11.494108">
    <ele>151.5</ele>
  </rtept>
  <rtept lat="42.65183" lon="11.494137">
    <ele>150.5</ele>
  </rtept>
  <rtept lat="42.651675" lon="11.49421">
    <ele>149.5</ele>
  </rtept>
  <rtept lat="42.651122" lon="11.49463">
    <ele>145.0</ele>
  </rtept>
  <rtept lat="42.651033" lon="11.494653">
    <ele>143.75</ele>
  </rtept>
  <rtept lat="42.650939" lon="11.494645">
    <ele>142.25</ele>
  </rtept>
  <rtept lat="42.650878" lon="11.49461">
    <ele>141.25</ele>
  </rtept>
  <rtept lat="42.650481" lon="11.494076">
    <ele>133.75</ele>
  </rtept>
  <rtept lat="42.650176" lon="11.493606">
    <ele>130.0</ele>
  </rtept>
  <rtept lat="42.650112" lon="11.493457">
    <ele>129.75</ele>
  </rtept>
  <rtept lat="42.650082" lon="11.493349">
    <ele>129.5</ele>
  </rtept>
  <rtept lat="42.650064" lon="11.493235">
    <ele>128.75</ele>
  </rtept>
  <rtept lat="42.65008" lon="11.492777">
    <ele>124.25</ele>
  </rtept>
  <rtept lat="42.650103" lon="11.492599">
    <ele>123.25</ele>
  </rtept>
  <rtept lat="42.650159" lon="11.49229">
    <ele>122.5</ele>
  </rtept>
  <rtept lat="42.650158" lon="11.492254">
    <ele>122.25</ele>
  </rtept>
  <rtept lat="42.650148" lon="11.492213">
    <ele>122.0</ele>
  </rtept>
  <rtept lat="42.650133" lon="11.492181">
    <ele>122.25</ele>
  </rtept>
  <rtept lat="42.649793" lon="11.491823">
    <ele>122.5</ele>
  </rtept>
  <rtept lat="42.649659" lon="11.491596">
    <ele>122.5</ele>
  </rtept>
  <rtept lat="42.649494" lon="11.491391">
    <ele>120.75</ele>
  </rtept>
  <rtept lat="42.649476" lon="11.491285">
    <ele>120.5</ele>
  </rtept>
  <rtept lat="42.649466" lon="11.49115">
    <ele>120.5</ele>
  </rtept>
  <rtept lat="42.649463" lon="11.490885">
    <ele>121.25</ele>
  </rtept>
  <rtept lat="42.649437" lon="11.490737">
    <ele>121.25</ele>
  </rtept>
  <rtept lat="42.649397" lon="11.490559">
    <ele>121.25</ele>
  </rtept>
  <rtept lat="42.649383" lon="11.490458">
    <ele>121.0</ele>
  </rtept>
  <rtept lat="42.649785" lon="11.490134">
    <ele>124.75</ele>
  </rtept>
  <rtept lat="42.649823" lon="11.490059">
    <ele>124.5</ele>
  </rtept>
  <rtept lat="42.649823" lon="11.490035">
    <ele>124.5</ele>
  </rtept>
  <rtept lat="42.649817" lon="11.489541">
    <ele>127.75</ele>
  </rtept>
  <rtept lat="42.649658" lon="11.488953">
    <ele>126.5</ele>
  </rtept>
  <rtept lat="42.649621" lon="11.488812">
    <ele>125.5</ele>
  </rtept>
  <rtept lat="42.649501" lon="11.488259">
    <ele>124.5</ele>
  </rtept>
  <rtept lat="42.64915" lon="11.487176">
    <ele>124.75</ele>
  </rtept>
  <rtept lat="42.649059" lon="11.487097">
    <ele>124.0</ele>
  </rtept>
  <rtept lat="42.648993" lon="11.487111">
    <ele>123.25</ele>
  </rtept>
  <rtept lat="42.646736" lon="11.487763">
    <ele>117.0</ele>
  </rtept>
  <rtept lat="42.646627" lon="11.487763">
    <ele>116.75</ele>
  </rtept>
  <rtept lat="42.646582" lon="11.487771">
    <ele>116.5</ele>
  </rtept>
  <rtept lat="42.646465" lon="11.487799">
    <ele>116.25</ele>
  </rtept>
  <rtept lat="42.646323" lon="11.487958">
    <ele>117.5</ele>
  </rtept>
  <rtept lat="42.646293" lon="11.488247">
    <ele>119.5</ele>
  </rtept>
  <rtept lat="42.646333" lon="11.488968">
    <ele>122.25</ele>
  </rtept>
  <rtept lat="42.646335" lon="11.489116">
    <ele>123.0</ele>
  </rtept>
  <rtept lat="42.64629" lon="11.489192">
    <ele>123.75</ele>
  </rtept>
  <rtept lat="42.646203" lon="11.489229">
    <ele>124.5</ele>
  </rtept>
  <rtept lat="42.64579" lon="11.489128">
    <ele>129.25</ele>
  </rtept>
  <rtept lat="42.645414" lon="11.489056">
    <ele>133.25</ele>
  </rtept>
  <rtept lat="42.645119" lon="11.488967">
    <ele>136.25</ele>
  </rtept>
  <rtept lat="42.644586" lon="11.488739">
    <ele>141.25</ele>
  </rtept>
  <rtept lat="42.644399" lon="11.488719">
    <ele>142.75</ele>
  </rtept>
  <rtept lat="42.644169" lon="11.488665">
    <ele>145.25</ele>
  </rtept>
  <rtept lat="42.64369" lon="11.488738">
    <ele>151.0</ele>
  </rtept>
  <rtept lat="42.643275" lon="11.488725">
    <ele>155.25</ele>
  </rtept>
  <rtept lat="42.642333" lon="11.488756">
    <ele>169.5</ele>
  </rtept>
  <rtept lat="42.642282" lon="11.488887">
    <ele>171.25</ele>
  </rtept>
  <rtept lat="42.642271" lon="11.489242">
    <ele>173.0</ele>
  </rtept>
  <rtept lat="42.642225" lon="11.489512">
    <ele>175.25</ele>
  </rtept>
  <rtept lat="42.642123" lon="11.489605">
    <ele>176.75</ele>
  </rtept>
  <rtept lat="42.641902" lon="11.48962">
    <ele>178.5</ele>
  </rtept>
  <rtept lat="42.641515" lon="11.489788">
    <ele>181.0</ele>
  </rtept>
  <rtept lat="42.641227" lon="11.49004">
    <ele>182.0</ele>
  </rtept>
  <rtept lat="42.641113" lon="11.490187">
    <ele>182.5</ele>
  </rtept>
  <rtept lat="42.640807" lon="11.490345">
    <ele>183.0</ele>
  </rtept>
  <rtept lat="42.640549" lon="11.490583">
    <ele>183.0</ele>
  </rtept>
  <rtept lat="42.640335" lon="11.490762">
    <ele>183.5</ele>
  </rtept>
  <rtept lat="42.639821" lon="11.491058">
    <ele>184.5</ele>
  </rtept>
  <rtept lat="42.639428" lon="11.491201">
    <ele>185.0</ele>
  </rtept>
  <rtept lat="42.639186" lon="11.4914">
    <ele>184.75</ele>
  </rtept>
  <rtept lat="42.639073" lon="11.491989">
    <ele>185.0</ele>
  </rtept>
  <rtept lat="42.638371" lon="11.493812">
    <ele>187.5</ele>
  </rtept>
  <rtept lat="42.63736" lon="11.496087">
    <ele>197.75</ele>
  </rtept>
  <rtept lat="42.636855" lon="11.496495">
    <ele>201.25</ele>
  </rtept>
  <rtept lat="42.636161" lon="11.496902">
    <ele>209.0</ele>
  </rtept>
  <rtept lat="42.635308" lon="11.497804">
    <ele>215.25</ele>
  </rtept>
  <rtept lat="42.635119" lon="11.498254">
    <ele>217.0</ele>
  </rtept>
  <rtept lat="42.63459" lon="11.498737">
    <ele>214.25</ele>
  </rtept>
  <rtept lat="42.633663" lon="11.499329">
    <ele>210.5</ele>
  </rtept>
  <rtept lat="42.63317" lon="11.499607">
    <ele>212.0</ele>
  </rtept>
  <rtept lat="42.632414" lon="11.499944">
    <ele>216.5</ele>
  </rtept>
  <rtept lat="42.632178" lon="11.5001">
    <ele>219.5</ele>
  </rtept>
  <rtept lat="42.632432" lon="11.500148">
    <ele>217.0</ele>
  </rtept>
  <rtept lat="42.632597" lon="11.500198">
    <ele>216.25</ele>
  </rtept>
  <rtept lat="42.632765" lon="11.500299">
    <ele>216.0</ele>
  </rtept>
  <rtept lat="42.632901" lon="11.500406">
    <ele>215.5</ele>
  </rtept>
  <rtept lat="42.632883" lon="11.500466">
    <ele>215.5</ele>
  </rtept>
  <rtept lat="42.632021" lon="11.503261">
    <ele>222.25</ele>
  </rtept>
  <rtept lat="42.631337" lon="11.505459">
    <ele>228.0</ele>
  </rtept>
  <rtept lat="42.631306" lon="11.505712">
    <ele>229.0</ele>
  </rtept>
  <rtept lat="42.631211" lon="11.506264">
    <ele>235.75</ele>
  </rtept>
  <rtept lat="42.631167" lon="11.506433">
    <ele>238.0</ele>
  </rtept>
  <rtept lat="42.631055" lon="11.506543">
    <ele>240.0</ele>
  </rtept>
  <rtept lat="42.629345" lon="11.506702">
    <ele>253.0</ele>
  </rtept>
  <rtept lat="42.628423" lon="11.506777">
    <ele>252.0</ele>
  </rtept>
  <rtept lat="42.627962" lon="11.506955">
    <ele>252.0</ele>
  </rtept>
  <rtept lat="42.627645" lon="11.507221">
    <ele>251.5</ele>
  </rtept>
  <rtept lat="42.627421" lon="11.507491">
    <ele>251.5</ele>
  </rtept>
  <rtept lat="42.626134" lon="11.50955">
    <ele>249.0</ele>
  </rtept>
  <rtept lat="42.625484" lon="11.510645">
    <ele>245.25</ele>
  </rtept>
  <rtept lat="42.624484" lon="11.51251">
    <ele>242.0</ele>
  </rtept>
  <rtept lat="42.624317" lon="11.512795">
    <ele>241.5</ele>
  </rtept>
  <rtept lat="42.62414" lon="11.513061">
    <ele>240.75</ele>
  </rtept>
  <rtept lat="42.623848" lon="11.513421">
    <ele>241.0</ele>
  </rtept>
  <rtept lat="42.623702" lon="11.513564">
    <ele>241.5</ele>
  </rtept>
  <rtept lat="42.623099" lon="11.513735">
    <ele>239.0</ele>
  </rtept>
  <rtept lat="42.622535" lon="11.513927">
    <ele>239.75</ele>
  </rtept>
  <rtept lat="42.622047" lon="11.514608">
    <ele>240.0</ele>
  </rtept>
  <rtept lat="42.621498" lon="11.515238">
    <ele>240.75</ele>
  </rtept>
  <rtept lat="42.62101" lon="11.515575">
    <ele>242.5</ele>
  </rtept>
  <rtept lat="42.62078" lon="11.515121">
    <ele>246.0</ele>
  </rtept>
  <rtept lat="42.620547" lon="11.514694">
    <ele>250.25</ele>
  </rtept>
  <rtept lat="42.620529" lon="11.514603">
    <ele>251.0</ele>
  </rtept>
  <rtept lat="42.620449" lon="11.514186">
    <ele>253.5</ele>
  </rtept>
  <rtept lat="42.62033" lon="11.514053">
    <ele>254.75</ele>
  </rtept>
  <rtept lat="42.62018" lon="11.513738">
    <ele>256.5</ele>
  </rtept>
  <rtept lat="42.62003" lon="11.513351">
    <ele>258.5</ele>
  </rtept>
  <rtept lat="42.619955" lon="11.512638">
    <ele>262.25</ele>
  </rtept>
  <rtept lat="42.619903" lon="11.511885">
    <ele>253.75</ele>
  </rtept>
  <rtept lat="42.61976" lon="11.511417">
    <ele>250.0</ele>
  </rtept>
  <rtept lat="42.619498" lon="11.511224">
    <ele>253.75</ele>
  </rtept>
  <rtept lat="42.619109" lon="11.511132">
    <ele>257.5</ele>
  </rtept>
  <rtept lat="42.618547" lon="11.511152">
    <ele>259.75</ele>
  </rtept>
  <rtept lat="42.618038" lon="11.511203">
    <ele>270.5</ele>
  </rtept>
  <rtept lat="42.617738" lon="11.511305">
    <ele>276.75</ele>
  </rtept>
  <rtept lat="42.61765" lon="11.511257">
    <ele>278.25</ele>
  </rtept>
  <rtept lat="42.617536" lon="11.511193">
    <ele>280.0</ele>
  </rtept>
  <rtept lat="42.617491" lon="11.510715">
    <ele>278.0</ele>
  </rtept>
  <rtept lat="42.617777" lon="11.510553">
    <ele>274.0</ele>
  </rtept>
  <rtept lat="42.618026" lon="11.510334">
    <ele>272.5</ele>
  </rtept>
  <rtept lat="42.618419" lon="11.509806">
    <ele>277.25</ele>
  </rtept>
  <rtept lat="42.617513" lon="11.510053">
    <ele>286.75</ele>
  </rtept>
  <rtept lat="42.617384" lon="11.510012">
    <ele>289.25</ele>
  </rtept>
  <rtept lat="42.617364" lon="11.509814">
    <ele>293.25</ele>
  </rtept>
  <rtept lat="42.617266" lon="11.509727">
    <ele>296.25</ele>
  </rtept>
  <rtept lat="42.617573" lon="11.50931">
    <ele>299.5</ele>
  </rtept>
  <rtept lat="42.617761" lon="11.508842">
    <ele>306.25</ele>
  </rtept>
  <rtept lat="42.617738" lon="11.508343">
    <ele>317.5</ele>
  </rtept>
  <rtept lat="42.617064" lon="11.508394">
    <ele>330.5</ele>
  </rtept>
  <rtept lat="42.616966" lon="11.508496">
    <ele>330.5</ele>
  </rtept>
  <rtept lat="42.61683" lon="11.508435">
    <ele>333.5</ele>
  </rtept>
  <rtept lat="42.616652" lon="11.50819">
    <ele>339.5</ele>
  </rtept>
  <rtept lat="42.616453" lon="11.508174">
    <ele>341.5</ele>
  </rtept>
  <rtept lat="42.616272" lon="11.507783">
    <ele>345.25</ele>
  </rtept>
  <rtept lat="42.616136" lon="11.507719">
    <ele>346.25</ele>
  </rtept>
  <rtept lat="42.615787" lon="11.507824">
    <ele>349.75</ele>
  </rtept>
  <rtept lat="42.615178" lon="11.507649">
    <ele>346.75</ele>
  </rtept>
  <rtept lat="42.614864" lon="11.507531">
    <ele>345.25</ele>
  </rtept>
  <rtept lat="42.614733" lon="11.507429">
    <ele>345.0</ele>
  </rtept>
  <rtept lat="42.614489" lon="11.507292">
    <ele>343.0</ele>
  </rtept>
  <rtept lat="42.613892" lon="11.507259">
    <ele>341.75</ele>
  </rtept>
  <rtept lat="42.61383" lon="11.507253">
    <ele>342.25</ele>
  </rtept>
  <rtept lat="42.613723" lon="11.507216">
    <ele>343.0</ele>
  </rtept>
  <rtept lat="42.613554" lon="11.507196">
    <ele>344.25</ele>
  </rtept>
  <rtept lat="42.61313" lon="11.507236">
    <ele>350.0</ele>
  </rtept>
  <rtept lat="42.612669" lon="11.507161">
    <ele>357.75</ele>
  </rtept>
  <rtept lat="42.612503" lon="11.50702">
    <ele>358.75</ele>
  </rtept>
  <rtept lat="42.612353" lon="11.507006">
    <ele>361.0</ele>
  </rtept>
  <rtept lat="42.612001" lon="11.507082">
    <ele>363.5</ele>
  </rtept>
  <rtept lat="42.611802" lon="11.506993">
    <ele>364.25</ele>
  </rtept>
  <rtept lat="42.611758" lon="11.506912">
    <ele>364.75</ele>
  </rtept>
  <rtept lat="42.611408" lon="11.507107">
    <ele>364.5</ele>
  </rtept>
  <rtept lat="42.611089" lon="11.507306">
    <ele>367.25</ele>
  </rtept>
  <rtept lat="42.610621" lon="11.507888">
    <ele>369.5</ele>
  </rtept>
  <rtept lat="42.609922" lon="11.508677">
    <ele>376.5</ele>
  </rtept>
  <rtept lat="42.609826" lon="11.508932">
    <ele>380.5</ele>
  </rtept>
  <rtept lat="42.609792" lon="11.50973">
    <ele>389.75</ele>
  </rtept>
  <rtept lat="42.609715" lon="11.510378">
    <ele>395.0</ele>
  </rtept>
  <rtept lat="42.609507" lon="11.510941">
    <ele>397.25</ele>
  </rtept>
  <rtept lat="42.609219" lon="11.511493">
    <ele>404.5</ele>
  </rtept>
  <rtept lat="42.608651" lon="11.512209">
    <ele>412.0</ele>
  </rtept>
  <rtept lat="42.608415" lon="11.512424">
    <ele>413.75</ele>
  </rtept>
  <rtept lat="42.608245" lon="11.512513">
    <ele>414.5</ele>
  </rtept>
  <rtept lat="42.608047" lon="11.512572">
    <ele>414.5</ele>
  </rtept>
  <rtept lat="42.607527" lon="11.512541">
    <ele>415.25</ele>
  </rtept>
  <rtept lat="42.607293" lon="11.512668">
    <ele>417.75</ele>
  </rtept>
  <rtept lat="42.606985" lon="11.513034">
    <ele>418.25</ele>
  </rtept>
  <rtept lat="42.605593" lon="11.5148">
    <ele>418.5</ele>
  </rtept>
  <rtept lat="42.604496" lon="11.516164">
    <ele>432.25</ele>
  </rtept>
  <rtept lat="42.603707" lon="11.517298">
    <ele>435.0</ele>
  </rtept>
  <rtept lat="42.60335" lon="11.517776">
    <ele>435.75</ele>
  </rtept>
  <rtept lat="42.60288" lon="11.518117">
    <ele>432.25</ele>
  </rtept>
  <rtept lat="42.601175" lon="11.518981">
    <ele>432.75</ele>
  </rtept>
  <rtept lat="42.600789" lon="11.5192">
    <ele>432.0</ele>
  </rtept>
  <rtept lat="42.599569" lon="11.519744">
    <ele>424.75</ele>
  </rtept>
  <rtept lat="42.599346" lon="11.519889">
    <ele>423.75</ele>
  </rtept>
  <rtept lat="42.598872" lon="11.520364">
    <ele>420.25</ele>
  </rtept>
  <rtept lat="42.598392" lon="11.520744">
    <ele>416.75</ele>
  </rtept>
  <rtept lat="42.597933" lon="11.521031">
    <ele>415.0</ele>
  </rtept>
  <rtept lat="42.597869" lon="11.521079">
    <ele>415.0</ele>
  </rtept>
  <rtept lat="42.597527" lon="11.521255">
    <ele>412.25</ele>
  </rtept>
  <rtept lat="42.596733" lon="11.521697">
    <ele>411.25</ele>
  </rtept>
  <rtept lat="42.596301" lon="11.52187">
    <ele>408.5</ele>
  </rtept>
  <rtept lat="42.59584" lon="11.522013">
    <ele>403.25</ele>
  </rtept>
  <rtept lat="42.595406" lon="11.521907">
    <ele>400.25</ele>
  </rtept>
  <rtept lat="42.594837" lon="11.52179">
    <ele>396.0</ele>
  </rtept>
  <rtept lat="42.594579" lon="11.521662">
    <ele>390.75</ele>
  </rtept>
  <rtept lat="42.594322" lon="11.521488">
    <ele>385.75</ele>
  </rtept>
  <rtept lat="42.593211" lon="11.520742">
    <ele>372.25</ele>
  </rtept>
  <rtept lat="42.593179" lon="11.520705">
    <ele>372.25</ele>
  </rtept>
  <rtept lat="42.593158" lon="11.52068">
    <ele>372.25</ele>
  </rtept>
  <rtept lat="42.593111" lon="11.52065">
    <ele>372.0</ele>
  </rtept>
  <rtept lat="42.593099" lon="11.52064">
    <ele>372.0</ele>
  </rtept>
  <rtept lat="42.593048" lon="11.5206">
    <ele>371.75</ele>
  </rtept>
  <rtept lat="42.592908" lon="11.520493">
    <ele>371.5</ele>
  </rtept>
  <rtept lat="42.592536" lon="11.520443">
    <ele>371.75</ele>
  </rtept>
  <rtept lat="42.592532" lon="11.520284">
    <ele>371.75</ele>
  </rtept>
  <rtept lat="42.59261" lon="11.519552">
    <ele>366.5</ele>
  </rtept>
  <rtept lat="42.592618" lon="11.519403">
    <ele>365.5</ele>
  </rtept>
  <rtept lat="42.592008" lon="11.519295">
    <ele>377.25</ele>
  </rtept>
  <rtept lat="42.59195" lon="11.519532">
    <ele>377.75</ele>
  </rtept>
  <rtept lat="42.591902" lon="11.520352">
    <ele>373.5</ele>
  </rtept>
  <rtept lat="42.591612" lon="11.520305">
    <ele>374.75</ele>
  </rtept>
  <rtept lat="42.591134" lon="11.52024">
    <ele>377.0</ele>
  </rtept>
  <rtept lat="42.591153" lon="11.520104">
    <ele>378.0</ele>
  </rtept>
  <rtept lat="42.591266" lon="11.519874">
    <ele>379.5</ele>
  </rtept>
  <rtept lat="42.591457" lon="11.519524">
    <ele>380.5</ele>
  </rtept>
  <rtept lat="42.591473" lon="11.519405">
    <ele>381.0</ele>
  </rtept>
  <rtept lat="42.591276" lon="11.519601">
    <ele>380.75</ele>
  </rtept>
  <rtept lat="42.591177" lon="11.519658">
    <ele>380.75</ele>
  </rtept>
  <rtept lat="42.591075" lon="11.519684">
    <ele>381.0</ele>
  </rtept>
  <rtept lat="42.590704" lon="11.519673">
    <ele>381.5</ele>
  </rtept>
  <rtept lat="42.590459" lon="11.519618">
    <ele>383.25</ele>
  </rtept>
  <rtept lat="42.590171" lon="11.519439">
    <ele>385.75</ele>
  </rtept>
  <rtept lat="42.58985" lon="11.519325">
    <ele>385.0</ele>
  </rtept>
  <rtept lat="42.589807" lon="11.519499">
    <ele>386.5</ele>
  </rtept>
  <rtept lat="42.589724" lon="11.519656">
    <ele>388.25</ele>
  </rtept>
  <rtept lat="42.589505" lon="11.519551">
    <ele>387.75</ele>
  </rtept>
  <rtept lat="42.589416" lon="11.519516">
    <ele>387.75</ele>
  </rtept>
  <rtept lat="42.589016" lon="11.519411">
    <ele>388.25</ele>
  </rtept>
  <rtept lat="42.588699" lon="11.519339">
    <ele>390.0</ele>
  </rtept>
  <rtept lat="42.588574" lon="11.519286">
    <ele>390.25</ele>
  </rtept>
  <rtept lat="42.58842" lon="11.519181">
    <ele>389.75</ele>
  </rtept>
  <rtept lat="42.588396" lon="11.519126">
    <ele>389.75</ele>
  </rtept>
  <rtept lat="42.588372" lon="11.519098">
    <ele>390.0</ele>
  </rtept>
  <rtept lat="42.588312" lon="11.519072">
    <ele>390.25</ele>
  </rtept>
  <rtept lat="42.588251" lon="11.519024">
    <ele>390.5</ele>
  </rtept>
  <rtept lat="42.588164" lon="11.518967">
    <ele>390.5</ele>
  </rtept>
  <rtept lat="42.58821" lon="11.519134">
    <ele>390.0</ele>
  </rtept>
  <rtept lat="42.588193" lon="11.519173">
    <ele>390.0</ele>
  </rtept>
  <rtept lat="42.588184" lon="11.519216">
    <ele>390.25</ele>
  </rtept>
  <rtept lat="42.588128" lon="11.519297">
    <ele>391.0</ele>
  </rtept>
  <rtept lat="42.588038" lon="11.519435">
    <ele>391.75</ele>
  </rtept>
  <rtept lat="42.587956" lon="11.519481">
    <ele>391.75</ele>
  </rtept>
  <rtept lat="42.587692" lon="11.519648">
    <ele>392.0</ele>
  </rtept>
  <rtept lat="42.58742" lon="11.519767">
    <ele>391.25</ele>
  </rtept>
  <rtept lat="42.587178" lon="11.519802">
    <ele>388.5</ele>
  </rtept>
  <rtept lat="42.586769" lon="11.519767">
    <ele>384.75</ele>
  </rtept>
  <rtept lat="42.584963" lon="11.519534">
    <ele>383.0</ele>
  </rtept>
  <rtept lat="42.584763" lon="11.519539">
    <ele>382.75</ele>
  </rtept>
  <rtept lat="42.58461" lon="11.519697">
    <ele>383.5</ele>
  </rtept>
  <rtept lat="42.584517" lon="11.519902">
    <ele>384.25</ele>
  </rtept>
  <rtept lat="42.584517" lon="11.520174">
    <ele>385.5</ele>
  </rtept>
  <rtept lat="42.584754" lon="11.520666">
    <ele>387.25</ele>
  </rtept>
  <rtept lat="42.585138" lon="11.521182">
    <ele>388.25</ele>
  </rtept>
  <rtept lat="42.585259" lon="11.521424">
    <ele>389.0</ele>
  </rtept>
  <rtept lat="42.585308" lon="11.521798">
    <ele>386.5</ele>
  </rtept>
  <rtept lat="42.585255" lon="11.522397">
    <ele>385.75</ele>
  </rtept>
  <rtept lat="42.585172" lon="11.522773">
    <ele>388.5</ele>
  </rtept>
  <rtept lat="42.585022" lon="11.523155">
    <ele>384.5</ele>
  </rtept>
  <rtept lat="42.584594" lon="11.524076">
    <ele>377.5</ele>
  </rtept>
  <rtept lat="42.584381" lon="11.52448">
    <ele>375.75</ele>
  </rtept>
  <rtept lat="42.583859" lon="11.52511">
    <ele>367.25</ele>
  </rtept>
  <rtept lat="42.583395" lon="11.525603">
    <ele>363.75</ele>
  </rtept>
  <rtept lat="42.583228" lon="11.525734">
    <ele>363.75</ele>
  </rtept>
  <rtept lat="42.583077" lon="11.525797">
    <ele>363.25</ele>
  </rtept>
  <rtept lat="42.582912" lon="11.525819">
    <ele>362.0</ele>
  </rtept>
  <rtept lat="42.582498" lon="11.525801">
    <ele>358.25</ele>
  </rtept>
  <rtept lat="42.582376" lon="11.526069">
    <ele>356.5</ele>
  </rtept>
  <rtept lat="42.58205" lon="11.526651">
    <ele>354.5</ele>
  </rtept>
  <rtept lat="42.581554" lon="11.527561">
    <ele>356.0</ele>
  </rtept>
  <rtept lat="42.581348" lon="11.527893">
    <ele>354.75</ele>
  </rtept>
  <rtept lat="42.581103" lon="11.528312">
    <ele>355.5</ele>
  </rtept>
  <rtept lat="42.580945" lon="11.528451">
    <ele>355.75</ele>
  </rtept>
  <rtept lat="42.580711" lon="11.528553">
    <ele>355.75</ele>
  </rtept>
  <rtept lat="42.580528" lon="11.528652">
    <ele>356.5</ele>
  </rtept>
  <rtept lat="42.580193" lon="11.528965">
    <ele>360.0</ele>
  </rtept>
  <rtept lat="42.579997" lon="11.529111">
    <ele>362.0</ele>
  </rtept>
  <rtept lat="42.579792" lon="11.529212">
    <ele>364.5</ele>
  </rtept>
  <rtept lat="42.579618" lon="11.529348">
    <ele>367.5</ele>
  </rtept>
  <rtept lat="42.579447" lon="11.529552">
    <ele>368.75</ele>
  </rtept>
  <rtept lat="42.579076" lon="11.530015">
    <ele>368.25</ele>
  </rtept>
  <rtept lat="42.578916" lon="11.53018">
    <ele>369.25</ele>
  </rtept>
  <rtept lat="42.578786" lon="11.530285">
    <ele>370.25</ele>
  </rtept>
  <rtept lat="42.578677" lon="11.530414">
    <ele>370.75</ele>
  </rtept>
  <rtept lat="42.57862" lon="11.530615">
    <ele>372.5</ele>
  </rtept>
  <rtept lat="42.578567" lon="11.531116">
    <ele>374.75</ele>
  </rtept>
  <rtept lat="42.578526" lon="11.53128">
    <ele>374.75</ele>
  </rtept>
  <rtept lat="42.578487" lon="11.531361">
    <ele>374.25</ele>
  </rtept>
  <rtept lat="42.578339" lon="11.531551">
    <ele>372.25</ele>
  </rtept>
  <rtept lat="42.578148" lon="11.531702">
    <ele>371.75</ele>
  </rtept>
  <rtept lat="42.577792" lon="11.531808">
    <ele>368.0</ele>
  </rtept>
  <rtept lat="42.577476" lon="11.531933">
    <ele>365.5</ele>
  </rtept>
  <rtept lat="42.577391" lon="11.531988">
    <ele>365.0</ele>
  </rtept>
  <rtept lat="42.577347" lon="11.532061">
    <ele>364.5</ele>
  </rtept>
  <rtept lat="42.577293" lon="11.532102">
    <ele>364.0</ele>
  </rtept>
  <rtept lat="42.577187" lon="11.532265">
    <ele>362.25</ele>
  </rtept>
  <rtept lat="42.576766" lon="11.532848">
    <ele>356.75</ele>
  </rtept>
  <rtept lat="42.576519" lon="11.533029">
    <ele>354.5</ele>
  </rtept>
  <rtept lat="42.576276" lon="11.533285">
    <ele>352.5</ele>
  </rtept>
  <rtept lat="42.575933" lon="11.533673">
    <ele>347.75</ele>
  </rtept>
  <rtept lat="42.575723" lon="11.533849">
    <ele>346.0</ele>
  </rtept>
  <rtept lat="42.575453" lon="11.533989">
    <ele>344.0</ele>
  </rtept>
  <rtept lat="42.574847" lon="11.534157">
    <ele>341.75</ele>
  </rtept>
  <rtept lat="42.574053" lon="11.534267">
    <ele>333.5</ele>
  </rtept>
  <rtept lat="42.573744" lon="11.534398">
    <ele>331.0</ele>
  </rtept>
  <rtept lat="42.573506" lon="11.534577">
    <ele>328.25</ele>
  </rtept>
  <rtept lat="42.573412" lon="11.534687">
    <ele>326.0</ele>
  </rtept>
  <rtept lat="42.573405" lon="11.534818">
    <ele>324.25</ele>
  </rtept>
  <rtept lat="42.57344" lon="11.535034">
    <ele>322.25</ele>
  </rtept>
  <rtept lat="42.573578" lon="11.535472">
    <ele>318.5</ele>
  </rtept>
  <rtept lat="42.573569" lon="11.535582">
    <ele>317.5</ele>
  </rtept>
  <rtept lat="42.573504" lon="11.53571">
    <ele>316.25</ele>
  </rtept>
  <rtept lat="42.573007" lon="11.53633">
    <ele>308.5</ele>
  </rtept>
  <rtept lat="42.572573" lon="11.536115">
    <ele>304.0</ele>
  </rtept>
  <rtept lat="42.571763" lon="11.535565">
    <ele>296.5</ele>
  </rtept>
  <rtept lat="42.571664" lon="11.535557">
    <ele>294.75</ele>
  </rtept>
  <rtept lat="42.571744" lon="11.535787">
    <ele>294.25</ele>
  </rtept>
  <rtept lat="42.571654" lon="11.535694">
    <ele>293.75</ele>
  </rtept>
  <rtept lat="42.571569" lon="11.535662">
    <ele>293.25</ele>
  </rtept>
  <rtept lat="42.571433" lon="11.535651">
    <ele>292.0</ele>
  </rtept>
  <rtept lat="42.571343" lon="11.535708">
    <ele>291.0</ele>
  </rtept>
  <rtept lat="42.571263" lon="11.53572">
    <ele>290.5</ele>
  </rtept>
  <rtept lat="42.571154" lon="11.535708">
    <ele>289.75</ele>
  </rtept>
  <rtept lat="42.570479" lon="11.535057">
    <ele>289.25</ele>
  </rtept>
  <rtept lat="42.57031" lon="11.534888">
    <ele>289.25</ele>
  </rtept>
  <rtept lat="42.570274" lon="11.53497">
    <ele>288.75</ele>
  </rtept>
  <rtept lat="42.57014" lon="11.535119">
    <ele>287.25</ele>
  </rtept>
  <rtept lat="42.570024" lon="11.535198">
    <ele>286.5</ele>
  </rtept>
  <rtept lat="42.569891" lon="11.535218">
    <ele>286.25</ele>
  </rtept>
  <rtept lat="42.569718" lon="11.535199">
    <ele>285.75</ele>
  </rtept>
  <rtept lat="42.569644" lon="11.535207">
    <ele>285.5</ele>
  </rtept>
  <rtept lat="42.569505" lon="11.535186">
    <ele>285.0</ele>
  </rtept>
  <rtept lat="42.56904" lon="11.535057">
    <ele>282.0</ele>
  </rtept>
  <rtept lat="42.568806" lon="11.534915">
    <ele>282.5</ele>
  </rtept>
  <rtept lat="42.568516" lon="11.534656">
    <ele>282.25</ele>
  </rtept>
  <rtept lat="42.568343" lon="11.534584">
    <ele>282.25</ele>
  </rtept>
  <rtept lat="42.56812" lon="11.534632">
    <ele>282.0</ele>
  </rtept>
  <rtept lat="42.567664" lon="11.534934">
    <ele>280.25</ele>
  </rtept>
  <rtept lat="42.567091" lon="11.535386">
    <ele>275.0</ele>
  </rtept>
  <rtept lat="42.566663" lon="11.535765">
    <ele>270.0</ele>
  </rtept>
  <rtept lat="42.56632" lon="11.535933">
    <ele>269.75</ele>
  </rtept>
  <rtept lat="42.565701" lon="11.535981">
    <ele>266.25</ele>
  </rtept>
  <rtept lat="42.565217" lon="11.535991">
    <ele>262.0</ele>
  </rtept>
  <rtept lat="42.564722" lon="11.535837">
    <ele>257.75</ele>
  </rtept>
  <rtept lat="42.56416" lon="11.535813">
    <ele>253.75</ele>
  </rtept>
  <rtept lat="42.563343" lon="11.535933">
    <ele>250.5</ele>
  </rtept>
  <rtept lat="42.562501" lon="11.536067">
    <ele>244.0</ele>
  </rtept>
  <rtept lat="42.56214" lon="11.536101">
    <ele>241.75</ele>
  </rtept>
  <rtept lat="42.561665" lon="11.536173">
    <ele>238.25</ele>
  </rtept>
  <rtept lat="42.561472" lon="11.536202">
    <ele>236.75</ele>
  </rtept>
  <rtept lat="42.561062" lon="11.536082">
    <ele>235.0</ele>
  </rtept>
  <rtept lat="42.560864" lon="11.53613">
    <ele>234.75</ele>
  </rtept>
  <rtept lat="42.560365" lon="11.536144">
    <ele>233.75</ele>
  </rtept>
  <rtept lat="42.559874" lon="11.536557">
    <ele>231.75</ele>
  </rtept>
  <rtept lat="42.558523" lon="11.537066">
    <ele>234.0</ele>
  </rtept>
  <rtept lat="42.558296" lon="11.537071">
    <ele>234.0</ele>
  </rtept>
  <rtept lat="42.555907" lon="11.537996">
    <ele>226.5</ele>
  </rtept>
  <rtept lat="42.555823" lon="11.538123">
    <ele>225.75</ele>
  </rtept>
  <rtept lat="42.555582" lon="11.538539">
    <ele>227.75</ele>
  </rtept>
  <rtept lat="42.555373" lon="11.538823">
    <ele>229.75</ele>
  </rtept>
  <rtept lat="42.555217" lon="11.538933">
    <ele>231.0</ele>
  </rtept>
  <rtept lat="42.554714" lon="11.538834">
    <ele>232.0</ele>
  </rtept>
  <rtept lat="42.553862" lon="11.53856">
    <ele>231.75</ele>
  </rtept>
  <rtept lat="42.553558" lon="11.538555">
    <ele>233.25</ele>
  </rtept>
  <rtept lat="42.552825" lon="11.53869">
    <ele>238.75</ele>
  </rtept>
  <rtept lat="42.551973" lon="11.538872">
    <ele>239.75</ele>
  </rtept>
  <rtept lat="42.551206" lon="11.538987">
    <ele>244.0</ele>
  </rtept>
  <rtept lat="42.550106" lon="11.53892">
    <ele>246.75</ele>
  </rtept>
  <rtept lat="42.549787" lon="11.539069">
    <ele>247.0</ele>
  </rtept>
  <rtept lat="42.549076" lon="11.539587">
    <ele>242.25</ele>
  </rtept>
  <rtept lat="42.548422" lon="11.539957">
    <ele>240.75</ele>
  </rtept>
  <rtept lat="42.547559" lon="11.54026">
    <ele>243.5</ele>
  </rtept>
  <rtept lat="42.546216" lon="11.541023">
    <ele>247.5</ele>
  </rtept>
  <rtept lat="42.545972" lon="11.541181">
    <ele>248.75</ele>
  </rtept>
  <rtept lat="42.545922" lon="11.541762">
    <ele>251.5</ele>
  </rtept>
  <rtept lat="42.545423" lon="11.542449">
    <ele>256.75</ele>
  </rtept>
  <rtept lat="42.544817" lon="11.542702">
    <ele>261.25</ele>
  </rtept>
  <rtept lat="42.544544" lon="11.542012">
    <ele>258.5</ele>
  </rtept>
  <rtept lat="42.544465" lon="11.541827">
    <ele>257.0</ele>
  </rtept>
  <rtept lat="42.543876" lon="11.540761">
    <ele>251.5</ele>
  </rtept>
  <rtept lat="42.543255" lon="11.539548">
    <ele>252.0</ele>
  </rtept>
  <rtept lat="42.542987" lon="11.539204">
    <ele>250.75</ele>
  </rtept>
  <rtept lat="42.542926" lon="11.53914">
    <ele>250.25</ele>
  </rtept>
  <rtept lat="42.542233" lon="11.53947">
    <ele>252.25</ele>
  </rtept>
  <rtept lat="42.542003" lon="11.539551">
    <ele>254.5</ele>
  </rtept>
  <rtept lat="42.541745" lon="11.539681">
    <ele>257.25</ele>
  </rtept>
  <rtept lat="42.540775" lon="11.540079">
    <ele>264.0</ele>
  </rtept>
  <rtept lat="42.540471" lon="11.540219">
    <ele>264.0</ele>
  </rtept>
  <rtept lat="42.539802" lon="11.540507">
    <ele>263.75</ele>
  </rtept>
  <rtept lat="42.539488" lon="11.54066">
    <ele>264.75</ele>
  </rtept>
  <rtept lat="42.539141" lon="11.540809">
    <ele>264.75</ele>
  </rtept>
  <rtept lat="42.538907" lon="11.540939">
    <ele>265.25</ele>
  </rtept>
  <rtept lat="42.538844" lon="11.541069">
    <ele>266.0</ele>
  </rtept>
  <rtept lat="42.538723" lon="11.541443">
    <ele>265.25</ele>
  </rtept>
  <rtept lat="42.538677" lon="11.541664">
    <ele>263.25</ele>
  </rtept>
  <rtept lat="42.538603" lon="11.541966">
    <ele>261.0</ele>
  </rtept>
  <rtept lat="42.538486" lon="11.542206">
    <ele>260.75</ele>
  </rtept>
  <rtept lat="42.538388" lon="11.542305">
    <ele>260.75</ele>
  </rtept>
  <rtept lat="42.53829" lon="11.542623">
    <ele>259.5</ele>
  </rtept>
  <rtept lat="42.538247" lon="11.54285">
    <ele>259.25</ele>
  </rtept>
  <rtept lat="42.538253" lon="11.543008">
    <ele>258.25</ele>
  </rtept>
  <rtept lat="42.538281" lon="11.543272">
    <ele>255.75</ele>
  </rtept>
  <rtept lat="42.538299" lon="11.543388">
    <ele>254.5</ele>
  </rtept>
  <rtept lat="42.538295" lon="11.543642">
    <ele>253.5</ele>
  </rtept>
  <rtept lat="42.538271" lon="11.543743">
    <ele>253.75</ele>
  </rtept>
  <rtept lat="42.53826" lon="11.54393">
    <ele>253.25</ele>
  </rtept>
  <rtept lat="42.538221" lon="11.544108">
    <ele>253.5</ele>
  </rtept>
  <rtept lat="42.538214" lon="11.544266">
    <ele>253.25</ele>
  </rtept>
  <rtept lat="42.538196" lon="11.544401">
    <ele>252.5</ele>
  </rtept>
  <rtept lat="42.538214" lon="11.544501">
    <ele>251.75</ele>
  </rtept>
  <rtept lat="42.53826" lon="11.544626">
    <ele>251.0</ele>
  </rtept>
  <rtept lat="42.538327" lon="11.544722">
    <ele>250.75</ele>
  </rtept>
  <rtept lat="42.538401" lon="11.544794">
    <ele>249.75</ele>
  </rtept>
  <rtept lat="42.538561" lon="11.544977">
    <ele>248.0</ele>
  </rtept>
  <rtept lat="42.538755" lon="11.545231">
    <ele>243.75</ele>
  </rtept>
  <rtept lat="42.538868" lon="11.545327">
    <ele>242.5</ele>
  </rtept>
  <rtept lat="42.538936" lon="11.545486">
    <ele>240.75</ele>
  </rtept>
  <rtept lat="42.538939" lon="11.545582">
    <ele>240.0</ele>
  </rtept>
  <rtept lat="42.538892" lon="11.545644">
    <ele>239.25</ele>
  </rtept>
  <rtept lat="42.538824" lon="11.545693">
    <ele>238.0</ele>
  </rtept>
  <rtept lat="42.538745" lon="11.545714">
    <ele>237.25</ele>
  </rtept>
  <rtept lat="42.538454" lon="11.545698">
    <ele>235.0</ele>
  </rtept>
  <rtept lat="42.538317" lon="11.545666">
    <ele>234.25</ele>
  </rtept>
  <rtept lat="42.538103" lon="11.545584">
    <ele>234.0</ele>
  </rtept>
  <rtept lat="42.538004" lon="11.54556">
    <ele>233.0</ele>
  </rtept>
  <rtept lat="42.53794" lon="11.54558">
    <ele>232.25</ele>
  </rtept>
  <rtept lat="42.537904" lon="11.545637">
    <ele>231.75</ele>
  </rtept>
  <rtept lat="42.537907" lon="11.54574">
    <ele>232.0</ele>
  </rtept>
  <rtept lat="42.537946" lon="11.54591">
    <ele>233.75</ele>
  </rtept>
  <rtept lat="42.538069" lon="11.546292">
    <ele>242.25</ele>
  </rtept>
  <rtept lat="42.538133" lon="11.546451">
    <ele>244.5</ele>
  </rtept>
  <rtept lat="42.5382" lon="11.546595">
    <ele>245.5</ele>
  </rtept>
  <rtept lat="42.538194" lon="11.546703">
    <ele>246.75</ele>
  </rtept>
  <rtept lat="42.53815" lon="11.546821">
    <ele>247.75</ele>
  </rtept>
  <rtept lat="42.538041" lon="11.546939">
    <ele>248.0</ele>
  </rtept>
  <rtept lat="42.53786" lon="11.547167">
    <ele>251.25</ele>
  </rtept>
  <rtept lat="42.537784" lon="11.547305">
    <ele>251.75</ele>
  </rtept>
  <rtept lat="42.537698" lon="11.54748">
    <ele>252.75</ele>
  </rtept>
  <rtept lat="42.537626" lon="11.547656">
    <ele>254.25</ele>
  </rtept>
  <rtept lat="42.537584" lon="11.547837">
    <ele>255.5</ele>
  </rtept>
  <rtept lat="42.537537" lon="11.547999">
    <ele>256.5</ele>
  </rtept>
  <rtept lat="42.53749" lon="11.548102">
    <ele>257.25</ele>
  </rtept>
  <rtept lat="42.537296" lon="11.548436">
    <ele>260.25</ele>
  </rtept>
  <rtept lat="42.537202" lon="11.548573">
    <ele>262.0</ele>
  </rtept>
  <rtept lat="42.537099" lon="11.548636">
    <ele>264.25</ele>
  </rtept>
  <rtept lat="42.536808" lon="11.548701">
    <ele>269.0</ele>
  </rtept>
  <rtept lat="42.536654" lon="11.548791">
    <ele>271.5</ele>
  </rtept>
  <rtept lat="42.536547" lon="11.548821">
    <ele>273.5</ele>
  </rtept>
  <rtept lat="42.536471" lon="11.54882">
    <ele>274.75</ele>
  </rtept>
  <rtept lat="42.53628" lon="11.548772">
    <ele>278.75</ele>
  </rtept>
  <rtept lat="42.535781" lon="11.548595">
    <ele>286.75</ele>
  </rtept>
  <rtept lat="42.535617" lon="11.548501">
    <ele>289.0</ele>
  </rtept>
  <rtept lat="42.535518" lon="11.548415">
    <ele>289.75</ele>
  </rtept>
  <rtept lat="42.53533" lon="11.548272">
    <ele>290.75</ele>
  </rtept>
  <rtept lat="42.535267" lon="11.548266">
    <ele>291.5</ele>
  </rtept>
  <rtept lat="42.5352" lon="11.548352">
    <ele>292.0</ele>
  </rtept>
  <rtept lat="42.535156" lon="11.548477">
    <ele>292.75</ele>
  </rtept>
  <rtept lat="42.535" lon="11.549066">
    <ele>294.5</ele>
  </rtept>
  <rtept lat="42.534828" lon="11.549497">
    <ele>297.0</ele>
  </rtept>
  <rtept lat="42.534598" lon="11.549951">
    <ele>301.5</ele>
  </rtept>
  <rtept lat="42.534519" lon="11.550126">
    <ele>302.75</ele>
  </rtept>
  <rtept lat="42.534436" lon="11.550369">
    <ele>304.5</ele>
  </rtept>
  <rtept lat="42.534245" lon="11.550815">
    <ele>306.0</ele>
  </rtept>
  <rtept lat="42.534114" lon="11.551089">
    <ele>306.5</ele>
  </rtept>
  <rtept lat="42.533654" lon="11.55191">
    <ele>305.75</ele>
  </rtept>
  <rtept lat="42.533526" lon="11.552063">
    <ele>305.75</ele>
  </rtept>
  <rtept lat="42.533332" lon="11.552332">
    <ele>306.75</ele>
  </rtept>
  <rtept lat="42.533201" lon="11.552544">
    <ele>307.25</ele>
  </rtept>
  <rtept lat="42.533049" lon="11.552827">
    <ele>309.0</ele>
  </rtept>
  <rtept lat="42.532893" lon="11.5531">
    <ele>310.5</ele>
  </rtept>
  <rtept lat="42.532642" lon="11.553475">
    <ele>312.25</ele>
  </rtept>
  <rtept lat="42.532601" lon="11.553581">
    <ele>312.25</ele>
  </rtept>
  <rtept lat="42.532521" lon="11.553759">
    <ele>311.5</ele>
  </rtept>
  <rtept lat="42.53243" lon="11.553936">
    <ele>311.5</ele>
  </rtept>
  <rtept lat="42.532359" lon="11.554041">
    <ele>311.5</ele>
  </rtept>
  <rtept lat="42.532172" lon="11.554252">
    <ele>311.25</ele>
  </rtept>
  <rtept lat="42.5321" lon="11.554387">
    <ele>310.5</ele>
  </rtept>
  <rtept lat="42.53209" lon="11.554536">
    <ele>309.5</ele>
  </rtept>
  <rtept lat="42.53209" lon="11.554637">
    <ele>309.25</ele>
  </rtept>
  <rtept lat="42.532101" lon="11.554828">
    <ele>309.25</ele>
  </rtept>
  <rtept lat="42.532133" lon="11.55514">
    <ele>310.0</ele>
  </rtept>
  <rtept lat="42.532143" lon="11.555317">
    <ele>310.0</ele>
  </rtept>
  <rtept lat="42.532137" lon="11.555415">
    <ele>310.0</ele>
  </rtept>
  <rtept lat="42.532062" lon="11.55563">
    <ele>311.25</ele>
  </rtept>
  <rtept lat="42.532058" lon="11.555748">
    <ele>311.25</ele>
  </rtept>
  <rtept lat="42.532175" lon="11.556073">
    <ele>309.5</ele>
  </rtept>
  <rtept lat="42.532256" lon="11.556217">
    <ele>309.0</ele>
  </rtept>
  <rtept lat="42.532339" lon="11.556337">
    <ele>308.75</ele>
  </rtept>
  <rtept lat="42.53242" lon="11.556404">
    <ele>308.5</ele>
  </rtept>
  <rtept lat="42.532589" lon="11.556488">
    <ele>308.75</ele>
  </rtept>
  <rtept lat="42.532679" lon="11.556549">
    <ele>309.25</ele>
  </rtept>
  <rtept lat="42.532741" lon="11.556625">
    <ele>309.75</ele>
  </rtept>
  <rtept lat="42.532833" lon="11.55661">
    <ele>310.5</ele>
  </rtept>
  <rtept lat="42.532969" lon="11.556562">
    <ele>311.75</ele>
  </rtept>
  <rtept lat="42.533082" lon="11.556681">
    <ele>313.5</ele>
  </rtept>
  <rtept lat="42.533141" lon="11.556789">
    <ele>311.75</ele>
  </rtept>
  <rtept lat="42.533218" lon="11.55697">
    <ele>309.25</ele>
  </rtept>
  <rtept lat="42.533321" lon="11.557225">
    <ele>307.0</ele>
  </rtept>
  <rtept lat="42.533512" lon="11.557719">
    <ele>306.25</ele>
  </rtept>
  <rtept lat="42.533678" lon="11.558046">
    <ele>304.0</ele>
  </rtept>
  <rtept lat="42.533728" lon="11.558257">
    <ele>303.0</ele>
  </rtept>
  <rtept lat="42.533785" lon="11.558459">
    <ele>301.25</ele>
  </rtept>
  <rtept lat="42.533816" lon="11.558665">
    <ele>299.25</ele>
  </rtept>
  <rtept lat="42.533848" lon="11.55903">
    <ele>294.75</ele>
  </rtept>
  <rtept lat="42.533901" lon="11.559582">
    <ele>292.75</ele>
  </rtept>
  <rtept lat="42.533969" lon="11.559942">
    <ele>290.5</ele>
  </rtept>
  <rtept lat="42.533993" lon="11.560154">
    <ele>289.0</ele>
  </rtept>
  <rtept lat="42.534043" lon="11.560327">
    <ele>288.25</ele>
  </rtept>
  <rtept lat="42.534092" lon="11.560605">
    <ele>285.75</ele>
  </rtept>
  <rtept lat="42.534103" lon="11.560826">
    <ele>284.0</ele>
  </rtept>
  <rtept lat="42.534128" lon="11.56096">
    <ele>283.25</ele>
  </rtept>
  <rtept lat="42.534195" lon="11.561148">
    <ele>281.75</ele>
  </rtept>
  <rtept lat="42.534298" lon="11.561378">
    <ele>280.0</ele>
  </rtept>
  <rtept lat="42.534329" lon="11.561522">
    <ele>280.75</ele>
  </rtept>
  <rtept lat="42.534339" lon="11.561712">
    <ele>282.25</ele>
  </rtept>
  <rtept lat="42.534326" lon="11.561799">
    <ele>283.0</ele>
  </rtept>
  <rtept lat="42.534344" lon="11.561861">
    <ele>283.25</ele>
  </rtept>
  <rtept lat="42.534384" lon="11.561941">
    <ele>283.5</ele>
  </rtept>
  <rtept lat="42.534493" lon="11.562058">
    <ele>281.5</ele>
  </rtept>
  <rtept lat="42.534614" lon="11.562174">
    <ele>279.25</ele>
  </rtept>
  <rtept lat="42.534683" lon="11.56227">
    <ele>277.75</ele>
  </rtept>
  <rtept lat="42.534801" lon="11.562398">
    <ele>275.5</ele>
  </rtept>
  <rtept lat="42.534906" lon="11.562506">
    <ele>273.5</ele>
  </rtept>
  <rtept lat="42.534992" lon="11.562617">
    <ele>271.75</ele>
  </rtept>
  <rtept lat="42.53514" lon="11.562744">
    <ele>270.25</ele>
  </rtept>
  <rtept lat="42.535382" lon="11.563008">
    <ele>268.5</ele>
  </rtept>
  <rtept lat="42.535443" lon="11.563117">
    <ele>268.0</ele>
  </rtept>
  <rtept lat="42.535476" lon="11.563191">
    <ele>267.5</ele>
  </rtept>
  <rtept lat="42.535527" lon="11.563406">
    <ele>266.5</ele>
  </rtept>
  <rtept lat="42.535575" lon="11.563511">
    <ele>265.75</ele>
  </rtept>
  <rtept lat="42.535698" lon="11.563541">
    <ele>262.25</ele>
  </rtept>
  <rtept lat="42.535781" lon="11.563499">
    <ele>260.0</ele>
  </rtept>
  <rtept lat="42.536025" lon="11.563152">
    <ele>257.5</ele>
  </rtept>
  <rtept lat="42.536159" lon="11.56308">
    <ele>256.0</ele>
  </rtept>
  <rtept lat="42.536641" lon="11.563085">
    <ele>248.75</ele>
  </rtept>
  <rtept lat="42.536773" lon="11.562944">
    <ele>247.25</ele>
  </rtept>
  <rtept lat="42.5369" lon="11.562789">
    <ele>246.75</ele>
  </rtept>
  <rtept lat="42.537065" lon="11.562672">
    <ele>245.5</ele>
  </rtept>
  <rtept lat="42.537296" lon="11.562611">
    <ele>243.75</ele>
  </rtept>
  <rtept lat="42.537333" lon="11.562601">
    <ele>243.5</ele>
  </rtept>
  <rtept lat="42.537469" lon="11.562666">
    <ele>242.0</ele>
  </rtept>
  <rtept lat="42.538221" lon="11.562949">
    <ele>231.25</ele>
  </rtept>
  <rtept lat="42.538521" lon="11.562971">
    <ele>228.0</ele>
  </rtept>
  <rtept lat="42.538557" lon="11.562997">
    <ele>227.75</ele>
  </rtept>
  <rtept lat="42.538608" lon="11.563035">
    <ele>227.5</ele>
  </rtept>
  <rtept lat="42.538616" lon="11.563185">
    <ele>225.5</ele>
  </rtept>
  <rtept lat="42.538521" lon="11.563314">
    <ele>223.5</ele>
  </rtept>
  <rtept lat="42.538325" lon="11.563463">
    <ele>220.75</ele>
  </rtept>
  <rtept lat="42.537924" lon="11.563852">
    <ele>216.0</ele>
  </rtept>
  <rtept lat="42.537842" lon="11.563951">
    <ele>215.0</ele>
  </rtept>
  <rtept lat="42.537811" lon="11.564034">
    <ele>214.0</ele>
  </rtept>
  <rtept lat="42.537818" lon="11.564146">
    <ele>211.75</ele>
  </rtept>
  <rtept lat="42.537924" lon="11.564492">
    <ele>205.75</ele>
  </rtept>
  <rtept lat="42.537931" lon="11.564557">
    <ele>204.75</ele>
  </rtept>
  <rtept lat="42.537867" lon="11.564777">
    <ele>203.0</ele>
  </rtept>
  <rtept lat="42.537827" lon="11.564828">
    <ele>203.0</ele>
  </rtept>
  <rtept lat="42.537661" lon="11.564898">
    <ele>205.0</ele>
  </rtept>
  <rtept lat="42.537601" lon="11.564965">
    <ele>205.25</ele>
  </rtept>
  <rtept lat="42.537558" lon="11.565051">
    <ele>205.75</ele>
  </rtept>
  <rtept lat="42.53755" lon="11.565158">
    <ele>206.0</ele>
  </rtept>
  <rtept lat="42.53757" lon="11.565244">
    <ele>205.5</ele>
  </rtept>
  <rtept lat="42.537787" lon="11.565496">
    <ele>204.0</ele>
  </rtept>
  <rtept lat="42.537928" lon="11.565782">
    <ele>203.75</ele>
  </rtept>
  <rtept lat="42.538005" lon="11.566118">
    <ele>203.25</ele>
  </rtept>
  <rtept lat="42.538056" lon="11.566399">
    <ele>199.75</ele>
  </rtept>
  <rtept lat="42.538024" lon="11.566754">
    <ele>198.5</ele>
  </rtept>
  <rtept lat="42.538034" lon="11.566939">
    <ele>197.5</ele>
  </rtept>
  <rtept lat="42.538014" lon="11.567274">
    <ele>193.75</ele>
  </rtept>
  <rtept lat="42.537928" lon="11.56752">
    <ele>190.75</ele>
  </rtept>
  <rtept lat="42.537812" lon="11.567732">
    <ele>189.25</ele>
  </rtept>
  <rtept lat="42.537592" lon="11.567949">
    <ele>187.75</ele>
  </rtept>
  <rtept lat="42.537489" lon="11.568148">
    <ele>184.75</ele>
  </rtept>
  <rtept lat="42.53758" lon="11.568893">
    <ele>177.0</ele>
  </rtept>
  <rtept lat="42.537565" lon="11.56929">
    <ele>177.25</ele>
  </rtept>
  <rtept lat="42.537659" lon="11.569322">
    <ele>175.75</ele>
  </rtept>
  <rtept lat="42.537896" lon="11.569526">
    <ele>172.5</ele>
  </rtept>
  <rtept lat="42.538078" lon="11.569859">
    <ele>170.0</ele>
  </rtept>
  <rtept lat="42.538189" lon="11.570803">
    <ele>166.5</ele>
  </rtept>
  <rtept lat="42.538252" lon="11.571018">
    <ele>163.5</ele>
  </rtept>
  <rtept lat="42.538157" lon="11.571457">
    <ele>161.75</ele>
  </rtept>
  <rtept lat="42.53815" lon="11.571972">
    <ele>157.5</ele>
  </rtept>
  <rtept lat="42.538268" lon="11.572541">
    <ele>154.0</ele>
  </rtept>
  <rtept lat="42.53864" lon="11.572841">
    <ele>146.5</ele>
  </rtept>
  <rtept lat="42.538932" lon="11.573099">
    <ele>142.5</ele>
  </rtept>
  <rtept lat="42.539153" lon="11.57311">
    <ele>138.5</ele>
  </rtept>
  <rtept lat="42.539628" lon="11.57297">
    <ele>131.25</ele>
  </rtept>
  <rtept lat="42.539952" lon="11.573131">
    <ele>125.25</ele>
  </rtept>
  <rtept lat="42.540276" lon="11.573464">
    <ele>121.0</ele>
  </rtept>
  <rtept lat="42.540477" lon="11.573394">
    <ele>121.0</ele>
  </rtept>
  <rtept lat="42.540798" lon="11.573485">
    <ele>123.75</ele>
  </rtept>
  <rtept lat="42.541027" lon="11.573764">
    <ele>126.25</ele>
  </rtept>
  <rtept lat="42.54124" lon="11.57385">
    <ele>129.75</ele>
  </rtept>
  <rtept lat="42.54143" lon="11.573796">
    <ele>134.0</ele>
  </rtept>
  <rtept lat="42.541599" lon="11.573926">
    <ele>136.0</ele>
  </rtept>
  <rtept lat="42.541648" lon="11.574131">
    <ele>134.0</ele>
  </rtept>
  <rtept lat="42.541778" lon="11.574501">
    <ele>132.25</ele>
  </rtept>
  <rtept lat="42.541808" lon="11.574646">
    <ele>131.5</ele>
  </rtept>
  <rtept lat="42.541798" lon="11.574871">
    <ele>129.5</ele>
  </rtept>
  <rtept lat="42.541724" lon="11.5752">
    <ele>125.25</ele>
  </rtept>
  <rtept lat="42.54169" lon="11.575332">
    <ele>124.0</ele>
  </rtept>
  <rtept lat="42.541464" lon="11.576212">
    <ele>120.25</ele>
  </rtept>
  <rtept lat="42.540884" lon="11.578551">
    <ele>114.75</ele>
  </rtept>
  <rtept lat="42.540804" lon="11.578848">
    <ele>114.75</ele>
  </rtept>
  <rtept lat="42.540543" lon="11.579905">
    <ele>112.0</ele>
  </rtept>
  <rtept lat="42.540099" lon="11.58163">
    <ele>109.75</ele>
  </rtept>
  <rtept lat="42.539348" lon="11.584638">
    <ele>106.75</ele>
  </rtept>
  <rtept lat="42.539302" lon="11.584763">
    <ele>106.5</ele>
  </rtept>
  <rtept lat="42.539189" lon="11.584942">
    <ele>107.25</ele>
  </rtept>
  <rtept lat="42.539104" lon="11.585036">
    <ele>108.25</ele>
  </rtept>
  <rtept lat="42.5378" lon="11.586294">
    <ele>111.5</ele>
  </rtept>
  <rtept lat="42.53772" lon="11.586394">
    <ele>111.75</ele>
  </rtept>
  <rtept lat="42.537627" lon="11.586544">
    <ele>111.75</ele>
  </rtept>
  <rtept lat="42.537535" lon="11.586735">
    <ele>111.5</ele>
  </rtept>
  <rtept lat="42.537096" lon="11.587712">
    <ele>110.75</ele>
  </rtept>
  <rtept lat="42.53703" lon="11.587831">
    <ele>111.0</ele>
  </rtept>
  <rtept lat="42.536965" lon="11.587906">
    <ele>111.5</ele>
  </rtept>
  <rtept lat="42.536889" lon="11.587948">
    <ele>111.75</ele>
  </rtept>
  <rtept lat="42.536818" lon="11.587976">
    <ele>111.75</ele>
  </rtept>
  <rtept lat="42.536206" lon="11.58809">
    <ele>110.0</ele>
  </rtept>
  <rtept lat="42.536028" lon="11.588184">
    <ele>109.75</ele>
  </rtept>
  <rtept lat="42.535924" lon="11.588262">
    <ele>109.75</ele>
  </rtept>
  <rtept lat="42.535193" lon="11.589024">
    <ele>109.75</ele>
  </rtept>
  <rtept lat="42.534577" lon="11.589687">
    <ele>113.25</ele>
  </rtept>
  <rtept lat="42.534381" lon="11.589824">
    <ele>113.5</ele>
  </rtept>
  <rtept lat="42.534286" lon="11.589855">
    <ele>114.5</ele>
  </rtept>
  <rtept lat="42.533853" lon="11.589907">
    <ele>118.25</ele>
  </rtept>
  <rtept lat="42.533533" lon="11.589899">
    <ele>121.0</ele>
  </rtept>
  <rtept lat="42.533211" lon="11.589875">
    <ele>123.5</ele>
  </rtept>
  <rtept lat="42.533023" lon="11.589931">
    <ele>123.5</ele>
  </rtept>
  <rtept lat="42.53216" lon="11.590416">
    <ele>128.0</ele>
  </rtept>
  <rtept lat="42.531129" lon="11.59203">
    <ele>117.25</ele>
  </rtept>
  <rtept lat="42.530231" lon="11.593317">
    <ele>117.25</ele>
  </rtept>
  <rtept lat="42.53" lon="11.593784">
    <ele>116.25</ele>
  </rtept>
  <rtept lat="42.529753" lon="11.595235">
    <ele>119.5</ele>
  </rtept>
  <rtept lat="42.529396" lon="11.595925">
    <ele>119.75</ele>
  </rtept>
  <rtept lat="42.529299" lon="11.597157">
    <ele>120.0</ele>
  </rtept>
  <rtept lat="42.52901" lon="11.597909">
    <ele>119.25</ele>
  </rtept>
  <rtept lat="42.528504" lon="11.59863">
    <ele>120.5</ele>
  </rtept>
  <rtept lat="42.528271" lon="11.598989">
    <ele>120.75</ele>
  </rtept>
  <rtept lat="42.528188" lon="11.599454">
    <ele>117.0</ele>
  </rtept>
  <rtept lat="42.527438" lon="11.600967">
    <ele>119.75</ele>
  </rtept>
  <rtept lat="42.527398" lon="11.601117">
    <ele>119.25</ele>
  </rtept>
  <rtept lat="42.527394" lon="11.601198">
    <ele>118.0</ele>
  </rtept>
  <rtept lat="42.527329" lon="11.601335">
    <ele>117.75</ele>
  </rtept>
  <rtept lat="42.527284" lon="11.60153">
    <ele>115.75</ele>
  </rtept>
  <rtept lat="42.527183" lon="11.601697">
    <ele>116.25</ele>
  </rtept>
  <rtept lat="42.527127" lon="11.601804">
    <ele>115.5</ele>
  </rtept>
  <rtept lat="42.526992" lon="11.602276">
    <ele>110.0</ele>
  </rtept>
  <rtept lat="42.526722" lon="11.603091">
    <ele>108.25</ele>
  </rtept>
  <rtept lat="42.526591" lon="11.603382">
    <ele>108.25</ele>
  </rtept>
  <rtept lat="42.526256" lon="11.603951">
    <ele>109.25</ele>
  </rtept>
  <rtept lat="42.525925" lon="11.604796">
    <ele>103.5</ele>
  </rtept>
  <rtept lat="42.525096" lon="11.606104">
    <ele>105.25</ele>
  </rtept>
  <rtept lat="42.524724" lon="11.606178">
    <ele>108.25</ele>
  </rtept>
  <rtept lat="42.52422" lon="11.606082">
    <ele>110.25</ele>
  </rtept>
  <rtept lat="42.524018" lon="11.606052">
    <ele>111.25</ele>
  </rtept>
  <rtept lat="42.522844" lon="11.606549">
    <ele>105.5</ele>
  </rtept>
  <rtept lat="42.522281" lon="11.606457">
    <ele>104.25</ele>
  </rtept>
  <rtept lat="42.521895" lon="11.606273">
    <ele>105.25</ele>
  </rtept>
  <rtept lat="42.521544" lon="11.606234">
    <ele>104.5</ele>
  </rtept>
  <rtept lat="42.521034" lon="11.606272">
    <ele>98.75</ele>
  </rtept>
  <rtept lat="42.520882" lon="11.606239">
    <ele>97.75</ele>
  </rtept>
  <rtept lat="42.52083" lon="11.606184">
    <ele>98.0</ele>
  </rtept>
  <rtept lat="42.520341" lon="11.606408">
    <ele>103.5</ele>
  </rtept>
  <rtept lat="42.519977" lon="11.606687">
    <ele>106.5</ele>
  </rtept>
  <rtept lat="42.51955" lon="11.607159">
    <ele>109.25</ele>
  </rtept>
  <rtept lat="42.519194" lon="11.607577">
    <ele>114.75</ele>
  </rtept>
  <rtept lat="42.51887" lon="11.608167">
    <ele>111.75</ele>
  </rtept>
  <rtept lat="42.518593" lon="11.608511">
    <ele>112.0</ele>
  </rtept>
  <rtept lat="42.517977" lon="11.608843">
    <ele>109.25</ele>
  </rtept>
  <rtept lat="42.517651" lon="11.608771">
    <ele>114.25</ele>
  </rtept>
  <rtept lat="42.517345" lon="11.608822">
    <ele>115.0</ele>
  </rtept>
  <rtept lat="42.516649" lon="11.609007">
    <ele>111.75</ele>
  </rtept>
  <rtept lat="42.515938" lon="11.609453">
    <ele>113.5</ele>
  </rtept>
  <rtept lat="42.51545" lon="11.609504">
    <ele>116.25</ele>
  </rtept>
  <rtept lat="42.514603" lon="11.610174">
    <ele>122.25</ele>
  </rtept>
  <rtept lat="42.514178" lon="11.610638">
    <ele>120.5</ele>
  </rtept>
  <rtept lat="42.513583" lon="11.611214">
    <ele>118.5</ele>
  </rtept>
  <rtept lat="42.513325" lon="11.611719">
    <ele>115.5</ele>
  </rtept>
  <rtept lat="42.5131" lon="11.612138">
    <ele>114.25</ele>
  </rtept>
  <rtept lat="42.512849" lon="11.612498">
    <ele>114.0</ele>
  </rtept>
  <rtept lat="42.512547" lon="11.6127">
    <ele>115.25</ele>
  </rtept>
  <rtept lat="42.512346" lon="11.612699">
    <ele>116.0</ele>
  </rtept>
  <rtept lat="42.511911" lon="11.612436">
    <ele>119.0</ele>
  </rtept>
  <rtept lat="42.511784" lon="11.612413">
    <ele>119.0</ele>
  </rtept>
  <rtept lat="42.511598" lon="11.612476">
    <ele>118.75</ele>
  </rtept>
  <rtept lat="42.511272" lon="11.612758">
    <ele>121.25</ele>
  </rtept>
  <rtept lat="42.51058" lon="11.613176">
    <ele>122.75</ele>
  </rtept>
  <rtept lat="42.510192" lon="11.613277">
    <ele>123.5</ele>
  </rtept>
  <rtept lat="42.509938" lon="11.613167">
    <ele>125.25</ele>
  </rtept>
  <rtept lat="42.509249" lon="11.612612">
    <ele>132.25</ele>
  </rtept>
  <rtept lat="42.508734" lon="11.612293">
    <ele>133.25</ele>
  </rtept>
  <rtept lat="42.508194" lon="11.611862">
    <ele>134.0</ele>
  </rtept>
  <rtept lat="42.50791" lon="11.611506">
    <ele>135.5</ele>
  </rtept>
  <rtept lat="42.507511" lon="11.610851">
    <ele>135.0</ele>
  </rtept>
  <rtept lat="42.507261" lon="11.610319">
    <ele>135.5</ele>
  </rtept>
  <rtept lat="42.507062" lon="11.610036">
    <ele>136.5</ele>
  </rtept>
  <rtept lat="42.50689" lon="11.60969">
    <ele>138.0</ele>
  </rtept>
  <rtept lat="42.506701" lon="11.60951">
    <ele>138.5</ele>
  </rtept>
  <rtept lat="42.506291" lon="11.60936">
    <ele>140.75</ele>
  </rtept>
  <rtept lat="42.506159" lon="11.609259">
    <ele>141.5</ele>
  </rtept>
  <rtept lat="42.506075" lon="11.609284">
    <ele>141.25</ele>
  </rtept>
  <rtept lat="42.505959" lon="11.609524">
    <ele>143.0</ele>
  </rtept>
  <rtept lat="42.505907" lon="11.609729">
    <ele>146.0</ele>
  </rtept>
  <rtept lat="42.505927" lon="11.609833">
    <ele>147.5</ele>
  </rtept>
  <rtept lat="42.506155" lon="11.610436">
    <ele>148.5</ele>
  </rtept>
  <rtept lat="42.506923" lon="11.611823">
    <ele>163.0</ele>
  </rtept>
  <rtept lat="42.507043" lon="11.612241">
    <ele>164.25</ele>
  </rtept>
  <rtept lat="42.507061" lon="11.612456">
    <ele>166.0</ele>
  </rtept>
  <rtept lat="42.507001" lon="11.612803">
    <ele>168.25</ele>
  </rtept>
  <rtept lat="42.506825" lon="11.613066">
    <ele>171.5</ele>
  </rtept>
  <rtept lat="42.505909" lon="11.613383">
    <ele>179.25</ele>
  </rtept>
  <rtept lat="42.505594" lon="11.613727">
    <ele>179.25</ele>
  </rtept>
  <rtept lat="42.504537" lon="11.614536">
    <ele>175.75</ele>
  </rtept>
  <rtept lat="42.502933" lon="11.615748">
    <ele>171.25</ele>
  </rtept>
  <rtept lat="42.50201" lon="11.61654">
    <ele>170.5</ele>
  </rtept>
  <rtept lat="42.501393" lon="11.616825">
    <ele>170.75</ele>
  </rtept>
  <rtept lat="42.501346" lon="11.616829">
    <ele>170.75</ele>
  </rtept>
  <rtept lat="42.501279" lon="11.617">
    <ele>170.0</ele>
  </rtept>
  <rtept lat="42.501178" lon="11.617228">
    <ele>169.75</ele>
  </rtept>
  <rtept lat="42.500917" lon="11.617561">
    <ele>167.75</ele>
  </rtept>
  <rtept lat="42.500787" lon="11.617679">
    <ele>167.75</ele>
  </rtept>
  <rtept lat="42.500688" lon="11.617866">
    <ele>167.75</ele>
  </rtept>
  <rtept lat="42.500787" lon="11.617679">
    <ele>167.75</ele>
  </rtept>
  <rtept lat="42.500917" lon="11.617561">
    <ele>167.75</ele>
  </rtept>
  <rtept lat="42.501178" lon="11.617228">
    <ele>169.75</ele>
  </rtept>
  <rtept lat="42.501279" lon="11.617">
    <ele>170.0</ele>
  </rtept>
  <rtept lat="42.501346" lon="11.616829">
    <ele>170.75</ele>
  </rtept>
  <rtept lat="42.500756" lon="11.616888">
    <ele>169.0</ele>
  </rtept>
  <rtept lat="42.499463" lon="11.616879">
    <ele>162.25</ele>
  </rtept>
  <rtept lat="42.498329" lon="11.616693">
    <ele>150.5</ele>
  </rtept>
  <rtept lat="42.498106" lon="11.616692">
    <ele>150.75</ele>
  </rtept>
  <rtept lat="42.497699" lon="11.616702">
    <ele>152.0</ele>
  </rtept>
  <rtept lat="42.496319" lon="11.616553">
    <ele>144.25</ele>
  </rtept>
  <rtept lat="42.496048" lon="11.616621">
    <ele>144.25</ele>
  </rtept>
  <rtept lat="42.495395" lon="11.61692">
    <ele>148.0</ele>
  </rtept>
  <rtept lat="42.494795" lon="11.617078">
    <ele>151.75</ele>
  </rtept>
  <rtept lat="42.494365" lon="11.617015">
    <ele>153.75</ele>
  </rtept>
  <rtept lat="42.493531" lon="11.616675">
    <ele>148.25</ele>
  </rtept>
  <rtept lat="42.493061" lon="11.616526">
    <ele>146.5</ele>
  </rtept>
  <rtept lat="42.492697" lon="11.616631">
    <ele>146.0</ele>
  </rtept>
  <rtept lat="42.492194" lon="11.616728">
    <ele>143.5</ele>
  </rtept>
  <rtept lat="42.492119" lon="11.616658">
    <ele>142.5</ele>
  </rtept>
  <rtept lat="42.491974" lon="11.61638">
    <ele>140.5</ele>
  </rtept>
  <rtept lat="42.491824" lon="11.61617">
    <ele>137.25</ele>
  </rtept>
  <rtept lat="42.491178" lon="11.615022">
    <ele>125.75</ele>
  </rtept>
  <rtept lat="42.490926" lon="11.614373">
    <ele>122.25</ele>
  </rtept>
  <rtept lat="42.490561" lon="11.613632">
    <ele>117.0</ele>
  </rtept>
  <rtept lat="42.49047" lon="11.613462">
    <ele>116.0</ele>
  </rtept>
  <rtept lat="42.490157" lon="11.613429">
    <ele>115.5</ele>
  </rtept>
  <rtept lat="42.489991" lon="11.61359">
    <ele>112.25</ele>
  </rtept>
  <rtept lat="42.489773" lon="11.613911">
    <ele>112.75</ele>
  </rtept>
  <rtept lat="42.489251" lon="11.614249">
    <ele>113.75</ele>
  </rtept>
  <rtept lat="42.488579" lon="11.614775">
    <ele>116.25</ele>
  </rtept>
  <rtept lat="42.488318" lon="11.614936">
    <ele>118.5</ele>
  </rtept>
  <rtept lat="42.488148" lon="11.614947">
    <ele>118.75</ele>
  </rtept>
  <rtept lat="42.487875" lon="11.614829">
    <ele>119.0</ele>
  </rtept>
  <rtept lat="42.487706" lon="11.614674">
    <ele>119.25</ele>
  </rtept>
  <rtept lat="42.487487" lon="11.614292">
    <ele>118.0</ele>
  </rtept>
  <rtept lat="42.487352" lon="11.613954">
    <ele>116.75</ele>
  </rtept>
  <rtept lat="42.486985" lon="11.61359">
    <ele>115.25</ele>
  </rtept>
  <rtept lat="42.486886" lon="11.613418">
    <ele>116.25</ele>
  </rtept>
  <rtept lat="42.486704" lon="11.612946">
    <ele>122.25</ele>
  </rtept>
  <rtept lat="42.486597" lon="11.612742">
    <ele>125.25</ele>
  </rtept>
  <rtept lat="42.48613" lon="11.612436">
    <ele>125.25</ele>
  </rtept>
  <rtept lat="42.48589" lon="11.612088">
    <ele>126.75</ele>
  </rtept>
  <rtept lat="42.485177" lon="11.61102">
    <ele>129.25</ele>
  </rtept>
  <rtept lat="42.485121" lon="11.610918">
    <ele>129.75</ele>
  </rtept>
  <rtept lat="42.485015" lon="11.610907">
    <ele>129.25</ele>
  </rtept>
  <rtept lat="42.484243" lon="11.610988">
    <ele>129.5</ele>
  </rtept>
  <rtept lat="42.483737" lon="11.61095">
    <ele>129.0</ele>
  </rtept>
  <rtept lat="42.483385" lon="11.610784">
    <ele>131.5</ele>
  </rtept>
  <rtept lat="42.482997" lon="11.610838">
    <ele>132.0</ele>
  </rtept>
  <rtept lat="42.482388" lon="11.610999">
    <ele>133.0</ele>
  </rtept>
  <rtept lat="42.481988" lon="11.61102">
    <ele>133.75</ele>
  </rtept>
  <rtept lat="42.481612" lon="11.610923">
    <ele>135.75</ele>
  </rtept>
  <rtept lat="42.481062" lon="11.610805">
    <ele>134.25</ele>
  </rtept>
  <rtept lat="42.480603" lon="11.610966">
    <ele>133.25</ele>
  </rtept>
  <rtept lat="42.479986" lon="11.611272">
    <ele>134.25</ele>
  </rtept>
  <rtept lat="42.479535" lon="11.611288">
    <ele>135.0</ele>
  </rtept>
  <rtept lat="42.479183" lon="11.611192">
    <ele>137.0</ele>
  </rtept>
  <rtept lat="42.478918" lon="11.611084">
    <ele>139.25</ele>
  </rtept>
  <rtept lat="42.478507" lon="11.611095">
    <ele>137.75</ele>
  </rtept>
  <rtept lat="42.477996" lon="11.611122">
    <ele>138.25</ele>
  </rtept>
  <rtept lat="42.47692" lon="11.611235">
    <ele>136.0</ele>
  </rtept>
  <rtept lat="42.475943" lon="11.611347">
    <ele>135.75</ele>
  </rtept>
  <rtept lat="42.475537" lon="11.611514">
    <ele>134.0</ele>
  </rtept>
  <rtept lat="42.474692" lon="11.611835">
    <ele>131.5</ele>
  </rtept>
  <rtept lat="42.473818" lon="11.612248">
    <ele>128.0</ele>
  </rtept>
  <rtept lat="42.473019" lon="11.612586">
    <ele>131.5</ele>
  </rtept>
  <rtept lat="42.47271" lon="11.612683">
    <ele>132.5</ele>
  </rtept>
  <rtept lat="42.472144" lon="11.612747">
    <ele>131.25</ele>
  </rtept>
  <rtept lat="42.471792" lon="11.613037">
    <ele>127.25</ele>
  </rtept>
  <rtept lat="42.471582" lon="11.613042">
    <ele>127.0</ele>
  </rtept>
  <rtept lat="42.471369" lon="11.612919">
    <ele>124.5</ele>
  </rtept>
  <rtept lat="42.47123" lon="11.612817">
    <ele>121.0</ele>
  </rtept>
  <rtept lat="42.471084" lon="11.612629">
    <ele>118.25</ele>
  </rtept>
  <rtept lat="42.471017" lon="11.612576">
    <ele>118.0</ele>
  </rtept>
  <rtept lat="42.470605" lon="11.612645">
    <ele>114.25</ele>
  </rtept>
  <rtept lat="42.470047" lon="11.612527">
    <ele>110.5</ele>
  </rtept>
  <rtept lat="42.468888" lon="11.612581">
    <ele>97.5</ele>
  </rtept>
  <rtept lat="42.46869" lon="11.612619">
    <ele>97.75</ele>
  </rtept>
  <rtept lat="42.4685" lon="11.612613">
    <ele>97.75</ele>
  </rtept>
  <rtept lat="42.468223" lon="11.612645">
    <ele>96.5</ele>
  </rtept>
  <rtept lat="42.467388" lon="11.612662">
    <ele>86.25</ele>
  </rtept>
  <rtept lat="42.467269" lon="11.612731">
    <ele>84.75</ele>
  </rtept>
  <rtept lat="42.467024" lon="11.613069">
    <ele>80.0</ele>
  </rtept>
  <rtept lat="42.466838" lon="11.613262">
    <ele>78.25</ele>
  </rtept>
  <rtept lat="42.466668" lon="11.613386">
    <ele>76.0</ele>
  </rtept>
  <rtept lat="42.466525" lon="11.613354">
    <ele>75.75</ele>
  </rtept>
  <rtept lat="42.466177" lon="11.613053">
    <ele>76.25</ele>
  </rtept>
  <rtept lat="42.46604" lon="11.613038">
    <ele>76.25</ele>
  </rtept>
  <rtept lat="42.465722" lon="11.612973">
    <ele>77.25</ele>
  </rtept>
  <rtept lat="42.465406" lon="11.612828">
    <ele>76.75</ele>
  </rtept>
  <rtept lat="42.464875" lon="11.612758">
    <ele>75.0</ele>
  </rtept>
  <rtept lat="42.464701" lon="11.61279">
    <ele>74.75</ele>
  </rtept>
  <rtept lat="42.464535" lon="11.612887">
    <ele>74.25</ele>
  </rtept>
  <rtept lat="42.464325" lon="11.612924">
    <ele>73.5</ele>
  </rtept>
  <rtept lat="42.463902" lon="11.612806">
    <ele>73.5</ele>
  </rtept>
  <rtept lat="42.463181" lon="11.612914">
    <ele>76.25</ele>
  </rtept>
  <rtept lat="42.462818" lon="11.612955">
    <ele>76.25</ele>
  </rtept>
  <rtept lat="42.462587" lon="11.612939">
    <ele>76.5</ele>
  </rtept>
  <rtept lat="42.462164" lon="11.612955">
    <ele>77.0</ele>
  </rtept>
  <rtept lat="42.462081" lon="11.612951">
    <ele>76.5</ele>
  </rtept>
  <rtept lat="42.461989" lon="11.612932">
    <ele>76.0</ele>
  </rtept>
  <rtept lat="42.461917" lon="11.612902">
    <ele>75.75</ele>
  </rtept>
  <rtept lat="42.461741" lon="11.612804">
    <ele>74.75</ele>
  </rtept>
  <rtept lat="42.461633" lon="11.612728">
    <ele>74.25</ele>
  </rtept>
  <rtept lat="42.461591" lon="11.612717">
    <ele>74.5</ele>
  </rtept>
  <rtept lat="42.461121" lon="11.612789">
    <ele>74.75</ele>
  </rtept>
  <rtept lat="42.460996" lon="11.612785">
    <ele>75.0</ele>
  </rtept>
  <rtept lat="42.460776" lon="11.612734">
    <ele>74.75</ele>
  </rtept>
  <rtept lat="42.460443" lon="11.612621">
    <ele>74.5</ele>
  </rtept>
  <rtept lat="42.46017" lon="11.612584">
    <ele>75.5</ele>
  </rtept>
  <rtept lat="42.459593" lon="11.61255">
    <ele>77.0</ele>
  </rtept>
  <rtept lat="42.459333" lon="11.612528">
    <ele>77.0</ele>
  </rtept>
  <rtept lat="42.458962" lon="11.612484">
    <ele>77.0</ele>
  </rtept>
  <rtept lat="42.458653" lon="11.612488">
    <ele>76.0</ele>
  </rtept>
  <rtept lat="42.458314" lon="11.612557">
    <ele>74.75</ele>
  </rtept>
  <rtept lat="42.458013" lon="11.612564">
    <ele>75.75</ele>
  </rtept>
  <rtept lat="42.457679" lon="11.612616">
    <ele>77.0</ele>
  </rtept>
  <rtept lat="42.45722" lon="11.612739">
    <ele>78.0</ele>
  </rtept>
  <rtept lat="42.457064" lon="11.612772">
    <ele>78.0</ele>
  </rtept>
  <rtept lat="42.456771" lon="11.612747">
    <ele>77.5</ele>
  </rtept>
  <rtept lat="42.456521" lon="11.612656">
    <ele>77.25</ele>
  </rtept>
  <rtept lat="42.45607" lon="11.612454">
    <ele>76.75</ele>
  </rtept>
  <rtept lat="42.454873" lon="11.611667">
    <ele>73.5</ele>
  </rtept>
  <rtept lat="42.454537" lon="11.61139">
    <ele>72.25</ele>
  </rtept>
  <rtept lat="42.453714" lon="11.610581">
    <ele>73.75</ele>
  </rtept>
  <rtept lat="42.453144" lon="11.610091">
    <ele>73.25</ele>
  </rtept>
  <rtept lat="42.453066" lon="11.610032">
    <ele>73.0</ele>
  </rtept>
  <rtept lat="42.452951" lon="11.609995">
    <ele>73.0</ele>
  </rtept>
  <rtept lat="42.452417" lon="11.609878">
    <ele>74.0</ele>
  </rtept>
  <rtept lat="42.452169" lon="11.60976">
    <ele>74.75</ele>
  </rtept>
  <rtept lat="42.451996" lon="11.609638">
    <ele>75.25</ele>
  </rtept>
  <rtept lat="42.451905" lon="11.609521">
    <ele>75.5</ele>
  </rtept>
  <rtept lat="42.451819" lon="11.609377">
    <ele>76.25</ele>
  </rtept>
  <rtept lat="42.451347" lon="11.608433">
    <ele>78.5</ele>
  </rtept>
  <rtept lat="42.451166" lon="11.608108">
    <ele>78.25</ele>
  </rtept>
  <rtept lat="42.4508" lon="11.606668">
    <ele>80.75</ele>
  </rtept>
  <rtept lat="42.450332" lon="11.605112">
    <ele>84.75</ele>
  </rtept>
  <rtept lat="42.450241" lon="11.604909">
    <ele>85.25</ele>
  </rtept>
  <rtept lat="42.450119" lon="11.604765">
    <ele>85.25</ele>
  </rtept>
  <rtept lat="42.449285" lon="11.603875">
    <ele>89.0</ele>
  </rtept>
  <rtept lat="42.449199" lon="11.603806">
    <ele>89.5</ele>
  </rtept>
  <rtept lat="42.44912" lon="11.603784">
    <ele>89.5</ele>
  </rtept>
  <rtept lat="42.448998" lon="11.6038">
    <ele>89.25</ele>
  </rtept>
  <rtept lat="42.448617" lon="11.60395">
    <ele>89.0</ele>
  </rtept>
  <rtept lat="42.446642" lon="11.604655">
    <ele>97.25</ele>
  </rtept>
  <rtept lat="42.446456" lon="11.604661">
    <ele>96.75</ele>
  </rtept>
  <rtept lat="42.446201" lon="11.604885">
    <ele>97.25</ele>
  </rtept>
  <rtept lat="42.444926" lon="11.605721">
    <ele>91.0</ele>
  </rtept>
  <rtept lat="42.443407" lon="11.606744">
    <ele>87.25</ele>
  </rtept>
  <rtept lat="42.442337" lon="11.607474">
    <ele>86.25</ele>
  </rtept>
  <rtept lat="42.441128" lon="11.608614">
    <ele>87.75</ele>
  </rtept>
  <rtept lat="42.439223" lon="11.610387">
    <ele>90.0</ele>
  </rtept>
  <rtept lat="42.438785" lon="11.610814">
    <ele>90.75</ele>
  </rtept>
  <rtept lat="42.436348" lon="11.612756">
    <ele>89.5</ele>
  </rtept>
  <rtept lat="42.435411" lon="11.61365">
    <ele>88.25</ele>
  </rtept>
  <rtept lat="42.432899" lon="11.616065">
    <ele>79.0</ele>
  </rtept>
  <rtept lat="42.432719" lon="11.616266">
    <ele>78.0</ele>
  </rtept>
  <rtept lat="42.432606" lon="11.616453">
    <ele>77.5</ele>
  </rtept>
  <rtept lat="42.432519" lon="11.616662">
    <ele>77.75</ele>
  </rtept>
  <rtept lat="42.432448" lon="11.616716">
    <ele>77.5</ele>
  </rtept>
  <rtept lat="42.432412" lon="11.616813">
    <ele>77.0</ele>
  </rtept>
  <rtept lat="42.4325" lon="11.616975">
    <ele>76.75</ele>
  </rtept>
  <rtept lat="42.432603" lon="11.617007">
    <ele>75.75</ele>
  </rtept>
  <rtept lat="42.432705" lon="11.617338">
    <ele>75.5</ele>
  </rtept>
  <rtept lat="42.43279" lon="11.617698">
    <ele>75.75</ele>
  </rtept>
  <rtept lat="42.432771" lon="11.618274">
    <ele>75.75</ele>
  </rtept>
  <rtept lat="42.432803" lon="11.61862">
    <ele>74.5</ele>
  </rtept>
  <rtept lat="42.432871" lon="11.618657">
    <ele>74.0</ele>
  </rtept>
  <rtept lat="42.432906" lon="11.618685">
    <ele>73.75</ele>
  </rtept>
  <rtept lat="42.432951" lon="11.618719">
    <ele>73.5</ele>
  </rtept>
  <rtept lat="42.433066" lon="11.618846">
    <ele>73.5</ele>
  </rtept>
  <rtept lat="42.433884" lon="11.620092">
    <ele>71.5</ele>
  </rtept>
  <rtept lat="42.433925" lon="11.620177">
    <ele>71.75</ele>
  </rtept>
  <rtept lat="42.43395" lon="11.620277">
    <ele>72.25</ele>
  </rtept>
  <rtept lat="42.433967" lon="11.62039">
    <ele>72.25</ele>
  </rtept>
  <rtept lat="42.434047" lon="11.621693">
    <ele>73.5</ele>
  </rtept>
  <rtept lat="42.434068" lon="11.621832">
    <ele>73.25</ele>
  </rtept>
  <rtept lat="42.434107" lon="11.621954">
    <ele>72.75</ele>
  </rtept>
  <rtept lat="42.434177" lon="11.62209">
    <ele>72.75</ele>
  </rtept>
  <rtept lat="42.43459" lon="11.622801">
    <ele>73.5</ele>
  </rtept>
  <rtept lat="42.434684" lon="11.622951">
    <ele>73.0</ele>
  </rtept>
  <rtept lat="42.435157" lon="11.623537">
    <ele>73.0</ele>
  </rtept>
  <rtept lat="42.435246" lon="11.623615">
    <ele>73.25</ele>
  </rtept>
  <rtept lat="42.435828" lon="11.623961">
    <ele>73.0</ele>
  </rtept>
  <rtept lat="42.435925" lon="11.623993">
    <ele>73.0</ele>
  </rtept>
  <rtept lat="42.436109" lon="11.62403">
    <ele>73.0</ele>
  </rtept>
  <rtept lat="42.43621" lon="11.624074">
    <ele>72.25</ele>
  </rtept>
  <rtept lat="42.436273" lon="11.624134">
    <ele>72.25</ele>
  </rtept>
  <rtept lat="42.436319" lon="11.624192">
    <ele>72.0</ele>
  </rtept>
  <rtept lat="42.436361" lon="11.624286">
    <ele>72.25</ele>
  </rtept>
  <rtept lat="42.43639" lon="11.624395">
    <ele>72.5</ele>
  </rtept>
  <rtept lat="42.436462" lon="11.625004">
    <ele>74.75</ele>
  </rtept>
  <rtept lat="42.436503" lon="11.625149">
    <ele>74.5</ele>
  </rtept>
  <rtept lat="42.436654" lon="11.625546">
    <ele>74.25</ele>
  </rtept>
  <rtept lat="42.436733" lon="11.625698">
    <ele>74.75</ele>
  </rtept>
  <rtept lat="42.436874" lon="11.625904">
    <ele>74.25</ele>
  </rtept>
  <rtept lat="42.437095" lon="11.626171">
    <ele>74.0</ele>
  </rtept>
  <rtept lat="42.437402" lon="11.626497">
    <ele>73.75</ele>
  </rtept>
  <rtept lat="42.437459" lon="11.626582">
    <ele>73.5</ele>
  </rtept>
  <rtept lat="42.437499" lon="11.626697">
    <ele>73.25</ele>
  </rtept>
  <rtept lat="42.437528" lon="11.626843">
    <ele>74.5</ele>
  </rtept>
  <rtept lat="42.437562" lon="11.627115">
    <ele>76.5</ele>
  </rtept>
  <rtept lat="42.437611" lon="11.627295">
    <ele>77.0</ele>
  </rtept>
  <rtept lat="42.4378" lon="11.627586">
    <ele>74.5</ele>
  </rtept>
  <rtept lat="42.437916" lon="11.627687">
    <ele>74.5</ele>
  </rtept>
  <rtept lat="42.438098" lon="11.627791">
    <ele>72.0</ele>
  </rtept>
  <rtept lat="42.438488" lon="11.627897">
    <ele>73.25</ele>
  </rtept>
  <rtept lat="42.438558" lon="11.627902">
    <ele>73.5</ele>
  </rtept>
  <rtept lat="42.438495" lon="11.627998">
    <ele>74.0</ele>
  </rtept>
  <rtept lat="42.438383" lon="11.628104">
    <ele>74.25</ele>
  </rtept>
  <rtept lat="42.43824" lon="11.628133">
    <ele>74.5</ele>
  </rtept>
  <rtept lat="42.438172" lon="11.628125">
    <ele>74.5</ele>
  </rtept>
  <rtept lat="42.437911" lon="11.628042">
    <ele>77.0</ele>
  </rtept>
  <rtept lat="42.437669" lon="11.627989">
    <ele>79.25</ele>
  </rtept>
  <rtept lat="42.437549" lon="11.627985">
    <ele>80.0</ele>
  </rtept>
  <rtept lat="42.437448" lon="11.628058">
    <ele>80.0</ele>
  </rtept>
  <rtept lat="42.437269" lon="11.628067">
    <ele>80.75</ele>
  </rtept>
  <rtept lat="42.43716" lon="11.627994">
    <ele>81.25</ele>
  </rtept>
  <rtept lat="42.437052" lon="11.627944">
    <ele>82.0</ele>
  </rtept>
  <rtept lat="42.436944" lon="11.627914">
    <ele>82.5</ele>
  </rtept>
  <rtept lat="42.436634" lon="11.627856">
    <ele>83.75</ele>
  </rtept>
  <rtept lat="42.436401" lon="11.627773">
    <ele>84.75</ele>
  </rtept>
  <rtept lat="42.436236" lon="11.627705">
    <ele>85.25</ele>
  </rtept>
  <rtept lat="42.436105" lon="11.627682">
    <ele>85.25</ele>
  </rtept>
  <rtept lat="42.435646" lon="11.627632">
    <ele>83.75</ele>
  </rtept>
  <rtept lat="42.435342" lon="11.627554">
    <ele>82.25</ele>
  </rtept>
  <rtept lat="42.435263" lon="11.627543">
    <ele>81.5</ele>
  </rtept>
  <rtept lat="42.435247" lon="11.62754">
    <ele>81.5</ele>
  </rtept>
  <rtept lat="42.435264" lon="11.627675">
    <ele>81.25</ele>
  </rtept>
  <rtept lat="42.435262" lon="11.627756">
    <ele>81.0</ele>
  </rtept>
  <rtept lat="42.435197" lon="11.628162">
    <ele>80.0</ele>
  </rtept>
  <rtept lat="42.435212" lon="11.628252">
    <ele>79.75</ele>
  </rtept>
  <rtept lat="42.435242" lon="11.628324">
    <ele>80.0</ele>
  </rtept>
  <rtept lat="42.435296" lon="11.628375">
    <ele>80.25</ele>
  </rtept>
  <rtept lat="42.435695" lon="11.628522">
    <ele>82.25</ele>
  </rtept>
  <rtept lat="42.435939" lon="11.628696">
    <ele>83.0</ele>
  </rtept>
  <rtept lat="42.436056" lon="11.628806">
    <ele>83.75</ele>
  </rtept>
  <rtept lat="42.436203" lon="11.628972">
    <ele>83.75</ele>
  </rtept>
  <rtept lat="42.436421" lon="11.629188">
    <ele>84.25</ele>
  </rtept>
</rte>
</gpx>
