{"type":"FeatureCollection","features":[{"type":"Feature","properties":{"_gpxType":"trk","name":"2025-04-10 16:46","coordinateProperties":{}},"geometry":{"type":"LineString","coordinates":[[11.628819,42.423765,57.5],[11.628707,42.42379,57.5],[11.628688,42.423802,57.75],[11.62854,42.423801,58.75],[11.628453,42.423813,59],[11.628355,42.423841,59],[11.628294,42.423874,59],[11.627835,42.424272,63.5],[11.627558,42.424428,64.5],[11.627199,42.424678,67],[11.627133,42.42477,67.25],[11.626941,42.424793,68.25],[11.626927,42.424984,68.75],[11.626913,42.425186,69.5],[11.626874,42.425735,71.5],[11.626774,42.426347,70.25],[11.62689,42.426882,71],[11.626955,42.427082,71],[11.627126,42.427406,71.75],[11.627335,42.427815,72.25],[11.627421,42.428102,73],[11.627493,42.42841,73],[11.627506,42.428529,73],[11.627473,42.42877,72.75],[11.627425,42.428948,72.5],[11.62739,42.429033,72.25],[11.627294,42.429274,72],[11.626569,42.430672,73.25],[11.626549,42.430756,73.25],[11.626542,42.430875,73.25],[11.626669,42.430858,72.75],[11.627437,42.430597,71],[11.628157,42.430398,69.5],[11.627437,42.430597,71],[11.626669,42.430858,72.75],[11.626542,42.430875,73.25],[11.626555,42.431274,71.75],[11.6267,42.431298,71],[11.626655,42.431451,70.75],[11.62665,42.431581,70.25],[11.62666,42.431709,70],[11.626834,42.432428,71.25],[11.627031,42.433193,72.5],[11.627081,42.433491,73.5],[11.627439,42.43474,79.25],[11.62754,42.435247,81.5],[11.627543,42.435263,81.5],[11.627554,42.435342,82.25],[11.627632,42.435646,83.75],[11.627682,42.436105,85.25],[11.627705,42.436236,85.25],[11.627773,42.436401,84.75],[11.627856,42.436634,83.75],[11.627914,42.436944,82.5],[11.627944,42.437052,82],[11.627994,42.43716,81.25],[11.628067,42.437269,80.75],[11.628058,42.437448,80],[11.627985,42.437549,80],[11.627989,42.437669,79.25],[11.628042,42.437911,77],[11.628125,42.438172,74.5],[11.628133,42.43824,74.5],[11.628104,42.438383,74.25],[11.627998,42.438495,74],[11.627902,42.438558,73.5],[11.627897,42.438488,73.25],[11.627791,42.438098,72],[11.627687,42.437916,74.5],[11.627586,42.4378,74.5],[11.627295,42.437611,77],[11.627115,42.437562,76.5],[11.626843,42.437528,74.5],[11.626697,42.437499,73.25],[11.626582,42.437459,73.5],[11.626497,42.437402,73.75],[11.626171,42.437095,74],[11.625904,42.436874,74.25],[11.625698,42.436733,74.75],[11.625546,42.436654,74.25],[11.625149,42.436503,74.5],[11.625004,42.436462,74.75],[11.624395,42.43639,72.5],[11.624286,42.436361,72.25],[11.624192,42.436319,72],[11.624134,42.436273,72.25],[11.624074,42.43621,72.25],[11.62403,42.436109,73],[11.623993,42.435925,73],[11.623961,42.435828,73],[11.623615,42.435246,73.25],[11.623537,42.435157,73],[11.622951,42.434684,73],[11.622801,42.43459,73.5],[11.62209,42.434177,72.75],[11.621954,42.434107,72.75],[11.621832,42.434068,73.25],[11.621693,42.434047,73.5],[11.62039,42.433967,72.25],[11.620277,42.43395,72.25],[11.620177,42.433925,71.75],[11.620092,42.433884,71.5],[11.618846,42.433066,73.5],[11.618719,42.432951,73.5],[11.618685,42.432906,73.75],[11.618657,42.432871,74],[11.61862,42.432803,74.5],[11.618622,42.432687,75],[11.618473,42.432704,75.25],[11.618281,42.432704,75.75],[11.618192,42.432694,76],[11.617963,42.432671,76],[11.617275,42.432561,75.75],[11.616975,42.4325,76.75],[11.616813,42.432412,77],[11.616716,42.432448,77.5],[11.616662,42.432519,77.75],[11.616453,42.432606,77.5],[11.616266,42.432719,78],[11.616065,42.432899,79],[11.61365,42.435411,88.25],[11.612756,42.436348,89.5],[11.610814,42.438785,90.75],[11.610387,42.439223,90],[11.608614,42.441128,87.75],[11.607474,42.442337,86.25],[11.606744,42.443407,87.25],[11.605721,42.444926,91],[11.604885,42.446201,97.25],[11.604661,42.446456,96.75],[11.604655,42.446642,97.25],[11.60395,42.448617,89],[11.6038,42.448998,89.25],[11.603784,42.44912,89.5],[11.603806,42.449199,89.5],[11.603875,42.449285,89],[11.604765,42.450119,85.25],[11.604909,42.450241,85.25],[11.605112,42.450332,84.75],[11.606668,42.4508,80.75],[11.608108,42.451166,78.25],[11.608433,42.451347,78.5],[11.609377,42.451819,76.25],[11.609521,42.451905,75.5],[11.609638,42.451996,75.25],[11.60976,42.452169,74.75],[11.609878,42.452417,74],[11.609995,42.452951,73],[11.610032,42.453066,73],[11.610091,42.453144,73.25],[11.610581,42.453714,73.75],[11.61139,42.454537,72.25],[11.611667,42.454873,73.5],[11.612454,42.45607,76.75],[11.612656,42.456521,77.25],[11.612747,42.456771,77.5],[11.612772,42.457064,78],[11.612739,42.45722,78],[11.612616,42.457679,77],[11.612564,42.458013,75.75],[11.612557,42.458314,74.75],[11.612488,42.458653,76],[11.612484,42.458962,77],[11.612528,42.459333,77],[11.61255,42.459593,77],[11.612584,42.46017,75.5],[11.612621,42.460443,74.5],[11.612734,42.460776,74.75],[11.612785,42.460996,75],[11.612789,42.461121,74.75],[11.612717,42.461591,74.5],[11.612728,42.461633,74.25],[11.612804,42.461741,74.75],[11.612902,42.461917,75.75],[11.612932,42.461989,76],[11.612951,42.462081,76.5],[11.612955,42.462164,77],[11.612939,42.462587,76.5],[11.612955,42.462818,76.25],[11.612914,42.463181,76.25],[11.612806,42.463902,73.5],[11.612924,42.464325,73.5],[11.612887,42.464535,74.25],[11.61279,42.464701,74.75],[11.612758,42.464875,75],[11.612828,42.465406,76.75],[11.612973,42.465722,77.25],[11.613038,42.46604,76.25],[11.613053,42.466177,76.25],[11.613354,42.466525,75.75],[11.613386,42.466668,76],[11.613262,42.466838,78.25],[11.613069,42.467024,80],[11.612731,42.467269,84.75],[11.612662,42.467388,86.25],[11.612645,42.468223,96.5],[11.612613,42.4685,97.75],[11.612619,42.46869,97.75],[11.612581,42.468888,97.5],[11.612527,42.470047,110.5],[11.612645,42.470605,114.25],[11.612576,42.471017,118],[11.612629,42.471084,118.25],[11.612817,42.47123,121],[11.612919,42.471369,124.5],[11.613042,42.471582,127],[11.613037,42.471792,127.25],[11.612747,42.472144,131.25],[11.612683,42.47271,132.5],[11.612586,42.473019,131.5],[11.612248,42.473818,128],[11.611835,42.474692,131.5],[11.611514,42.475537,134],[11.611347,42.475943,135.75],[11.611235,42.47692,136],[11.611122,42.477996,138.25],[11.611095,42.478507,137.75],[11.611084,42.478918,139.25],[11.611192,42.479183,137],[11.611288,42.479535,135],[11.611272,42.479986,134.25],[11.610966,42.480603,133.25],[11.610805,42.481062,134.25],[11.610923,42.481612,135.75],[11.61102,42.481988,133.75],[11.610999,42.482388,133],[11.610838,42.482997,132],[11.610784,42.483385,131.5],[11.61095,42.483737,129],[11.610988,42.484243,129.5],[11.610907,42.485015,129.25],[11.610918,42.485121,129.75],[11.61102,42.485177,129.25],[11.612088,42.48589,126.75],[11.612436,42.48613,125.25],[11.612742,42.486597,125.25],[11.612946,42.486704,122.25],[11.613418,42.486886,116.25],[11.61359,42.486985,115.25],[11.613954,42.487352,116.75],[11.614292,42.487487,118],[11.614674,42.487706,119.25],[11.614829,42.487875,119],[11.614947,42.488148,118.75],[11.614936,42.488318,118.5],[11.614775,42.488579,116.25],[11.614249,42.489251,113.75],[11.614158,42.489391,112.75],[11.613911,42.489773,112.75],[11.61359,42.489991,112.25],[11.613429,42.490157,115.5],[11.613462,42.49047,116],[11.613632,42.490561,117],[11.614373,42.490926,122.25],[11.615022,42.491178,125.75],[11.61617,42.491824,137.25],[11.61638,42.491974,140.5],[11.616658,42.492119,142.5],[11.616728,42.492194,143.5],[11.616631,42.492697,146],[11.616526,42.493061,146.5],[11.616675,42.493531,148.25],[11.617015,42.494365,153.75],[11.617078,42.494795,151.75],[11.61692,42.495395,148],[11.616621,42.496048,144.25],[11.616553,42.496319,144.25],[11.616702,42.497699,152],[11.616692,42.498106,150.75],[11.616693,42.498329,150.5],[11.616879,42.499463,162.25],[11.616888,42.500756,169],[11.616829,42.501346,170.75],[11.616825,42.501393,170.75],[11.61654,42.50201,170.5],[11.615748,42.502933,171.25],[11.614536,42.504537,175.75],[11.613727,42.505594,179.25],[11.613383,42.505909,179.25],[11.613066,42.506825,171.5],[11.612803,42.507001,168.25],[11.612456,42.507061,166],[11.612241,42.507043,164.25],[11.611823,42.506923,163],[11.610436,42.506155,148.5],[11.609833,42.505927,147.5],[11.609729,42.505907,146],[11.609524,42.505959,143],[11.609284,42.506075,141.25],[11.609259,42.506159,141.5],[11.60936,42.506291,140.75],[11.60951,42.506701,138.5],[11.60969,42.50689,138],[11.610036,42.507062,136.5],[11.610319,42.507261,135.5],[11.610851,42.507511,135],[11.611506,42.50791,135.5],[11.611862,42.508194,134],[11.612293,42.508734,133.25],[11.612612,42.509249,132.25],[11.613167,42.509938,125.25],[11.613277,42.510192,123.5],[11.613176,42.51058,122.75],[11.612758,42.511272,121.25],[11.612476,42.511598,118.75],[11.612413,42.511784,119],[11.612436,42.511911,119],[11.612699,42.512346,116],[11.6127,42.512547,115.25],[11.612498,42.512849,114],[11.612138,42.5131,114.25],[11.611719,42.513325,115.5],[11.611214,42.513583,118.5],[11.610638,42.514178,120.5],[11.610174,42.514603,122.25],[11.61006,42.514746,116.25],[11.609504,42.51545,116.25],[11.609453,42.515938,113.5],[11.609007,42.516649,111.75],[11.608822,42.517345,115],[11.608771,42.517651,114.25],[11.608843,42.517977,109.25],[11.608511,42.518593,112],[11.608167,42.51887,111.75],[11.607577,42.519194,114.75],[11.607159,42.51955,109.25],[11.606687,42.519977,106.5],[11.606408,42.520341,103.5],[11.606184,42.52083,98],[11.606239,42.520882,97.75],[11.606272,42.521034,98.75],[11.606234,42.521544,104.5],[11.606273,42.521895,105.25],[11.606457,42.522281,104.25],[11.606549,42.522844,105.5],[11.606052,42.524018,111.25],[11.606082,42.52422,110.25],[11.606178,42.524724,108.25],[11.606104,42.525096,105.25],[11.604796,42.525925,103.5],[11.603951,42.526256,109.25],[11.603382,42.526591,108.25],[11.603091,42.526722,108.25],[11.602923,42.526777,110],[11.602276,42.526992,110],[11.601804,42.527127,115.5],[11.601697,42.527183,116.25],[11.60153,42.527284,115.75],[11.601335,42.527329,117.75],[11.601198,42.527394,118],[11.601117,42.527398,119.25],[11.600967,42.527438,119.75],[11.599454,42.528188,117],[11.598989,42.528271,120.75],[11.59863,42.528504,120.5],[11.597909,42.52901,119.25],[11.597157,42.529299,120],[11.595925,42.529396,119.75],[11.595235,42.529753,119.5],[11.593784,42.53,116.25],[11.593317,42.530231,117.25],[11.59203,42.531129,117.25],[11.590416,42.53216,128],[11.589931,42.533023,123.5],[11.589875,42.533211,123.5],[11.589899,42.533533,121],[11.5899,42.533594,118.25],[11.589907,42.533853,118.25],[11.589855,42.534286,114.5],[11.589824,42.534381,113.5],[11.589687,42.534577,113.25],[11.589024,42.535193,109.75],[11.588262,42.535924,109.75],[11.588184,42.536028,109.75],[11.58809,42.536206,110],[11.587976,42.536818,111.75],[11.587948,42.536889,111.75],[11.587906,42.536965,111.5],[11.587831,42.53703,111],[11.587712,42.537096,110.75],[11.586735,42.537535,111.5],[11.586544,42.537627,111.75],[11.586394,42.53772,111.75],[11.586294,42.5378,111.5],[11.585036,42.539104,108.25],[11.584942,42.539189,107.25],[11.584763,42.539302,106.5],[11.584638,42.539348,106.75],[11.58163,42.540099,109.75],[11.579905,42.540543,112],[11.578848,42.540804,114.75],[11.578551,42.540884,114.75],[11.577986,42.541024,120.25],[11.576212,42.541464,120.25],[11.575332,42.54169,124],[11.5752,42.541724,125.25],[11.574871,42.541798,129.5],[11.574646,42.541808,131.5],[11.574501,42.541778,132.25],[11.574131,42.541648,134],[11.573926,42.541599,136],[11.573796,42.54143,134],[11.57385,42.54124,129.75],[11.573764,42.541027,126.25],[11.573485,42.540798,123.75],[11.573394,42.540477,121],[11.573464,42.540276,121],[11.573131,42.539952,125.25],[11.57297,42.539628,131.25],[11.57311,42.539153,138.5],[11.573099,42.538932,142.5],[11.572841,42.53864,146.5],[11.572541,42.538268,154],[11.571972,42.53815,157.5],[11.571457,42.538157,161.75],[11.571018,42.538252,163.5],[11.570803,42.538189,166.5],[11.569859,42.538078,170],[11.569526,42.537896,172.5],[11.569322,42.537659,175.75],[11.56929,42.537565,177.25],[11.568893,42.53758,177],[11.568148,42.537489,184.75],[11.567949,42.537592,187.75],[11.567732,42.537812,189.25],[11.56752,42.537928,190.75],[11.567274,42.538014,193.75],[11.566939,42.538034,197.5],[11.566754,42.538024,198.5],[11.566399,42.538056,199.75],[11.566118,42.538005,203.25],[11.565782,42.537928,203.75],[11.565496,42.537787,204],[11.565244,42.53757,205.5],[11.565158,42.53755,206],[11.565051,42.537558,205.75],[11.564965,42.537601,205.25],[11.564898,42.537661,205],[11.564828,42.537827,203],[11.564777,42.537867,203],[11.564557,42.537931,204.75],[11.564492,42.537924,205.75],[11.564146,42.537818,211.75],[11.564034,42.537811,214],[11.563951,42.537842,215],[11.563852,42.537924,216],[11.563463,42.538325,220.75],[11.563314,42.538521,223.5],[11.563185,42.538616,225.5],[11.563035,42.538608,227.5],[11.562997,42.538557,227.75],[11.562971,42.538521,228],[11.562949,42.538221,231.25],[11.562666,42.537469,242],[11.562601,42.537333,243.5],[11.562611,42.537296,243.75],[11.562672,42.537065,245.5],[11.562789,42.5369,246.75],[11.562944,42.536773,247.25],[11.562978,42.53674,248.75],[11.563085,42.536641,248.75],[11.56308,42.536159,256],[11.563152,42.536025,257.5],[11.563499,42.535781,260],[11.563541,42.535698,262.25],[11.563511,42.535575,265.75],[11.563406,42.535527,266.5],[11.563191,42.535476,267.5],[11.563117,42.535443,268],[11.563008,42.535382,268.5],[11.562744,42.53514,270.25],[11.562617,42.534992,271.75],[11.562506,42.534906,273.5],[11.562398,42.534801,275.5],[11.56227,42.534683,277.75],[11.562174,42.534614,279.25],[11.562058,42.534493,281.5],[11.561941,42.534384,283.5],[11.561861,42.534344,283.25],[11.561799,42.534326,283],[11.561712,42.534339,282.25],[11.561522,42.534329,280.75],[11.561378,42.534298,280],[11.561148,42.534195,281.75],[11.56096,42.534128,283.25],[11.560826,42.534103,284],[11.560605,42.534092,285.75],[11.560327,42.534043,288.25],[11.560154,42.533993,289],[11.559942,42.533969,290.5],[11.559582,42.533901,292.75],[11.55903,42.533848,294.75],[11.558665,42.533816,299.25],[11.558459,42.533785,301.25],[11.558257,42.533728,303],[11.558046,42.533678,304],[11.557719,42.533512,306.25],[11.557225,42.533321,307],[11.55697,42.533218,309.25],[11.556789,42.533141,311.75],[11.556681,42.533082,313.5],[11.556562,42.532969,311.75],[11.55661,42.532833,310.5],[11.556625,42.532741,309.75],[11.556549,42.532679,309.25],[11.556488,42.532589,308.75],[11.556404,42.53242,308.5],[11.556337,42.532339,308.75],[11.556217,42.532256,309],[11.556073,42.532175,309.5],[11.555748,42.532058,311.25],[11.55563,42.532062,311.25],[11.555415,42.532137,310],[11.555317,42.532143,310],[11.55514,42.532133,310],[11.554828,42.532101,309.25],[11.554637,42.53209,309.25],[11.554536,42.53209,309.5],[11.554387,42.5321,310.5],[11.554252,42.532172,311.25],[11.554041,42.532359,311.5],[11.553936,42.53243,311.5],[11.553759,42.532521,311.5],[11.553581,42.532601,312.25],[11.553475,42.532642,312.25],[11.5531,42.532893,310.5],[11.552827,42.533049,309],[11.552544,42.533201,307.25],[11.552332,42.533332,306.75],[11.552063,42.533526,305.75],[11.55191,42.533654,305.75],[11.551089,42.534114,306.5],[11.550815,42.534245,306],[11.550369,42.534436,304.5],[11.550126,42.534519,302.75],[11.549951,42.534598,301.5],[11.549497,42.534828,297],[11.549066,42.535,294.5],[11.548477,42.535156,292.75],[11.548352,42.5352,292],[11.548266,42.535267,291.5],[11.548272,42.53533,290.75],[11.548415,42.535518,289.75],[11.548501,42.535617,289],[11.548595,42.535781,286.75],[11.548772,42.53628,278.75],[11.54882,42.536471,274.75],[11.548821,42.536547,273.5],[11.548791,42.536654,271.5],[11.548701,42.536808,269],[11.548636,42.537099,264.25],[11.548573,42.537202,262],[11.548436,42.537296,260.25],[11.548102,42.53749,257.25],[11.547999,42.537537,256.5],[11.547837,42.537584,255.5],[11.547656,42.537626,254.25],[11.54748,42.537698,252.75],[11.547305,42.537784,251.75],[11.547167,42.53786,251.25],[11.546939,42.538041,248],[11.546821,42.53815,247.75],[11.546703,42.538194,246.75],[11.546595,42.5382,245.5],[11.546451,42.538133,244.5],[11.546292,42.538069,242.25],[11.54591,42.537946,233.75],[11.54574,42.537907,232],[11.545637,42.537904,231.75],[11.54558,42.53794,232.25],[11.54556,42.538004,233],[11.545584,42.538103,234],[11.545666,42.538317,234.25],[11.545698,42.538454,235],[11.545714,42.538745,237.25],[11.545693,42.538824,238],[11.545644,42.538892,239.25],[11.545582,42.538939,240],[11.545486,42.538936,240.75],[11.545327,42.538868,242.5],[11.545231,42.538755,243.75],[11.544977,42.538561,248],[11.544794,42.538401,249.75],[11.544722,42.538327,250.75],[11.544626,42.53826,251],[11.544501,42.538214,251.75],[11.544401,42.538196,252.5],[11.544266,42.538214,253.25],[11.544108,42.538221,253.5],[11.54393,42.53826,253.25],[11.543743,42.538271,253.75],[11.543642,42.538295,253.5],[11.543388,42.538299,254.5],[11.543272,42.538281,255.75],[11.543008,42.538253,258.25],[11.54285,42.538247,259.25],[11.542623,42.53829,259.5],[11.542305,42.538388,260.75],[11.542206,42.538486,260.75],[11.541966,42.538603,261],[11.541664,42.538677,263.25],[11.541443,42.538723,265.25],[11.541069,42.538844,266],[11.540939,42.538907,265.25],[11.540809,42.539141,264.75],[11.54066,42.539488,264.75],[11.540507,42.539802,263.75],[11.540219,42.540471,264],[11.540079,42.540775,264],[11.539681,42.541745,257.25],[11.539551,42.542003,254.5],[11.53947,42.542233,252.25],[11.53914,42.542926,250.25],[11.539204,42.542987,250.75],[11.539349,42.543099,252],[11.539548,42.543255,252],[11.540761,42.543876,251.5],[11.541827,42.544465,257],[11.542012,42.544544,258.5],[11.542702,42.544817,261.25],[11.542449,42.545423,256.75],[11.541762,42.545922,251.5],[11.541181,42.545972,248.75],[11.541023,42.546216,247.5],[11.54026,42.547559,243.5],[11.539957,42.548422,240.75],[11.539587,42.549076,242.25],[11.539069,42.549787,247],[11.53892,42.550106,246.75],[11.538987,42.551206,244],[11.538872,42.551973,239.75],[11.53869,42.552825,238.75],[11.538555,42.553558,233.25],[11.53856,42.553862,231.75],[11.538834,42.554714,232],[11.538933,42.555217,231],[11.538985,42.555227,231],[11.539384,42.555396,228.5],[11.538985,42.555227,231],[11.538933,42.555217,231],[11.538823,42.555373,229.75],[11.538539,42.555582,227.75],[11.538123,42.555823,225.75],[11.537996,42.555907,226.5],[11.537071,42.558296,234],[11.537066,42.558523,234],[11.536557,42.559874,231.75],[11.536144,42.560365,233.75],[11.53613,42.560864,234.75],[11.536082,42.561062,235],[11.536202,42.561472,236.75],[11.536173,42.561665,238.25],[11.536101,42.56214,241.75],[11.536067,42.562501,244],[11.535933,42.563343,250.5],[11.535813,42.56416,253.75],[11.535837,42.564722,257.75],[11.535991,42.565217,262],[11.535981,42.565701,266.25],[11.535933,42.56632,269.75],[11.535765,42.566663,270],[11.535386,42.567091,275],[11.534934,42.567664,280.25],[11.534632,42.56812,282],[11.534584,42.568343,282.25],[11.534656,42.568516,282.25],[11.534915,42.568806,282.5],[11.535057,42.56904,282],[11.535186,42.569505,285],[11.535207,42.569644,285.5],[11.535199,42.569718,285.75],[11.535218,42.569891,286.25],[11.535198,42.570024,286.5],[11.535119,42.57014,287.25],[11.53497,42.570274,288.75],[11.534888,42.57031,289.25],[11.535057,42.570479,289.25],[11.535708,42.571154,289.75],[11.536093,42.571526,290.5],[11.53651,42.571965,289.5],[11.536582,42.572042,290.5],[11.536755,42.572095,289.5],[11.536948,42.572123,287.5],[11.537136,42.572106,285.5],[11.536948,42.572123,287.5],[11.536755,42.572095,289.5],[11.536582,42.572042,290.5],[11.535787,42.571744,294.25],[11.535557,42.571664,294.75],[11.535565,42.571763,296.5],[11.536115,42.572573,304],[11.53633,42.573007,308.5],[11.53571,42.573504,316.25],[11.535582,42.573569,317.5],[11.535472,42.573578,318.5],[11.535034,42.57344,322.25],[11.534818,42.573405,324.25],[11.534687,42.573412,326],[11.534577,42.573506,328.25],[11.534398,42.573744,331],[11.534267,42.574053,333.5],[11.534157,42.574847,341.75],[11.533989,42.575453,344],[11.533849,42.575723,346],[11.533673,42.575933,347.75],[11.533285,42.576276,352.5],[11.533029,42.576519,354.5],[11.532848,42.576766,356.75],[11.532265,42.577187,362.25],[11.532102,42.577293,364],[11.532061,42.577347,364.5],[11.531988,42.577391,365],[11.531933,42.577476,365.5],[11.531808,42.577792,368],[11.531702,42.578148,371.75],[11.531551,42.578339,372.25],[11.531361,42.578487,374.25],[11.53128,42.578526,374.75],[11.531116,42.578567,374.75],[11.530615,42.57862,372.5],[11.530414,42.578677,370.75],[11.530285,42.578786,370.25],[11.53018,42.578916,369.25],[11.530015,42.579076,368.25],[11.529552,42.579447,368.75],[11.529348,42.579618,367.5],[11.529212,42.579792,364.5],[11.529111,42.579997,362],[11.528965,42.580193,360],[11.528652,42.580528,356.5],[11.528553,42.580711,355.75],[11.528451,42.580945,355.75],[11.528312,42.581103,355.5],[11.527893,42.581348,354.75],[11.527561,42.581554,356],[11.526651,42.58205,354.5],[11.526069,42.582376,356.5],[11.525801,42.582498,358.25],[11.525819,42.582912,362],[11.525797,42.583077,363.25],[11.525734,42.583228,363.75],[11.525603,42.583395,363.75],[11.526128,42.583454,359.5],[11.526226,42.583504,358.5],[11.526128,42.583454,359.5],[11.525603,42.583395,363.75],[11.52511,42.583859,367.25],[11.52448,42.584381,375.75],[11.524076,42.584594,377.5],[11.523155,42.585022,384.5],[11.522773,42.585172,388.5],[11.522397,42.585255,385.75],[11.521798,42.585308,386.5],[11.521424,42.585259,389],[11.521182,42.585138,388.25],[11.520666,42.584754,387.25],[11.520174,42.584517,385.5],[11.519902,42.584517,384.25],[11.519697,42.58461,383.5],[11.519539,42.584763,382.75],[11.519534,42.584963,383],[11.519767,42.586769,384.75],[11.519802,42.587178,388.5],[11.519767,42.58742,391.25],[11.519648,42.587692,392],[11.519481,42.587956,391.75],[11.519435,42.588038,391.75],[11.519297,42.588128,391],[11.519216,42.588184,390.25],[11.519173,42.588193,390],[11.519134,42.58821,390],[11.518967,42.588164,390.5],[11.518791,42.588113,391.5],[11.518529,42.588044,393.25],[11.518441,42.588006,393.75],[11.518216,42.587818,394.5],[11.518191,42.587797,394.5],[11.518159,42.587771,394.75],[11.517813,42.587239,394.25],[11.517676,42.58703,394],[11.517486,42.586872,394.75],[11.517383,42.586798,395.75],[11.517346,42.586775,397.5],[11.517383,42.586798,395.75],[11.517486,42.586872,394.75],[11.517676,42.58703,394],[11.517813,42.587239,394.25],[11.518159,42.587771,394.75],[11.518191,42.587797,394.5],[11.518216,42.587818,394.5],[11.518441,42.588006,393.75],[11.518529,42.588044,393.25],[11.518791,42.588113,391.5],[11.518967,42.588164,390.5],[11.519024,42.588251,390.5],[11.519072,42.588312,390.25],[11.519098,42.588372,390],[11.519126,42.588396,389.75],[11.519181,42.58842,389.75],[11.519286,42.588574,390.25],[11.519339,42.588699,390],[11.519411,42.589016,388.25],[11.519516,42.589416,387.75],[11.519551,42.589505,387.75],[11.519656,42.589724,388.25],[11.519499,42.589807,386.5],[11.519325,42.58985,385],[11.519439,42.590171,385.75],[11.519618,42.590459,383.25],[11.519673,42.590704,381.5],[11.519684,42.591075,381],[11.519658,42.591177,380.75],[11.519601,42.591276,380.75],[11.519405,42.591473,381],[11.519524,42.591457,380.5],[11.519874,42.591266,379.5],[11.520104,42.591153,378],[11.52024,42.591134,377],[11.520305,42.591612,374.75],[11.520352,42.591902,373.5],[11.519532,42.59195,377.75],[11.519295,42.592008,377.25],[11.519403,42.592618,365.5],[11.519552,42.59261,366.5],[11.520284,42.592532,371.75],[11.520443,42.592536,371.75],[11.520493,42.592908,371.5],[11.5206,42.593048,371.75],[11.52064,42.593099,372],[11.52065,42.593111,372],[11.52068,42.593158,372.25],[11.520705,42.593179,372.25],[11.520742,42.593211,372.25],[11.52105,42.593669,385.75],[11.521488,42.594322,385.75],[11.521662,42.594579,390.75],[11.52179,42.594837,396],[11.521907,42.595406,400.25],[11.522013,42.59584,403.25],[11.52187,42.596301,408.5],[11.521697,42.596733,411.25],[11.521255,42.597527,412.25],[11.521079,42.597869,415],[11.521031,42.597933,415],[11.520744,42.598392,416.75],[11.520364,42.598872,420.25],[11.519889,42.599346,423.75],[11.519744,42.599569,424.75],[11.5192,42.600789,432],[11.518981,42.601175,432.75],[11.518117,42.60288,432.25],[11.517776,42.60335,435.75],[11.517298,42.603707,435],[11.516164,42.604496,432.25],[11.5148,42.605593,418.5],[11.513034,42.606985,418.25],[11.512668,42.607293,417.75],[11.512541,42.607527,415.25],[11.512572,42.608047,414.5],[11.512513,42.608245,414.5],[11.512424,42.608415,413.75],[11.512209,42.608651,412],[11.511493,42.609219,404.5],[11.510941,42.609507,397.25],[11.510378,42.609715,395],[11.50973,42.609792,389.75],[11.508932,42.609826,380.5],[11.508677,42.609922,376.5],[11.507888,42.610621,369.5],[11.507306,42.611089,367.25],[11.507107,42.611408,364.5],[11.506912,42.611758,364.75],[11.506993,42.611802,364.25],[11.507082,42.612001,363.5],[11.507006,42.612353,361],[11.50702,42.612503,358.75],[11.507161,42.612669,357.75],[11.507236,42.61313,350],[11.507196,42.613554,344.25],[11.507216,42.613723,343],[11.507253,42.61383,342.25],[11.507259,42.613892,341.75],[11.507292,42.614489,343],[11.507429,42.614733,345],[11.507531,42.614864,345.25],[11.507649,42.615178,346.75],[11.507824,42.615787,349.75],[11.507719,42.616136,346.25],[11.507783,42.616272,345.25],[11.508174,42.616453,341.5],[11.50819,42.616652,339.5],[11.508435,42.61683,333.5],[11.508496,42.616966,330.5],[11.508394,42.617064,330.5],[11.508343,42.617738,317.5],[11.508842,42.617761,306.25],[11.50931,42.617573,299.5],[11.509727,42.617266,296.25],[11.509814,42.617364,293.25],[11.510012,42.617384,289.25],[11.510053,42.617513,286.75],[11.509806,42.618419,277.25],[11.510334,42.618026,272.5],[11.510553,42.617777,274],[11.510715,42.617491,278],[11.511193,42.617536,280],[11.511257,42.61765,278.25],[11.511305,42.617738,276.75],[11.511203,42.618038,270.5],[11.511152,42.618547,259.75],[11.511132,42.619109,257.5],[11.511224,42.619498,253.75],[11.511417,42.61976,250],[11.511885,42.619903,253.75],[11.512638,42.619955,262.25],[11.513351,42.62003,258.5],[11.513738,42.62018,256.5],[11.514053,42.62033,254.75],[11.514186,42.620449,253.5],[11.514603,42.620529,251],[11.514694,42.620547,250.25],[11.515121,42.62078,246],[11.515575,42.62101,242.5],[11.515238,42.621498,240.75],[11.514608,42.622047,240],[11.514023,42.622465,239.75],[11.513927,42.622535,239.75],[11.513735,42.623099,239],[11.513564,42.623702,241.5],[11.513421,42.623848,241],[11.513061,42.62414,240.75],[11.512795,42.624317,241.5],[11.51251,42.624484,242],[11.510645,42.625484,245.25],[11.50955,42.626134,249],[11.507491,42.627421,251.5],[11.507221,42.627645,251.5],[11.506955,42.627962,252],[11.506777,42.628423,252],[11.506702,42.629345,253],[11.506543,42.631055,240],[11.506433,42.631167,238],[11.506264,42.631211,235.75],[11.505712,42.631306,229],[11.505459,42.631337,228],[11.503261,42.632021,222.25],[11.500841,42.632767,215.5],[11.500466,42.632883,215.5],[11.500406,42.632901,215.5],[11.500299,42.632765,216],[11.500198,42.632597,216.25],[11.500148,42.632432,217],[11.5001,42.632178,219.5],[11.499944,42.632414,216.5],[11.499607,42.63317,212],[11.499329,42.633663,210.5],[11.498737,42.63459,214.25],[11.498254,42.635119,217],[11.497804,42.635308,215.25],[11.496902,42.636161,209],[11.496495,42.636855,201.25],[11.496087,42.63736,197.75],[11.493812,42.638371,187.5],[11.492004,42.639067,185],[11.491989,42.639073,185],[11.4914,42.639186,184.75],[11.491201,42.639428,185],[11.491058,42.639821,184.5],[11.490762,42.640335,183.5],[11.490583,42.640549,183],[11.490345,42.640807,183],[11.490187,42.641113,182.5],[11.49004,42.641227,182],[11.489788,42.641515,181],[11.48962,42.641902,178.5],[11.489605,42.642123,176.75],[11.489512,42.642225,175.25],[11.489242,42.642271,173],[11.488887,42.642282,171.25],[11.488756,42.642333,169.5],[11.488725,42.643275,155.25],[11.488738,42.64369,151],[11.488665,42.644169,145.25],[11.488719,42.644399,142.75],[11.488739,42.644586,141.25],[11.488967,42.645119,136.25],[11.489056,42.645414,133.25],[11.489128,42.64579,129.25],[11.489229,42.646203,124.5],[11.489192,42.64629,123.75],[11.489116,42.646335,123],[11.488968,42.646333,122.25],[11.488247,42.646293,119.5],[11.487958,42.646323,117.5],[11.487799,42.646465,116.25],[11.487771,42.646582,116.5],[11.487763,42.646627,116.75],[11.487763,42.646736,117],[11.487111,42.648993,123.25],[11.487097,42.649059,124],[11.487176,42.64915,124.75],[11.488259,42.649501,124.5],[11.488552,42.649564,125.5],[11.488812,42.649621,125.5],[11.488953,42.649658,126.5],[11.489541,42.649817,127.75],[11.490035,42.649823,124.5],[11.490059,42.649823,124.5],[11.490134,42.649785,124.75],[11.490458,42.649383,121],[11.490559,42.649397,121.25],[11.490737,42.649437,121.25],[11.490885,42.649463,121.25],[11.49115,42.649466,120.5],[11.491285,42.649476,120.5],[11.491391,42.649494,120.75],[11.491596,42.649659,122.5],[11.491823,42.649793,122.5],[11.492181,42.650133,122.25],[11.492213,42.650148,122],[11.492254,42.650158,122.25],[11.49229,42.650159,122.5],[11.492599,42.650103,123.25],[11.492777,42.65008,124.25],[11.493235,42.650064,128.75],[11.493349,42.650082,129.5],[11.493457,42.650112,129.75],[11.493606,42.650176,130],[11.494076,42.650481,133.75],[11.49461,42.650878,141.25],[11.494645,42.650939,142.25],[11.494653,42.651033,143.75],[11.49463,42.651122,145],[11.49421,42.651675,149.5],[11.494137,42.65183,150.5],[11.494108,42.65204,151.5],[11.494145,42.652273,153],[11.494278,42.652794,153.5],[11.49445,42.654043,157],[11.494426,42.65441,159],[11.494428,42.654516,160],[11.494544,42.654648,161.25],[11.494893,42.655194,169.5],[11.494968,42.65536,170.75],[11.495006,42.655539,171.75],[11.494968,42.655806,171.5],[11.494882,42.656061,172.5],[11.494873,42.656218,173.25],[11.494922,42.656355,173],[11.495082,42.656561,174.75],[11.495204,42.656745,177.25],[11.495318,42.656998,181.25],[11.495381,42.657221,182.75],[11.495393,42.657822,179],[11.495351,42.657941,178.25],[11.495297,42.658051,177.75],[11.495339,42.658138,177],[11.495357,42.658229,176.75],[11.495407,42.658615,176.5],[11.495499,42.658773,175.5],[11.495691,42.658697,174.75],[11.496035,42.658509,173.75],[11.496474,42.658236,172.75],[11.496909,42.65806,172.75],[11.498083,42.657731,167.5],[11.500321,42.656991,161],[11.500885,42.656611,165.5],[11.501127,42.656496,166],[11.501689,42.656315,166.25],[11.502198,42.656146,170.75],[11.502501,42.656097,170.75],[11.502908,42.656105,169.75],[11.504061,42.65626,167],[11.504322,42.656261,167.5],[11.504614,42.656306,166.25],[11.504864,42.656358,164],[11.505086,42.656381,160.5],[11.504864,42.656358,164],[11.504614,42.656306,166.25],[11.504322,42.656261,167.5],[11.504061,42.65626,167],[11.503946,42.65684,172.75],[11.503581,42.657846,185.75],[11.503455,42.658632,196.75],[11.503465,42.659213,205.25],[11.50351,42.659394,208],[11.503585,42.659584,210],[11.503623,42.659808,213],[11.503677,42.660242,218],[11.503762,42.660691,226.25],[11.50387,42.660834,229],[11.503795,42.660944,232.25],[11.503913,42.66111,235.75],[11.504084,42.661717,247.25],[11.504317,42.662123,256.25],[11.504359,42.662247,259.25],[11.504391,42.662378,263.25],[11.504453,42.662423,264.25],[11.504552,42.66245,264.25],[11.504742,42.662482,263.25],[11.50483,42.662525,263],[11.504951,42.662767,267.5],[11.505006,42.662856,269.25],[11.505112,42.662929,270],[11.505207,42.662977,270.25],[11.505343,42.663015,269.25],[11.50543,42.663058,269.25],[11.505443,42.663132,272],[11.50543,42.663169,273.75],[11.505511,42.663319,277.5],[11.505574,42.663545,284.75],[11.505623,42.663767,287.5],[11.505633,42.663885,288.5],[11.505623,42.663982,289.25],[11.505513,42.66412,291],[11.505491,42.664201,291],[11.505479,42.6643,291.25],[11.505582,42.664387,290.75],[11.505765,42.66459,290.75],[11.506002,42.664804,291],[11.506268,42.664991,292.25],[11.506077,42.665146,294],[11.506268,42.664991,292.25],[11.506002,42.664804,291],[11.505765,42.66459,290.75],[11.505534,42.664763,292.25],[11.505227,42.664576,292],[11.505084,42.66469,292.5],[11.505058,42.664677,292.75],[11.504981,42.664647,293],[11.504915,42.664645,293.25],[11.504807,42.664651,293.5],[11.50476,42.664651,293.75],[11.504761,42.664681,293.75],[11.504761,42.66471,293.75],[11.504706,42.664722,293.75],[11.504503,42.664928,293],[11.504437,42.664952,293],[11.504338,42.665051,292.75],[11.50427,42.665118,292.5],[11.504075,42.665202,292.25],[11.503958,42.665278,291.75],[11.503817,42.665418,291.25],[11.503773,42.66545,291.25],[11.503738,42.665457,291.25],[11.503403,42.665467,290.25],[11.503286,42.665477,289.5],[11.503103,42.665447,288.5],[11.5028,42.66544,285],[11.502586,42.665427,282.5],[11.502482,42.665399,281],[11.50241,42.665357,279.25],[11.502341,42.665284,278.25],[11.502277,42.66523,278],[11.502201,42.665199,277],[11.501763,42.665093,269.5],[11.50128,42.665004,263.25],[11.501177,42.665003,261.75],[11.50062,42.665047,258.5],[11.499949,42.665076,251.25],[11.499512,42.665085,247.75],[11.499405,42.665079,247.25],[11.499307,42.66504,247.25],[11.499181,42.664961,247.5],[11.498805,42.664669,247.25],[11.498741,42.664566,247],[11.498676,42.664404,246.75],[11.498605,42.664179,244.75],[11.498543,42.664046,244.5],[11.498418,42.66374,243.75],[11.498358,42.66357,242.5],[11.498327,42.663373,240.25],[11.498225,42.662848,236.75],[11.498222,42.662728,236],[11.498272,42.662587,236.25],[11.49841,42.662173,232.25],[11.499016,42.662014,233.25],[11.49841,42.662173,232.25],[11.498272,42.662587,236.25],[11.497197,42.662488,229.5],[11.496818,42.662457,227],[11.496035,42.662406,222.25],[11.495802,42.662384,220.5],[11.495156,42.662247,213.5],[11.493785,42.661923,201.25],[11.493168,42.661783,198.75],[11.492061,42.661518,185.5],[11.491583,42.661386,185.75],[11.491334,42.661333,186.75],[11.491131,42.661308,187.5],[11.490969,42.661333,188.25],[11.490389,42.661487,187.5],[11.490165,42.661523,186.5],[11.489897,42.661509,183.75],[11.489424,42.661412,181.25],[11.489128,42.661305,178.5],[11.487613,42.660456,153.25],[11.487518,42.660412,151.75],[11.487267,42.660387,143],[11.486613,42.660324,143],[11.485449,42.66023,133.25],[11.485305,42.660255,132.25],[11.485084,42.660305,131.25],[11.483525,42.660922,128],[11.482198,42.661387,126],[11.481676,42.661456,126],[11.480756,42.661434,125],[11.479452,42.661471,124],[11.478852,42.66145,123],[11.478726,42.661462,123],[11.478514,42.661772,123],[11.47845,42.661819,123],[11.478586,42.661839,123],[11.478634,42.661853,123],[11.478613,42.661882,123],[11.478634,42.661853,123],[11.478586,42.661839,123],[11.47845,42.661819,123],[11.477981,42.661966,123],[11.477868,42.661967,123],[11.477717,42.661823,123],[11.477397,42.661606,122.25],[11.477119,42.66146,122],[11.476821,42.661374,122],[11.476493,42.661365,122],[11.476102,42.661374,121.75],[11.475857,42.661402,122],[11.475604,42.661548,122.25],[11.4754,42.661671,122.5],[11.475273,42.661787,123.25],[11.474494,42.662587,127],[11.47439,42.662682,127.5],[11.474158,42.662785,128],[11.473833,42.662892,128.25],[11.473392,42.663006,128.5],[11.472994,42.663134,129.25],[11.472574,42.663227,129.5],[11.472142,42.663344,128.5],[11.470382,42.663759,129],[11.47012,42.663807,128],[11.469647,42.663832,126.75],[11.469325,42.66383,127.25],[11.468973,42.663842,126.25],[11.468664,42.663888,126],[11.468306,42.66392,126],[11.46768,42.663995,127.25],[11.46724,42.664112,128.5],[11.466434,42.664382,128.25],[11.465921,42.664594,129.5],[11.465541,42.664806,129.5],[11.464691,42.665304,131.5],[11.464172,42.665616,139.5],[11.463964,42.665707,141],[11.463399,42.665814,141.75],[11.463199,42.665878,143.5],[11.462882,42.666023,144.5],[11.462604,42.666241,144.5],[11.462292,42.666497,144.5],[11.462025,42.666983,146.5],[11.461841,42.667239,148],[11.461546,42.667671,150],[11.461188,42.668169,153],[11.460937,42.668639,156.25],[11.460746,42.669113,159],[11.4608,42.669143,159],[11.460872,42.669184,158.75],[11.461219,42.669222,158.75],[11.46251,42.669174,160.25],[11.461219,42.669222,158.75],[11.460872,42.669184,158.75],[11.4608,42.669143,159],[11.460678,42.6693,159.25],[11.460508,42.669597,159.5],[11.460456,42.669732,159],[11.460391,42.669856,157.5],[11.460301,42.670085,156],[11.460214,42.67018,155.75],[11.460084,42.670288,154.5],[11.459843,42.670421,152.75],[11.459571,42.670527,150],[11.459362,42.670574,148.5],[11.459154,42.670641,147.75],[11.458958,42.67068,146.75],[11.458515,42.670823,144.5],[11.458255,42.670862,143.5],[11.458138,42.670919,143.25],[11.458148,42.670975,143.25],[11.458422,42.671265,144.75],[11.458489,42.671371,145.25],[11.458542,42.671438,145.75],[11.45858,42.671508,145.75],[11.458638,42.671572,146],[11.458801,42.671865,146.5],[11.458945,42.672225,147],[11.458983,42.672303,147.25],[11.459161,42.672532,147.75],[11.459199,42.672588,148],[11.459372,42.67279,148.5],[11.459354,42.672848,148.5],[11.459226,42.672932,148.5],[11.459223,42.672984,148.5],[11.459281,42.673118,148.75],[11.459319,42.673174,149],[11.459377,42.673308,149.75],[11.459545,42.67352,149.75],[11.459636,42.673605,149.75],[11.459771,42.673768,150],[11.459934,42.673948,150],[11.460006,42.674008,150.25],[11.460164,42.674195,150.25],[11.460284,42.674322,150.5],[11.460385,42.674488,150.5],[11.460448,42.674572,150.5],[11.460452,42.674646,150.75],[11.460428,42.674735,151],[11.46038,42.674781,151],[11.460332,42.674848,151.25],[11.460332,42.674936,151.75],[11.460347,42.675024,152],[11.4604,42.675109,152],[11.460462,42.675324,152.5],[11.460592,42.675554,152.75],[11.460645,42.675614,152.75],[11.460712,42.675713,153],[11.460741,42.675847,153.25],[11.460769,42.675931,153.5],[11.46076,42.676108,154.5],[11.460741,42.676203,154.75],[11.460717,42.676277,155.25],[11.460683,42.676531,156.25],[11.460635,42.676673,156.5],[11.460621,42.676775,157],[11.460544,42.676994,157.75],[11.460438,42.677188,158.25],[11.460313,42.677389,159],[11.460241,42.677453,159.25],[11.460179,42.67753,159.5],[11.460078,42.677626,160],[11.459944,42.677806,160.25],[11.459852,42.677901,160.75],[11.459785,42.677986,160.75],[11.459708,42.678067,161],[11.459636,42.678039,162.5],[11.459559,42.677947,164.25],[11.459435,42.677834,166.75],[11.45895,42.677905,173.75],[11.458815,42.677933,176],[11.458566,42.677968,179.75],[11.458436,42.677972,180.75],[11.458273,42.677968,182.25],[11.458157,42.677979,183.5],[11.458028,42.677975,184.75],[11.457927,42.677961,186],[11.457682,42.677905,189],[11.457432,42.677862,193],[11.457274,42.677816,196],[11.45714,42.677739,198.5],[11.457034,42.677615,200.25],[11.456933,42.677559,202.25],[11.456847,42.677484,203.75],[11.456746,42.677428,205.25],[11.456515,42.677322,207.5],[11.456439,42.677336,208.75],[11.456367,42.677389,210.75],[11.456295,42.67747,212.75],[11.456261,42.677534,214],[11.456203,42.677608,215.75],[11.45616,42.67764,216.75],[11.456117,42.677717,218.25],[11.45605,42.677767,219.75],[11.455958,42.677806,221.25],[11.455896,42.677788,222],[11.455747,42.677725,224.25],[11.455502,42.677594,228.5],[11.455392,42.677548,229.75],[11.455219,42.677456,230.5],[11.455128,42.677453,231],[11.455046,42.677502,232.5],[11.454902,42.677608,234.75],[11.454859,42.677664,236.25],[11.454777,42.677742,238.5],[11.454705,42.677785,239.75],[11.454336,42.677915,241.25],[11.454096,42.67806,243.25],[11.453971,42.678148,244],[11.453687,42.678293,246.5],[11.45362,42.678339,247.75],[11.453515,42.678399,247.75],[11.453351,42.678466,249.25],[11.453212,42.678515,250.5],[11.453054,42.678568,252],[11.452977,42.67858,252.5],[11.452345,42.678576,255.75],[11.452243,42.678561,256],[11.45214,42.678523,256.5],[11.451956,42.678443,258],[11.451729,42.678327,260],[11.451393,42.678191,261.75],[11.451134,42.678027,262],[11.451048,42.678,262.25],[11.450855,42.677979,263.25],[11.450817,42.677987,263.5],[11.450744,42.678019,263.75],[11.450705,42.678093,265],[11.450686,42.678167,266.25],[11.450729,42.678252,268],[11.450758,42.678336,269.75],[11.450859,42.678544,272],[11.450883,42.678807,274.5],[11.450866,42.679079,278.75],[11.450866,42.679349,282.5],[11.450885,42.679596,285.75],[11.450846,42.679635,286.5],[11.450434,42.679804,289.25],[11.450274,42.67986,289.75],[11.449899,42.680033,290.5],[11.449294,42.680273,290.75],[11.449097,42.680322,290.25],[11.448925,42.680386,289.75],[11.448733,42.680435,290],[11.448564,42.680506,291.25],[11.448372,42.680562,291.75],[11.448209,42.680622,291.25],[11.448027,42.680665,291],[11.447878,42.680686,291.5],[11.44771,42.680693,292.5],[11.447398,42.6807,296.25],[11.447268,42.680693,297.75],[11.447057,42.680693,300.75],[11.446889,42.680742,303.25],[11.446692,42.680732,306],[11.446121,42.680721,311],[11.445295,42.680813,316],[11.444872,42.680919,317.75],[11.444551,42.68099,318],[11.444421,42.681035,318.25],[11.444287,42.681088,319],[11.44428,42.681092,319],[11.44407,42.681244,320],[11.443936,42.681293,321],[11.44373,42.681328,322.75],[11.44361,42.681339,323.75],[11.442654,42.681614,331],[11.441753,42.682505,340.75],[11.441191,42.682965,348],[11.441059,42.683,349.25],[11.440643,42.683153,354.5],[11.440136,42.683442,364],[11.43983,42.683536,366.75],[11.439309,42.684051,378.75],[11.439095,42.68424,383],[11.437755,42.684718,401.5],[11.436524,42.685207,406.5],[11.435816,42.685416,412.5],[11.435718,42.685492,415],[11.43543,42.685879,424.75],[11.435024,42.686188,431],[11.434264,42.686589,436.5],[11.433483,42.687225,450.25],[11.432905,42.68754,455.5],[11.432515,42.687699,459.75],[11.430755,42.688031,468],[11.430378,42.688146,466.75],[11.429933,42.688498,466.25],[11.429526,42.688707,465.5],[11.428652,42.689097,463.5],[11.42822,42.689328,462.75],[11.428074,42.689416,462.75],[11.428133,42.689991,465.75],[11.428134,42.690071,466.25],[11.428223,42.690081,465.25],[11.428372,42.690024,462.75],[11.428425,42.689971,461.5],[11.428532,42.68979,459.25],[11.428604,42.689601,458.75],[11.428645,42.689541,459],[11.428722,42.689514,458.5],[11.429033,42.689519,456],[11.429199,42.689479,455.5],[11.429277,42.689434,455.5],[11.429365,42.689364,455],[11.429464,42.689241,455.75],[11.429553,42.689176,456.25],[11.429711,42.689157,456],[11.429764,42.689145,455.75],[11.429711,42.689157,456],[11.429553,42.689176,456.25],[11.429464,42.689241,455.75],[11.429365,42.689364,455],[11.429277,42.689434,455.5],[11.429199,42.689479,455.5],[11.429033,42.689519,456],[11.428722,42.689514,458.5],[11.428645,42.689541,459],[11.428604,42.689601,458.75],[11.428532,42.68979,459.25],[11.428425,42.689971,461.5],[11.428372,42.690024,462.75],[11.428223,42.690081,465.25],[11.428134,42.690071,466.25],[11.427985,42.690502,468.5],[11.42774,42.691075,470.5],[11.427401,42.691533,470.25],[11.427214,42.69191,471.5],[11.426517,42.692297,469.75],[11.426438,42.69247,467],[11.4262,42.692997,467],[11.425961,42.693374,463.5],[11.425473,42.693764,459],[11.425055,42.694169,457.75],[11.424582,42.694606,452.5],[11.423443,42.695365,450.25],[11.421822,42.696864,424],[11.421396,42.697315,418.5],[11.421277,42.697741,420],[11.421456,42.698108,422.5],[11.421486,42.698309,423],[11.421445,42.698798,426.25],[11.421459,42.699356,426.5],[11.421245,42.700105,428],[11.421171,42.700462,429],[11.421122,42.700769,429.75],[11.421019,42.701,429],[11.420869,42.701958,428.25],[11.420846,42.702105,428.25],[11.420781,42.702687,428.5],[11.420374,42.703225,428.75],[11.420188,42.703663,432],[11.420239,42.704071,434.25],[11.420225,42.704289,437],[11.420114,42.704619,442.25],[11.419925,42.705581,454],[11.419899,42.706142,458.25],[11.419897,42.706176,458.25],[11.419947,42.706539,461.25],[11.419694,42.707177,467.75],[11.419656,42.707533,471.5],[11.419693,42.707925,474.75],[11.419556,42.708493,480.25],[11.419296,42.709064,482.75],[11.418767,42.709864,489.25],[11.418589,42.71025,493.5],[11.418582,42.710408,493.25],[11.41865,42.710697,492.75],[11.41865,42.710807,492.5],[11.418641,42.710868,492],[11.418499,42.711106,489.5],[11.41842,42.711181,489.25],[11.418389,42.711963,491.75],[11.418287,42.712384,491.75],[11.417861,42.712847,490.25],[11.417762,42.71295,484.5],[11.417179,42.713564,484.5],[11.416809,42.713927,482.5],[11.416447,42.713968,481.25],[11.415852,42.714145,479.25],[11.415379,42.714544,480.5],[11.415132,42.714689,478.25],[11.415052,42.714779,477.25],[11.414829,42.715133,472.75],[11.414608,42.715694,474],[11.414361,42.716026,475.75],[11.41388,42.716519,480.75],[11.413516,42.717043,485.25],[11.413134,42.717338,483.5],[11.412516,42.718033,485.5],[11.412066,42.718635,492.5],[11.411756,42.719236,497.25],[11.411656,42.719472,499],[11.411322,42.71977,501],[11.410801,42.720203,506],[11.410453,42.720626,509.5],[11.410237,42.721087,512.75],[11.410157,42.72124,513.5],[11.409742,42.721494,515],[11.409444,42.721561,517.5],[11.409261,42.721501,520.25],[11.409065,42.721334,520.25],[11.408797,42.721298,523],[11.408631,42.721308,524.5],[11.408382,42.721407,527],[11.408364,42.721552,529.75],[11.408141,42.722058,532],[11.408051,42.722193,531.5],[11.407876,42.722457,531.5],[11.407463,42.723257,532.5],[11.407388,42.723352,532.25],[11.407267,42.723503,533.25],[11.407184,42.72359,534.25],[11.407267,42.723503,533.25],[11.407388,42.723352,532.25],[11.407463,42.723257,532.5],[11.407876,42.722457,531.5],[11.408051,42.722193,531.5],[11.408141,42.722058,532],[11.408364,42.721552,529.75],[11.408382,42.721407,527],[11.408631,42.721308,524.5],[11.408797,42.721298,523],[11.409065,42.721334,520.25],[11.409261,42.721501,520.25],[11.409444,42.721561,517.5],[11.409742,42.721494,515],[11.410157,42.72124,513.5],[11.410237,42.721087,512.75],[11.410453,42.720626,509.5],[11.410801,42.720203,506],[11.411322,42.71977,501],[11.411656,42.719472,499],[11.411756,42.719236,497.25],[11.412066,42.718635,492.5],[11.412516,42.718033,485.5],[11.413134,42.717338,483.5],[11.413516,42.717043,485.25],[11.41388,42.716519,480.75],[11.414361,42.716026,475.75],[11.414608,42.715694,474],[11.414829,42.715133,472.75],[11.415052,42.714779,477.25],[11.415132,42.714689,478.25],[11.415379,42.714544,480.5],[11.415852,42.714145,479.25],[11.416447,42.713968,481.25],[11.416809,42.713927,482.5],[11.417179,42.713564,484.5],[11.417861,42.712847,490.25],[11.418287,42.712384,491.75],[11.418389,42.711963,491.75],[11.41842,42.711181,489.25],[11.418499,42.711106,489.5],[11.418641,42.710868,492],[11.41865,42.710807,492.5],[11.41865,42.710697,492.75],[11.418582,42.710408,493.25],[11.418589,42.71025,493.5],[11.418767,42.709864,489.25],[11.419296,42.709064,482.75],[11.419556,42.708493,480.25],[11.419693,42.707925,474.75],[11.419656,42.707533,471.5],[11.419694,42.707177,467.75],[11.419947,42.706539,461.25],[11.419897,42.706176,458.25],[11.419899,42.706142,458.25],[11.419925,42.705581,454],[11.420114,42.704619,442.25],[11.420225,42.704289,437],[11.420239,42.704071,434.25],[11.420188,42.703663,432],[11.420374,42.703225,428.75],[11.420781,42.702687,428.5],[11.420846,42.702105,428.25],[11.421019,42.701,429],[11.421122,42.700769,429.75],[11.421171,42.700462,429],[11.421245,42.700105,428],[11.421459,42.699356,426.5],[11.421445,42.698798,426.25],[11.421486,42.698309,423],[11.421456,42.698108,422.5],[11.421277,42.697741,420],[11.421396,42.697315,418.5],[11.421822,42.696864,424],[11.423443,42.695365,450.25],[11.424582,42.694606,452.5],[11.425055,42.694169,457.75],[11.425473,42.693764,459],[11.425961,42.693374,463.5],[11.4262,42.692997,467],[11.426517,42.692297,469.75],[11.427214,42.69191,471.5],[11.427401,42.691533,470.25],[11.42774,42.691075,470.5],[11.427985,42.690502,468.5],[11.428134,42.690071,466.25],[11.428133,42.689991,465.75],[11.428074,42.689416,462.75],[11.42822,42.689328,462.75],[11.428652,42.689097,463.5],[11.429526,42.688707,465.5],[11.429933,42.688498,466.25],[11.430378,42.688146,466.75],[11.430755,42.688031,468],[11.432515,42.687699,459.75],[11.432905,42.68754,455.5],[11.433483,42.687225,450.25],[11.434264,42.686589,436.5],[11.435024,42.686188,431],[11.43543,42.685879,424.75],[11.435718,42.685492,415],[11.435816,42.685416,412.5],[11.436524,42.685207,406.5],[11.437755,42.684718,401.5],[11.439095,42.68424,383],[11.439309,42.684051,378.75],[11.43983,42.683536,366.75],[11.440136,42.683442,364],[11.440643,42.683153,354.5],[11.441059,42.683,349.25],[11.441191,42.682965,348],[11.441753,42.682505,340.75],[11.442654,42.681614,331],[11.44361,42.681339,323.75],[11.44373,42.681328,322.75],[11.443936,42.681293,321],[11.44407,42.681244,320],[11.444287,42.681088,319],[11.444421,42.681035,318.25],[11.444551,42.68099,318],[11.444872,42.680919,317.75],[11.445295,42.680813,316],[11.446121,42.680721,311],[11.446692,42.680732,306],[11.446889,42.680742,303.25],[11.447057,42.680693,300.75],[11.447268,42.680693,297.75],[11.447398,42.6807,296.25],[11.44771,42.680693,292.5],[11.447878,42.680686,291.5],[11.448027,42.680665,291],[11.448209,42.680622,291.25],[11.448372,42.680562,291.75],[11.448564,42.680506,291.25],[11.448733,42.680435,290],[11.448925,42.680386,289.75],[11.449097,42.680322,290.25],[11.449294,42.680273,290.75],[11.449899,42.680033,290.5],[11.450274,42.67986,289.75],[11.450434,42.679804,289.25],[11.450846,42.679635,286.5],[11.450885,42.679596,285.75],[11.450866,42.679349,282.5],[11.450866,42.679079,278.75],[11.450883,42.678807,274.5],[11.450859,42.678544,272],[11.450758,42.678336,269.75],[11.450729,42.678252,268],[11.450686,42.678167,266.25],[11.450705,42.678093,265],[11.450744,42.678019,263.75],[11.450817,42.677987,263.5],[11.450855,42.677979,263.25],[11.451048,42.678,262.25],[11.451134,42.678027,262],[11.451393,42.678191,261.75],[11.451729,42.678327,260],[11.451956,42.678443,258],[11.452106,42.678508,256.5],[11.45214,42.678523,256.5],[11.452243,42.678561,256],[11.452345,42.678576,255.75],[11.452977,42.67858,252.5],[11.453054,42.678568,252],[11.453212,42.678515,250.5],[11.453351,42.678466,249.25],[11.453515,42.678399,247.75],[11.45362,42.678339,247.75],[11.453687,42.678293,246.5],[11.453971,42.678148,244],[11.454096,42.67806,243.25],[11.454336,42.677915,241.25],[11.454705,42.677785,239.75],[11.454777,42.677742,238.5],[11.454859,42.677664,236.25],[11.454902,42.677608,234.75],[11.455046,42.677502,232.5],[11.455128,42.677453,231],[11.455219,42.677456,230.5],[11.455392,42.677548,229.75],[11.455502,42.677594,228.5],[11.455747,42.677725,224.25],[11.455896,42.677788,222],[11.455958,42.677806,221.25],[11.45605,42.677767,219.75],[11.456117,42.677717,218.25],[11.45616,42.67764,216.75],[11.456203,42.677608,215.75],[11.456261,42.677534,214],[11.456295,42.67747,212.75],[11.456367,42.677389,210.75],[11.456439,42.677336,208.75],[11.456515,42.677322,207.5],[11.456746,42.677428,205.25],[11.456847,42.677484,203.75],[11.456933,42.677559,202.25],[11.457034,42.677615,200.25],[11.45714,42.677739,198.5],[11.457274,42.677816,196],[11.457432,42.677862,193],[11.457682,42.677905,189],[11.457927,42.677961,186],[11.458028,42.677975,184.75],[11.458157,42.677979,183.5],[11.458273,42.677968,182.25],[11.458436,42.677972,180.75],[11.458566,42.677968,179.75],[11.458815,42.677933,176],[11.45895,42.677905,173.75],[11.459435,42.677834,166.75],[11.459559,42.677947,164.25],[11.459636,42.678039,162.5],[11.459708,42.678067,161],[11.459785,42.677986,160.75],[11.459852,42.677901,160.75],[11.459944,42.677806,160.25],[11.460078,42.677626,160],[11.460179,42.67753,159.5],[11.460241,42.677453,159.25],[11.460313,42.677389,159],[11.460438,42.677188,158.25],[11.460544,42.676994,157.75],[11.460621,42.676775,157],[11.460635,42.676673,156.5],[11.460683,42.676531,156.25],[11.460717,42.676277,155.25],[11.460741,42.676203,154.75],[11.46076,42.676108,154.5],[11.460769,42.675931,153.5],[11.460741,42.675847,153.25],[11.460712,42.675713,153],[11.460645,42.675614,152.75],[11.460592,42.675554,152.75],[11.460462,42.675324,152.5],[11.4604,42.675109,152],[11.460347,42.675024,152],[11.460332,42.674936,151.75],[11.460332,42.674848,151.25],[11.46038,42.674781,151],[11.460428,42.674735,151],[11.460452,42.674646,150.75],[11.460448,42.674572,150.5],[11.460385,42.674488,150.5],[11.460284,42.674322,150.5],[11.460164,42.674195,150.25],[11.460006,42.674008,150.25],[11.459934,42.673948,150],[11.459771,42.673768,150],[11.459636,42.673605,149.75],[11.459545,42.67352,149.75],[11.459377,42.673308,149.75],[11.459319,42.673174,149],[11.459281,42.673118,148.75],[11.459223,42.672984,148.5],[11.459226,42.672932,148.5],[11.459354,42.672848,148.5],[11.459372,42.67279,148.5],[11.459199,42.672588,148],[11.459161,42.672532,147.75],[11.458983,42.672303,147.25],[11.458945,42.672225,147],[11.458801,42.671865,146.5],[11.458638,42.671572,146],[11.45858,42.671508,145.75],[11.458542,42.671438,145.75],[11.458489,42.671371,145.25],[11.458422,42.671265,144.75],[11.458148,42.670975,143.25],[11.458138,42.670919,143.25],[11.458255,42.670862,143.5],[11.458515,42.670823,144.5],[11.458958,42.67068,146.75],[11.459154,42.670641,147.75],[11.459362,42.670574,148.5],[11.459571,42.670527,150],[11.459843,42.670421,152.75],[11.460084,42.670288,154.5],[11.460214,42.67018,155.75],[11.460301,42.670085,156],[11.460391,42.669856,157.5],[11.460456,42.669732,159],[11.460508,42.669597,159.5],[11.460678,42.6693,159.25],[11.4608,42.669143,159],[11.460746,42.669113,159],[11.460937,42.668639,156.25],[11.461188,42.668169,153],[11.461546,42.667671,150],[11.461841,42.667239,148],[11.462025,42.666983,146.5],[11.462292,42.666497,144.5],[11.462604,42.666241,144.5],[11.462882,42.666023,144.5],[11.463199,42.665878,143.5],[11.463399,42.665814,141.75],[11.463964,42.665707,141],[11.464172,42.665616,139.5],[11.464691,42.665304,131.5],[11.465541,42.664806,129.5],[11.465921,42.664594,129.5],[11.466434,42.664382,128.25],[11.46724,42.664112,128.5],[11.46768,42.663995,127.25],[11.468306,42.66392,126],[11.468664,42.663888,126],[11.468973,42.663842,126.25],[11.469325,42.66383,127.25],[11.469647,42.663832,126.75],[11.47012,42.663807,128],[11.470382,42.663759,129],[11.472142,42.663344,128.5],[11.472574,42.663227,129.5],[11.472994,42.663134,129.25],[11.473392,42.663006,128.5],[11.473833,42.662892,128.25],[11.474158,42.662785,128],[11.47439,42.662682,127.5],[11.474494,42.662587,127],[11.475273,42.661787,123.25],[11.4754,42.661671,122.5],[11.475604,42.661548,122.25],[11.475857,42.661402,122],[11.476102,42.661374,121.75],[11.476493,42.661365,122],[11.476821,42.661374,122],[11.477119,42.66146,122],[11.477397,42.661606,122.25],[11.477717,42.661823,123],[11.477868,42.661967,123],[11.477981,42.661966,123],[11.47845,42.661819,123],[11.478514,42.661772,123],[11.478726,42.661462,123],[11.478852,42.66145,123],[11.479452,42.661471,124],[11.480756,42.661434,125],[11.481676,42.661456,126],[11.482198,42.661387,126],[11.483525,42.660922,128],[11.485084,42.660305,131.25],[11.485305,42.660255,132.25],[11.485449,42.66023,133.25],[11.486613,42.660324,143],[11.487518,42.660412,151.75],[11.487613,42.660456,153.25],[11.489128,42.661305,178.5],[11.489424,42.661412,181.25],[11.489897,42.661509,183.75],[11.490165,42.661523,186.5],[11.490389,42.661487,187.5],[11.490969,42.661333,188.25],[11.491131,42.661308,187.5],[11.491334,42.661333,186.75],[11.491583,42.661386,185.75],[11.492061,42.661518,185.5],[11.493168,42.661783,198.75],[11.493785,42.661923,201.25],[11.495156,42.662247,213.5],[11.495802,42.662384,220.5],[11.496035,42.662406,222.25],[11.496818,42.662457,227],[11.497197,42.662488,229.5],[11.498272,42.662587,236.25],[11.49841,42.662173,232.25],[11.49842,42.662054,230.25],[11.498409,42.661885,227.75],[11.498375,42.661746,226],[11.498312,42.661659,224.5],[11.498167,42.661519,221.5],[11.497853,42.661327,216.75],[11.497721,42.661238,214.75],[11.497411,42.660952,209.25],[11.496826,42.660272,197.5],[11.496304,42.659689,187.5],[11.495618,42.65895,176.75],[11.495499,42.658773,175.5],[11.495691,42.658697,174.75],[11.496035,42.658509,173.75],[11.496474,42.658236,172.75],[11.496862,42.658078,172.75],[11.496474,42.658236,172.75],[11.496035,42.658509,173.75],[11.495691,42.658697,174.75],[11.495499,42.658773,175.5],[11.495407,42.658615,176.5],[11.495357,42.658229,176.75],[11.495339,42.658138,177],[11.495297,42.658051,177.75],[11.495351,42.657941,178.25],[11.495393,42.657822,179],[11.495381,42.657221,182.75],[11.495318,42.656998,181.25],[11.495204,42.656745,177.25],[11.495082,42.656561,174.75],[11.494922,42.656355,173],[11.494873,42.656218,173.25],[11.494882,42.656061,172.5],[11.494968,42.655806,171.5],[11.495006,42.655539,171.75],[11.494968,42.65536,170.75],[11.494893,42.655194,169.5],[11.494544,42.654648,161.25],[11.494428,42.654516,160],[11.494426,42.65441,159],[11.49445,42.654043,157],[11.494278,42.652794,153.5],[11.494145,42.652273,153],[11.494108,42.65204,151.5],[11.494137,42.65183,150.5],[11.49421,42.651675,149.5],[11.49463,42.651122,145],[11.494653,42.651033,143.75],[11.494645,42.650939,142.25],[11.49461,42.650878,141.25],[11.494076,42.650481,133.75],[11.493606,42.650176,130],[11.493457,42.650112,129.75],[11.493349,42.650082,129.5],[11.493235,42.650064,128.75],[11.492777,42.65008,124.25],[11.492599,42.650103,123.25],[11.49229,42.650159,122.5],[11.492254,42.650158,122.25],[11.492213,42.650148,122],[11.492181,42.650133,122.25],[11.491823,42.649793,122.5],[11.491596,42.649659,122.5],[11.491391,42.649494,120.75],[11.491285,42.649476,120.5],[11.49115,42.649466,120.5],[11.490885,42.649463,121.25],[11.490737,42.649437,121.25],[11.490559,42.649397,121.25],[11.490458,42.649383,121],[11.490134,42.649785,124.75],[11.490059,42.649823,124.5],[11.490035,42.649823,124.5],[11.489541,42.649817,127.75],[11.488953,42.649658,126.5],[11.488812,42.649621,125.5],[11.488259,42.649501,124.5],[11.487176,42.64915,124.75],[11.487097,42.649059,124],[11.487111,42.648993,123.25],[11.487763,42.646736,117],[11.487763,42.646627,116.75],[11.487771,42.646582,116.5],[11.487799,42.646465,116.25],[11.487958,42.646323,117.5],[11.488247,42.646293,119.5],[11.488968,42.646333,122.25],[11.489116,42.646335,123],[11.489192,42.64629,123.75],[11.489229,42.646203,124.5],[11.489128,42.64579,129.25],[11.489056,42.645414,133.25],[11.488967,42.645119,136.25],[11.488739,42.644586,141.25],[11.488719,42.644399,142.75],[11.488665,42.644169,145.25],[11.488738,42.64369,151],[11.488725,42.643275,155.25],[11.488756,42.642333,169.5],[11.488887,42.642282,171.25],[11.489242,42.642271,173],[11.489512,42.642225,175.25],[11.489605,42.642123,176.75],[11.48962,42.641902,178.5],[11.489788,42.641515,181],[11.49004,42.641227,182],[11.490187,42.641113,182.5],[11.490345,42.640807,183],[11.490583,42.640549,183],[11.490762,42.640335,183.5],[11.491058,42.639821,184.5],[11.491201,42.639428,185],[11.4914,42.639186,184.75],[11.491989,42.639073,185],[11.493812,42.638371,187.5],[11.496087,42.63736,197.75],[11.496495,42.636855,201.25],[11.496902,42.636161,209],[11.497804,42.635308,215.25],[11.498254,42.635119,217],[11.498737,42.63459,214.25],[11.499329,42.633663,210.5],[11.499607,42.63317,212],[11.499944,42.632414,216.5],[11.5001,42.632178,219.5],[11.500148,42.632432,217],[11.500198,42.632597,216.25],[11.500299,42.632765,216],[11.500406,42.632901,215.5],[11.500466,42.632883,215.5],[11.503261,42.632021,222.25],[11.505459,42.631337,228],[11.505712,42.631306,229],[11.506264,42.631211,235.75],[11.506433,42.631167,238],[11.506543,42.631055,240],[11.506702,42.629345,253],[11.506777,42.628423,252],[11.506955,42.627962,252],[11.507221,42.627645,251.5],[11.507491,42.627421,251.5],[11.50955,42.626134,249],[11.510645,42.625484,245.25],[11.51251,42.624484,242],[11.512795,42.624317,241.5],[11.513061,42.62414,240.75],[11.513421,42.623848,241],[11.513564,42.623702,241.5],[11.513735,42.623099,239],[11.513927,42.622535,239.75],[11.514608,42.622047,240],[11.515238,42.621498,240.75],[11.515575,42.62101,242.5],[11.515121,42.62078,246],[11.514694,42.620547,250.25],[11.514603,42.620529,251],[11.514186,42.620449,253.5],[11.514053,42.62033,254.75],[11.513738,42.62018,256.5],[11.513351,42.62003,258.5],[11.512638,42.619955,262.25],[11.511885,42.619903,253.75],[11.511417,42.61976,250],[11.511224,42.619498,253.75],[11.511132,42.619109,257.5],[11.511152,42.618547,259.75],[11.511203,42.618038,270.5],[11.511305,42.617738,276.75],[11.511257,42.61765,278.25],[11.511193,42.617536,280],[11.510715,42.617491,278],[11.510553,42.617777,274],[11.510334,42.618026,272.5],[11.509806,42.618419,277.25],[11.510053,42.617513,286.75],[11.510012,42.617384,289.25],[11.509814,42.617364,293.25],[11.509727,42.617266,296.25],[11.50931,42.617573,299.5],[11.508842,42.617761,306.25],[11.508343,42.617738,317.5],[11.508394,42.617064,330.5],[11.508496,42.616966,330.5],[11.508435,42.61683,333.5],[11.50819,42.616652,339.5],[11.508174,42.616453,341.5],[11.507783,42.616272,345.25],[11.507719,42.616136,346.25],[11.507824,42.615787,349.75],[11.507649,42.615178,346.75],[11.507531,42.614864,345.25],[11.507429,42.614733,345],[11.507292,42.614489,343],[11.507259,42.613892,341.75],[11.507253,42.61383,342.25],[11.507216,42.613723,343],[11.507196,42.613554,344.25],[11.507236,42.61313,350],[11.507161,42.612669,357.75],[11.50702,42.612503,358.75],[11.507006,42.612353,361],[11.507082,42.612001,363.5],[11.506993,42.611802,364.25],[11.506912,42.611758,364.75],[11.507107,42.611408,364.5],[11.507306,42.611089,367.25],[11.507888,42.610621,369.5],[11.508677,42.609922,376.5],[11.508932,42.609826,380.5],[11.50973,42.609792,389.75],[11.510378,42.609715,395],[11.510941,42.609507,397.25],[11.511493,42.609219,404.5],[11.512209,42.608651,412],[11.512424,42.608415,413.75],[11.512513,42.608245,414.5],[11.512572,42.608047,414.5],[11.512541,42.607527,415.25],[11.512668,42.607293,417.75],[11.513034,42.606985,418.25],[11.5148,42.605593,418.5],[11.516164,42.604496,432.25],[11.517298,42.603707,435],[11.517776,42.60335,435.75],[11.518117,42.60288,432.25],[11.518981,42.601175,432.75],[11.5192,42.600789,432],[11.519744,42.599569,424.75],[11.519889,42.599346,423.75],[11.520364,42.598872,420.25],[11.520744,42.598392,416.75],[11.521031,42.597933,415],[11.521079,42.597869,415],[11.521255,42.597527,412.25],[11.521697,42.596733,411.25],[11.52187,42.596301,408.5],[11.522013,42.59584,403.25],[11.521907,42.595406,400.25],[11.52179,42.594837,396],[11.521662,42.594579,390.75],[11.521488,42.594322,385.75],[11.520742,42.593211,372.25],[11.520705,42.593179,372.25],[11.52068,42.593158,372.25],[11.52065,42.593111,372],[11.52064,42.593099,372],[11.5206,42.593048,371.75],[11.520493,42.592908,371.5],[11.520443,42.592536,371.75],[11.520284,42.592532,371.75],[11.519552,42.59261,366.5],[11.519403,42.592618,365.5],[11.519295,42.592008,377.25],[11.519532,42.59195,377.75],[11.520352,42.591902,373.5],[11.520305,42.591612,374.75],[11.52024,42.591134,377],[11.520104,42.591153,378],[11.519874,42.591266,379.5],[11.519524,42.591457,380.5],[11.519405,42.591473,381],[11.519601,42.591276,380.75],[11.519658,42.591177,380.75],[11.519684,42.591075,381],[11.519673,42.590704,381.5],[11.519618,42.590459,383.25],[11.519439,42.590171,385.75],[11.519325,42.58985,385],[11.519499,42.589807,386.5],[11.519656,42.589724,388.25],[11.519551,42.589505,387.75],[11.519516,42.589416,387.75],[11.519411,42.589016,388.25],[11.519339,42.588699,390],[11.519286,42.588574,390.25],[11.519181,42.58842,389.75],[11.519126,42.588396,389.75],[11.519098,42.588372,390],[11.519072,42.588312,390.25],[11.519024,42.588251,390.5],[11.518967,42.588164,390.5],[11.519134,42.58821,390],[11.519173,42.588193,390],[11.519216,42.588184,390.25],[11.519297,42.588128,391],[11.519435,42.588038,391.75],[11.519481,42.587956,391.75],[11.519648,42.587692,392],[11.519767,42.58742,391.25],[11.519802,42.587178,388.5],[11.519767,42.586769,384.75],[11.519534,42.584963,383],[11.519539,42.584763,382.75],[11.519697,42.58461,383.5],[11.519902,42.584517,384.25],[11.520174,42.584517,385.5],[11.520666,42.584754,387.25],[11.521182,42.585138,388.25],[11.521424,42.585259,389],[11.521798,42.585308,386.5],[11.522397,42.585255,385.75],[11.522773,42.585172,388.5],[11.523155,42.585022,384.5],[11.524076,42.584594,377.5],[11.52448,42.584381,375.75],[11.52511,42.583859,367.25],[11.525603,42.583395,363.75],[11.525734,42.583228,363.75],[11.525797,42.583077,363.25],[11.525819,42.582912,362],[11.525801,42.582498,358.25],[11.526069,42.582376,356.5],[11.526651,42.58205,354.5],[11.527561,42.581554,356],[11.527893,42.581348,354.75],[11.528312,42.581103,355.5],[11.528451,42.580945,355.75],[11.528553,42.580711,355.75],[11.528652,42.580528,356.5],[11.528965,42.580193,360],[11.529111,42.579997,362],[11.529212,42.579792,364.5],[11.529348,42.579618,367.5],[11.529552,42.579447,368.75],[11.530015,42.579076,368.25],[11.53018,42.578916,369.25],[11.530285,42.578786,370.25],[11.530414,42.578677,370.75],[11.530615,42.57862,372.5],[11.531116,42.578567,374.75],[11.53128,42.578526,374.75],[11.531361,42.578487,374.25],[11.531551,42.578339,372.25],[11.531702,42.578148,371.75],[11.531808,42.577792,368],[11.531933,42.577476,365.5],[11.531988,42.577391,365],[11.532061,42.577347,364.5],[11.532102,42.577293,364],[11.532265,42.577187,362.25],[11.532848,42.576766,356.75],[11.533029,42.576519,354.5],[11.533285,42.576276,352.5],[11.533673,42.575933,347.75],[11.533849,42.575723,346],[11.533989,42.575453,344],[11.534157,42.574847,341.75],[11.534267,42.574053,333.5],[11.534398,42.573744,331],[11.534577,42.573506,328.25],[11.534687,42.573412,326],[11.534818,42.573405,324.25],[11.535034,42.57344,322.25],[11.535472,42.573578,318.5],[11.535582,42.573569,317.5],[11.53571,42.573504,316.25],[11.53633,42.573007,308.5],[11.536115,42.572573,304],[11.535565,42.571763,296.5],[11.535557,42.571664,294.75],[11.535787,42.571744,294.25],[11.535694,42.571654,293.75],[11.535662,42.571569,293.25],[11.535651,42.571433,292],[11.535708,42.571343,291],[11.53572,42.571263,290.5],[11.535708,42.571154,289.75],[11.535057,42.570479,289.25],[11.534888,42.57031,289.25],[11.53497,42.570274,288.75],[11.535119,42.57014,287.25],[11.535198,42.570024,286.5],[11.535218,42.569891,286.25],[11.535199,42.569718,285.75],[11.535207,42.569644,285.5],[11.535186,42.569505,285],[11.535057,42.56904,282],[11.534915,42.568806,282.5],[11.534656,42.568516,282.25],[11.534584,42.568343,282.25],[11.534632,42.56812,282],[11.534934,42.567664,280.25],[11.535386,42.567091,275],[11.535765,42.566663,270],[11.535933,42.56632,269.75],[11.535981,42.565701,266.25],[11.535991,42.565217,262],[11.535837,42.564722,257.75],[11.535813,42.56416,253.75],[11.535933,42.563343,250.5],[11.536067,42.562501,244],[11.536101,42.56214,241.75],[11.536173,42.561665,238.25],[11.536202,42.561472,236.75],[11.536082,42.561062,235],[11.53613,42.560864,234.75],[11.536144,42.560365,233.75],[11.536557,42.559874,231.75],[11.537066,42.558523,234],[11.537071,42.558296,234],[11.537996,42.555907,226.5],[11.538123,42.555823,225.75],[11.538539,42.555582,227.75],[11.538823,42.555373,229.75],[11.538933,42.555217,231],[11.538834,42.554714,232],[11.53856,42.553862,231.75],[11.538555,42.553558,233.25],[11.53869,42.552825,238.75],[11.538872,42.551973,239.75],[11.538987,42.551206,244],[11.53892,42.550106,246.75],[11.539069,42.549787,247],[11.539587,42.549076,242.25],[11.539957,42.548422,240.75],[11.54026,42.547559,243.5],[11.541023,42.546216,247.5],[11.541181,42.545972,248.75],[11.541762,42.545922,251.5],[11.542449,42.545423,256.75],[11.542702,42.544817,261.25],[11.542012,42.544544,258.5],[11.541827,42.544465,257],[11.540761,42.543876,251.5],[11.539548,42.543255,252],[11.539204,42.542987,250.75],[11.53914,42.542926,250.25],[11.53947,42.542233,252.25],[11.539551,42.542003,254.5],[11.539681,42.541745,257.25],[11.540079,42.540775,264],[11.540219,42.540471,264],[11.540507,42.539802,263.75],[11.54066,42.539488,264.75],[11.540809,42.539141,264.75],[11.540939,42.538907,265.25],[11.541069,42.538844,266],[11.541443,42.538723,265.25],[11.541664,42.538677,263.25],[11.541966,42.538603,261],[11.542206,42.538486,260.75],[11.542305,42.538388,260.75],[11.542623,42.53829,259.5],[11.54285,42.538247,259.25],[11.543008,42.538253,258.25],[11.543272,42.538281,255.75],[11.543388,42.538299,254.5],[11.543642,42.538295,253.5],[11.543743,42.538271,253.75],[11.54393,42.53826,253.25],[11.544108,42.538221,253.5],[11.544266,42.538214,253.25],[11.544401,42.538196,252.5],[11.544501,42.538214,251.75],[11.544626,42.53826,251],[11.544722,42.538327,250.75],[11.544794,42.538401,249.75],[11.544977,42.538561,248],[11.545231,42.538755,243.75],[11.545327,42.538868,242.5],[11.545486,42.538936,240.75],[11.545582,42.538939,240],[11.545644,42.538892,239.25],[11.545693,42.538824,238],[11.545714,42.538745,237.25],[11.545698,42.538454,235],[11.545666,42.538317,234.25],[11.545584,42.538103,234],[11.54556,42.538004,233],[11.54558,42.53794,232.25],[11.545637,42.537904,231.75],[11.54574,42.537907,232],[11.54591,42.537946,233.75],[11.546292,42.538069,242.25],[11.546451,42.538133,244.5],[11.546595,42.5382,245.5],[11.546703,42.538194,246.75],[11.546821,42.53815,247.75],[11.546939,42.538041,248],[11.547167,42.53786,251.25],[11.547305,42.537784,251.75],[11.54748,42.537698,252.75],[11.547656,42.537626,254.25],[11.547837,42.537584,255.5],[11.547999,42.537537,256.5],[11.548102,42.53749,257.25],[11.548436,42.537296,260.25],[11.548573,42.537202,262],[11.548636,42.537099,264.25],[11.548701,42.536808,269],[11.548791,42.536654,271.5],[11.548821,42.536547,273.5],[11.54882,42.536471,274.75],[11.548772,42.53628,278.75],[11.548595,42.535781,286.75],[11.548501,42.535617,289],[11.548415,42.535518,289.75],[11.548272,42.53533,290.75],[11.548266,42.535267,291.5],[11.548352,42.5352,292],[11.548477,42.535156,292.75],[11.549066,42.535,294.5],[11.549497,42.534828,297],[11.549951,42.534598,301.5],[11.550126,42.534519,302.75],[11.550369,42.534436,304.5],[11.550815,42.534245,306],[11.551089,42.534114,306.5],[11.55191,42.533654,305.75],[11.552063,42.533526,305.75],[11.552332,42.533332,306.75],[11.552544,42.533201,307.25],[11.552827,42.533049,309],[11.5531,42.532893,310.5],[11.553475,42.532642,312.25],[11.553581,42.532601,312.25],[11.553759,42.532521,311.5],[11.553936,42.53243,311.5],[11.554041,42.532359,311.5],[11.554252,42.532172,311.25],[11.554387,42.5321,310.5],[11.554536,42.53209,309.5],[11.554637,42.53209,309.25],[11.554828,42.532101,309.25],[11.55514,42.532133,310],[11.555317,42.532143,310],[11.555415,42.532137,310],[11.55563,42.532062,311.25],[11.555748,42.532058,311.25],[11.556073,42.532175,309.5],[11.556217,42.532256,309],[11.556337,42.532339,308.75],[11.556404,42.53242,308.5],[11.556488,42.532589,308.75],[11.556549,42.532679,309.25],[11.556625,42.532741,309.75],[11.55661,42.532833,310.5],[11.556562,42.532969,311.75],[11.556681,42.533082,313.5],[11.556789,42.533141,311.75],[11.55697,42.533218,309.25],[11.557225,42.533321,307],[11.557719,42.533512,306.25],[11.558046,42.533678,304],[11.558257,42.533728,303],[11.558459,42.533785,301.25],[11.558665,42.533816,299.25],[11.55903,42.533848,294.75],[11.559582,42.533901,292.75],[11.559942,42.533969,290.5],[11.560154,42.533993,289],[11.560327,42.534043,288.25],[11.560605,42.534092,285.75],[11.560826,42.534103,284],[11.56096,42.534128,283.25],[11.561148,42.534195,281.75],[11.561378,42.534298,280],[11.561522,42.534329,280.75],[11.561712,42.534339,282.25],[11.561799,42.534326,283],[11.561861,42.534344,283.25],[11.561941,42.534384,283.5],[11.562058,42.534493,281.5],[11.562174,42.534614,279.25],[11.56227,42.534683,277.75],[11.562398,42.534801,275.5],[11.562506,42.534906,273.5],[11.562617,42.534992,271.75],[11.562744,42.53514,270.25],[11.563008,42.535382,268.5],[11.563117,42.535443,268],[11.563191,42.535476,267.5],[11.563406,42.535527,266.5],[11.563511,42.535575,265.75],[11.563541,42.535698,262.25],[11.563499,42.535781,260],[11.563152,42.536025,257.5],[11.56308,42.536159,256],[11.563085,42.536641,248.75],[11.562944,42.536773,247.25],[11.562789,42.5369,246.75],[11.562672,42.537065,245.5],[11.562611,42.537296,243.75],[11.562601,42.537333,243.5],[11.562666,42.537469,242],[11.562949,42.538221,231.25],[11.562971,42.538521,228],[11.562997,42.538557,227.75],[11.563035,42.538608,227.5],[11.563185,42.538616,225.5],[11.563314,42.538521,223.5],[11.563463,42.538325,220.75],[11.563852,42.537924,216],[11.563951,42.537842,215],[11.564034,42.537811,214],[11.564146,42.537818,211.75],[11.564492,42.537924,205.75],[11.564557,42.537931,204.75],[11.564777,42.537867,203],[11.564828,42.537827,203],[11.564898,42.537661,205],[11.564965,42.537601,205.25],[11.565051,42.537558,205.75],[11.565158,42.53755,206],[11.565244,42.53757,205.5],[11.565496,42.537787,204],[11.565782,42.537928,203.75],[11.566118,42.538005,203.25],[11.566399,42.538056,199.75],[11.566754,42.538024,198.5],[11.566939,42.538034,197.5],[11.567274,42.538014,193.75],[11.56752,42.537928,190.75],[11.567732,42.537812,189.25],[11.567949,42.537592,187.75],[11.568148,42.537489,184.75],[11.568893,42.53758,177],[11.56929,42.537565,177.25],[11.569322,42.537659,175.75],[11.569526,42.537896,172.5],[11.569859,42.538078,170],[11.570803,42.538189,166.5],[11.571018,42.538252,163.5],[11.571457,42.538157,161.75],[11.571972,42.53815,157.5],[11.572541,42.538268,154],[11.572841,42.53864,146.5],[11.573099,42.538932,142.5],[11.57311,42.539153,138.5],[11.57297,42.539628,131.25],[11.573131,42.539952,125.25],[11.573464,42.540276,121],[11.573394,42.540477,121],[11.573485,42.540798,123.75],[11.573764,42.541027,126.25],[11.57385,42.54124,129.75],[11.573796,42.54143,134],[11.573926,42.541599,136],[11.574131,42.541648,134],[11.574501,42.541778,132.25],[11.574646,42.541808,131.5],[11.574871,42.541798,129.5],[11.5752,42.541724,125.25],[11.575332,42.54169,124],[11.576212,42.541464,120.25],[11.578551,42.540884,114.75],[11.578848,42.540804,114.75],[11.579905,42.540543,112],[11.58163,42.540099,109.75],[11.584638,42.539348,106.75],[11.584763,42.539302,106.5],[11.584942,42.539189,107.25],[11.585036,42.539104,108.25],[11.586294,42.5378,111.5],[11.586394,42.53772,111.75],[11.586544,42.537627,111.75],[11.586735,42.537535,111.5],[11.587712,42.537096,110.75],[11.587831,42.53703,111],[11.587906,42.536965,111.5],[11.587948,42.536889,111.75],[11.587976,42.536818,111.75],[11.58809,42.536206,110],[11.588184,42.536028,109.75],[11.588262,42.535924,109.75],[11.589024,42.535193,109.75],[11.589687,42.534577,113.25],[11.589824,42.534381,113.5],[11.589855,42.534286,114.5],[11.589907,42.533853,118.25],[11.589899,42.533533,121],[11.589875,42.533211,123.5],[11.589931,42.533023,123.5],[11.590416,42.53216,128],[11.59203,42.531129,117.25],[11.593317,42.530231,117.25],[11.593784,42.53,116.25],[11.595235,42.529753,119.5],[11.595925,42.529396,119.75],[11.597157,42.529299,120],[11.597909,42.52901,119.25],[11.59863,42.528504,120.5],[11.598989,42.528271,120.75],[11.599454,42.528188,117],[11.600967,42.527438,119.75],[11.601117,42.527398,119.25],[11.601198,42.527394,118],[11.601335,42.527329,117.75],[11.60153,42.527284,115.75],[11.601697,42.527183,116.25],[11.601804,42.527127,115.5],[11.602276,42.526992,110],[11.603091,42.526722,108.25],[11.603382,42.526591,108.25],[11.603951,42.526256,109.25],[11.604796,42.525925,103.5],[11.606104,42.525096,105.25],[11.606178,42.524724,108.25],[11.606082,42.52422,110.25],[11.606052,42.524018,111.25],[11.606549,42.522844,105.5],[11.606457,42.522281,104.25],[11.606273,42.521895,105.25],[11.606234,42.521544,104.5],[11.606272,42.521034,98.75],[11.606239,42.520882,97.75],[11.606184,42.52083,98],[11.606408,42.520341,103.5],[11.606687,42.519977,106.5],[11.607159,42.51955,109.25],[11.607577,42.519194,114.75],[11.608167,42.51887,111.75],[11.608511,42.518593,112],[11.608843,42.517977,109.25],[11.608771,42.517651,114.25],[11.608822,42.517345,115],[11.609007,42.516649,111.75],[11.609453,42.515938,113.5],[11.609504,42.51545,116.25],[11.610174,42.514603,122.25],[11.610638,42.514178,120.5],[11.611214,42.513583,118.5],[11.611719,42.513325,115.5],[11.612138,42.5131,114.25],[11.612498,42.512849,114],[11.6127,42.512547,115.25],[11.612699,42.512346,116],[11.612436,42.511911,119],[11.612413,42.511784,119],[11.612476,42.511598,118.75],[11.612758,42.511272,121.25],[11.613176,42.51058,122.75],[11.613277,42.510192,123.5],[11.613167,42.509938,125.25],[11.612612,42.509249,132.25],[11.612293,42.508734,133.25],[11.611862,42.508194,134],[11.611506,42.50791,135.5],[11.610851,42.507511,135],[11.610319,42.507261,135.5],[11.610036,42.507062,136.5],[11.60969,42.50689,138],[11.60951,42.506701,138.5],[11.60936,42.506291,140.75],[11.609259,42.506159,141.5],[11.609284,42.506075,141.25],[11.609524,42.505959,143],[11.609729,42.505907,146],[11.609833,42.505927,147.5],[11.610436,42.506155,148.5],[11.611823,42.506923,163],[11.612241,42.507043,164.25],[11.612456,42.507061,166],[11.612803,42.507001,168.25],[11.613066,42.506825,171.5],[11.613383,42.505909,179.25],[11.613727,42.505594,179.25],[11.614536,42.504537,175.75],[11.615748,42.502933,171.25],[11.61654,42.50201,170.5],[11.616825,42.501393,170.75],[11.616829,42.501346,170.75],[11.617,42.501279,170],[11.617228,42.501178,169.75],[11.617561,42.500917,167.75],[11.617679,42.500787,167.75],[11.617866,42.500688,167.75],[11.617679,42.500787,167.75],[11.617561,42.500917,167.75],[11.617228,42.501178,169.75],[11.617,42.501279,170],[11.616829,42.501346,170.75],[11.616888,42.500756,169],[11.616879,42.499463,162.25],[11.616693,42.498329,150.5],[11.616692,42.498106,150.75],[11.616702,42.497699,152],[11.616553,42.496319,144.25],[11.616621,42.496048,144.25],[11.61692,42.495395,148],[11.617078,42.494795,151.75],[11.617015,42.494365,153.75],[11.616675,42.493531,148.25],[11.616526,42.493061,146.5],[11.616631,42.492697,146],[11.616728,42.492194,143.5],[11.616658,42.492119,142.5],[11.61638,42.491974,140.5],[11.61617,42.491824,137.25],[11.615022,42.491178,125.75],[11.614373,42.490926,122.25],[11.613632,42.490561,117],[11.613462,42.49047,116],[11.613429,42.490157,115.5],[11.61359,42.489991,112.25],[11.613911,42.489773,112.75],[11.614249,42.489251,113.75],[11.614775,42.488579,116.25],[11.614936,42.488318,118.5],[11.614947,42.488148,118.75],[11.614829,42.487875,119],[11.614674,42.487706,119.25],[11.614292,42.487487,118],[11.613954,42.487352,116.75],[11.61359,42.486985,115.25],[11.613418,42.486886,116.25],[11.612946,42.486704,122.25],[11.612742,42.486597,125.25],[11.612436,42.48613,125.25],[11.612088,42.48589,126.75],[11.61102,42.485177,129.25],[11.610918,42.485121,129.75],[11.610907,42.485015,129.25],[11.610988,42.484243,129.5],[11.61095,42.483737,129],[11.610784,42.483385,131.5],[11.610838,42.482997,132],[11.610999,42.482388,133],[11.61102,42.481988,133.75],[11.610923,42.481612,135.75],[11.610805,42.481062,134.25],[11.610966,42.480603,133.25],[11.611272,42.479986,134.25],[11.611288,42.479535,135],[11.611192,42.479183,137],[11.611084,42.478918,139.25],[11.611095,42.478507,137.75],[11.611122,42.477996,138.25],[11.611235,42.47692,136],[11.611347,42.475943,135.75],[11.611514,42.475537,134],[11.611835,42.474692,131.5],[11.612248,42.473818,128],[11.612586,42.473019,131.5],[11.612683,42.47271,132.5],[11.612747,42.472144,131.25],[11.613037,42.471792,127.25],[11.613042,42.471582,127],[11.612919,42.471369,124.5],[11.612817,42.47123,121],[11.612629,42.471084,118.25],[11.612576,42.471017,118],[11.612645,42.470605,114.25],[11.612527,42.470047,110.5],[11.612581,42.468888,97.5],[11.612619,42.46869,97.75],[11.612613,42.4685,97.75],[11.612645,42.468223,96.5],[11.612662,42.467388,86.25],[11.612731,42.467269,84.75],[11.613069,42.467024,80],[11.613262,42.466838,78.25],[11.613386,42.466668,76],[11.613354,42.466525,75.75],[11.613053,42.466177,76.25],[11.613038,42.46604,76.25],[11.612973,42.465722,77.25],[11.612828,42.465406,76.75],[11.612758,42.464875,75],[11.61279,42.464701,74.75],[11.612887,42.464535,74.25],[11.612924,42.464325,73.5],[11.612806,42.463902,73.5],[11.612914,42.463181,76.25],[11.612955,42.462818,76.25],[11.612939,42.462587,76.5],[11.612955,42.462164,77],[11.612951,42.462081,76.5],[11.612932,42.461989,76],[11.612902,42.461917,75.75],[11.612804,42.461741,74.75],[11.612728,42.461633,74.25],[11.612717,42.461591,74.5],[11.612789,42.461121,74.75],[11.612785,42.460996,75],[11.612734,42.460776,74.75],[11.612621,42.460443,74.5],[11.612584,42.46017,75.5],[11.61255,42.459593,77],[11.612528,42.459333,77],[11.612484,42.458962,77],[11.612488,42.458653,76],[11.612557,42.458314,74.75],[11.612564,42.458013,75.75],[11.612616,42.457679,77],[11.612739,42.45722,78],[11.612772,42.457064,78],[11.612747,42.456771,77.5],[11.612656,42.456521,77.25],[11.612454,42.45607,76.75],[11.611667,42.454873,73.5],[11.61139,42.454537,72.25],[11.610581,42.453714,73.75],[11.610091,42.453144,73.25],[11.610032,42.453066,73],[11.609995,42.452951,73],[11.609878,42.452417,74],[11.60976,42.452169,74.75],[11.609638,42.451996,75.25],[11.609521,42.451905,75.5],[11.609377,42.451819,76.25],[11.608433,42.451347,78.5],[11.608108,42.451166,78.25],[11.606668,42.4508,80.75],[11.605112,42.450332,84.75],[11.604909,42.450241,85.25],[11.604765,42.450119,85.25],[11.603875,42.449285,89],[11.603806,42.449199,89.5],[11.603784,42.44912,89.5],[11.6038,42.448998,89.25],[11.60395,42.448617,89],[11.604655,42.446642,97.25],[11.604661,42.446456,96.75],[11.604885,42.446201,97.25],[11.605721,42.444926,91],[11.606744,42.443407,87.25],[11.607474,42.442337,86.25],[11.608614,42.441128,87.75],[11.610387,42.439223,90],[11.610814,42.438785,90.75],[11.612756,42.436348,89.5],[11.61365,42.435411,88.25],[11.616065,42.432899,79],[11.616266,42.432719,78],[11.616453,42.432606,77.5],[11.616662,42.432519,77.75],[11.616716,42.432448,77.5],[11.616813,42.432412,77],[11.616975,42.4325,76.75],[11.617007,42.432603,75.75],[11.617338,42.432705,75.5],[11.617698,42.43279,75.75],[11.618274,42.432771,75.75],[11.61862,42.432803,74.5],[11.618657,42.432871,74],[11.618685,42.432906,73.75],[11.618719,42.432951,73.5],[11.618846,42.433066,73.5],[11.620092,42.433884,71.5],[11.620177,42.433925,71.75],[11.620277,42.43395,72.25],[11.62039,42.433967,72.25],[11.621693,42.434047,73.5],[11.621832,42.434068,73.25],[11.621954,42.434107,72.75],[11.62209,42.434177,72.75],[11.622801,42.43459,73.5],[11.622951,42.434684,73],[11.623537,42.435157,73],[11.623615,42.435246,73.25],[11.623961,42.435828,73],[11.623993,42.435925,73],[11.62403,42.436109,73],[11.624074,42.43621,72.25],[11.624134,42.436273,72.25],[11.624192,42.436319,72],[11.624286,42.436361,72.25],[11.624395,42.43639,72.5],[11.625004,42.436462,74.75],[11.625149,42.436503,74.5],[11.625546,42.436654,74.25],[11.625698,42.436733,74.75],[11.625904,42.436874,74.25],[11.626171,42.437095,74],[11.626497,42.437402,73.75],[11.626582,42.437459,73.5],[11.626697,42.437499,73.25],[11.626843,42.437528,74.5],[11.627115,42.437562,76.5],[11.627295,42.437611,77],[11.627586,42.4378,74.5],[11.627687,42.437916,74.5],[11.627791,42.438098,72],[11.627897,42.438488,73.25],[11.627902,42.438558,73.5],[11.627998,42.438495,74],[11.628104,42.438383,74.25],[11.628133,42.43824,74.5],[11.628125,42.438172,74.5],[11.628042,42.437911,77],[11.627989,42.437669,79.25],[11.627985,42.437549,80],[11.628058,42.437448,80],[11.628067,42.437269,80.75],[11.627994,42.43716,81.25],[11.627944,42.437052,82],[11.627914,42.436944,82.5],[11.627856,42.436634,83.75],[11.627773,42.436401,84.75],[11.627705,42.436236,85.25],[11.627682,42.436105,85.25],[11.627632,42.435646,83.75],[11.627554,42.435342,82.25],[11.627543,42.435263,81.5],[11.62754,42.435247,81.5],[11.627675,42.435264,81.25],[11.627756,42.435262,81],[11.628162,42.435197,80],[11.628252,42.435212,79.75],[11.628324,42.435242,80],[11.628375,42.435296,80.25],[11.628522,42.435695,82.25],[11.628696,42.435939,83],[11.628806,42.436056,83.75],[11.628972,42.436203,83.75],[11.629188,42.436421,84.25]]}},{"type":"Feature","properties":{"time":"2025-04-10T16:46:31.943Z","sym":"left_slight"},"geometry":{"type":"Point","coordinates":[11.628688,42.423802,57.75]}},{"type":"Feature","properties":{"time":"2025-04-10T16:46:31.943Z","sym":"left_slight"},"geometry":{"type":"Point","coordinates":[11.627133,42.42477,67.25]}},{"type":"Feature","properties":{"time":"2025-04-10T16:46:31.943Z","sym":"right"},"geometry":{"type":"Point","coordinates":[11.626941,42.424793,68.25]}},{"type":"Feature","properties":{"time":"2025-04-10T16:46:31.943Z","sym":"right"},"geometry":{"type":"Point","coordinates":[11.626542,42.430875,73.25]}},{"type":"Feature","properties":{"time":"2025-04-10T16:46:31.943Z","sym":"right"},"geometry":{"type":"Point","coordinates":[11.626542,42.430875,73.25]}},{"type":"Feature","properties":{"time":"2025-04-10T16:46:31.943Z","sym":"right"},"geometry":{"type":"Point","coordinates":[11.626555,42.431274,71.75]}},{"type":"Feature","properties":{"time":"2025-04-10T16:46:31.943Z","sym":"left"},"geometry":{"type":"Point","coordinates":[11.6267,42.431298,71]}},{"type":"Feature","properties":{"time":"2025-04-10T16:46:31.943Z","sym":"left_sharp"},"geometry":{"type":"Point","coordinates":[11.627902,42.438558,73.5]}},{"type":"Feature","properties":{"time":"2025-04-10T16:46:31.943Z","sym":"right"},"geometry":{"type":"Point","coordinates":[11.618622,42.432687,75]}},{"type":"Feature","properties":{"time":"2025-04-10T16:46:31.943Z","sym":"left_slight"},"geometry":{"type":"Point","coordinates":[11.616975,42.4325,76.75]}},{"type":"Feature","properties":{"time":"2025-04-10T16:46:31.943Z","sym":"right_slight"},"geometry":{"type":"Point","coordinates":[11.616813,42.432412,77]}},{"type":"Feature","properties":{"time":"2025-04-10T16:46:31.943Z","sym":"right_slight"},"geometry":{"type":"Point","coordinates":[11.616716,42.432448,77.5]}},{"type":"Feature","properties":{"time":"2025-04-10T16:46:31.943Z","sym":"left_slight"},"geometry":{"type":"Point","coordinates":[11.616662,42.432519,77.75]}},{"type":"Feature","properties":{"time":"2025-04-10T16:46:31.943Z","sym":"right_slight"},"geometry":{"type":"Point","coordinates":[11.604661,42.446456,96.75]}},{"type":"Feature","properties":{"time":"2025-04-10T16:46:31.943Z","sym":"left_slight"},"geometry":{"type":"Point","coordinates":[11.613386,42.466668,76]}},{"type":"Feature","properties":{"time":"2025-04-10T16:46:31.943Z","sym":"right_slight"},"geometry":{"type":"Point","coordinates":[11.608771,42.517651,114.25]}},{"type":"Feature","properties":{"time":"2025-04-10T16:46:31.943Z","sym":"right_slight"},"geometry":{"type":"Point","coordinates":[11.606184,42.52083,98]}},{"type":"Feature","properties":{"time":"2025-04-10T16:46:31.943Z","sym":"left_slight"},"geometry":{"type":"Point","coordinates":[11.601198,42.527394,118]}},{"type":"Feature","properties":{"time":"2025-04-10T16:46:31.943Z","sym":"left_slight"},"geometry":{"type":"Point","coordinates":[11.573926,42.541599,136]}},{"type":"Feature","properties":{"time":"2025-04-10T16:46:31.943Z","sym":"right_slight"},"geometry":{"type":"Point","coordinates":[11.572541,42.538268,154]}},{"type":"Feature","properties":{"time":"2025-04-10T16:46:31.943Z","sym":"right_slight"},"geometry":{"type":"Point","coordinates":[11.53914,42.542926,250.25]}},{"type":"Feature","properties":{"time":"2025-04-10T16:46:31.943Z","sym":"left"},"geometry":{"type":"Point","coordinates":[11.542702,42.544817,261.25]}},{"type":"Feature","properties":{"time":"2025-04-10T16:46:31.943Z","sym":"right"},"geometry":{"type":"Point","coordinates":[11.538933,42.555217,231]}},{"type":"Feature","properties":{"time":"2025-04-10T16:46:31.943Z","sym":"right"},"geometry":{"type":"Point","coordinates":[11.538933,42.555217,231]}},{"type":"Feature","properties":{"time":"2025-04-10T16:46:31.943Z","sym":"right"},"geometry":{"type":"Point","coordinates":[11.534888,42.57031,289.25]}},{"type":"Feature","properties":{"time":"2025-04-10T16:46:31.943Z","sym":"right_sharp"},"geometry":{"type":"Point","coordinates":[11.535557,42.571664,294.75]}},{"type":"Feature","properties":{"time":"2025-04-10T16:46:31.943Z","sym":"left"},"geometry":{"type":"Point","coordinates":[11.53633,42.573007,308.5]}},{"type":"Feature","properties":{"time":"2025-04-10T16:46:31.943Z","sym":"straight"},"geometry":{"type":"Point","coordinates":[11.529552,42.579447,368.75]}},{"type":"Feature","properties":{"time":"2025-04-10T16:46:31.943Z","sym":"right"},"geometry":{"type":"Point","coordinates":[11.525801,42.582498,358.25]}},{"type":"Feature","properties":{"time":"2025-04-10T16:46:31.943Z","sym":"right_sharp"},"geometry":{"type":"Point","coordinates":[11.525603,42.583395,363.75]}},{"type":"Feature","properties":{"time":"2025-04-10T16:46:31.943Z","sym":"right"},"geometry":{"type":"Point","coordinates":[11.525603,42.583395,363.75]}},{"type":"Feature","properties":{"time":"2025-04-10T16:46:31.943Z","sym":"stay_left"},"geometry":{"type":"Point","coordinates":[11.524076,42.584594,377.5]}},{"type":"Feature","properties":{"time":"2025-04-10T16:46:31.943Z","sym":"left_slight"},"geometry":{"type":"Point","coordinates":[11.519435,42.588038,391.75]}},{"type":"Feature","properties":{"time":"2025-04-10T16:46:31.943Z","sym":"roundabout_e1"},"geometry":{"type":"Point","coordinates":[11.519216,42.588184,390.25]}},{"type":"Feature","properties":{"time":"2025-04-10T16:46:31.943Z","sym":"left_slight"},"geometry":{"type":"Point","coordinates":[11.518159,42.587771,394.75]}},{"type":"Feature","properties":{"time":"2025-04-10T16:46:31.943Z","sym":"left_slight"},"geometry":{"type":"Point","coordinates":[11.518967,42.588164,390.5]}},{"type":"Feature","properties":{"time":"2025-04-10T16:46:31.943Z","sym":"straight"},"geometry":{"type":"Point","coordinates":[11.519024,42.588251,390.5]}},{"type":"Feature","properties":{"time":"2025-04-10T16:46:31.943Z","sym":"roundabout_e1"},"geometry":{"type":"Point","coordinates":[11.519072,42.588312,390.25]}},{"type":"Feature","properties":{"time":"2025-04-10T16:46:31.943Z","sym":"left"},"geometry":{"type":"Point","coordinates":[11.519656,42.589724,388.25]}},{"type":"Feature","properties":{"time":"2025-04-10T16:46:31.943Z","sym":"right"},"geometry":{"type":"Point","coordinates":[11.519325,42.58985,385]}},{"type":"Feature","properties":{"time":"2025-04-10T16:46:31.943Z","sym":"right_sharp"},"geometry":{"type":"Point","coordinates":[11.519405,42.591473,381]}},{"type":"Feature","properties":{"time":"2025-04-10T16:46:31.943Z","sym":"left"},"geometry":{"type":"Point","coordinates":[11.52024,42.591134,377]}},{"type":"Feature","properties":{"time":"2025-04-10T16:46:31.943Z","sym":"left"},"geometry":{"type":"Point","coordinates":[11.520352,42.591902,373.5]}},{"type":"Feature","properties":{"time":"2025-04-10T16:46:31.943Z","sym":"right"},"geometry":{"type":"Point","coordinates":[11.519295,42.592008,377.25]}},{"type":"Feature","properties":{"time":"2025-04-10T16:46:31.943Z","sym":"right"},"geometry":{"type":"Point","coordinates":[11.519403,42.592618,365.5]}},{"type":"Feature","properties":{"time":"2025-04-10T16:46:31.943Z","sym":"left"},"geometry":{"type":"Point","coordinates":[11.520443,42.592536,371.75]}},{"type":"Feature","properties":{"time":"2025-04-10T16:46:31.943Z","sym":"right_slight"},"geometry":{"type":"Point","coordinates":[11.520493,42.592908,371.5]}},{"type":"Feature","properties":{"time":"2025-04-10T16:46:31.943Z","sym":"right"},"geometry":{"type":"Point","coordinates":[11.506912,42.611758,364.75]}},{"type":"Feature","properties":{"time":"2025-04-10T16:46:31.943Z","sym":"left"},"geometry":{"type":"Point","coordinates":[11.515575,42.62101,242.5]}},{"type":"Feature","properties":{"time":"2025-04-10T16:46:31.943Z","sym":"left"},"geometry":{"type":"Point","coordinates":[11.500406,42.632901,215.5]}},{"type":"Feature","properties":{"time":"2025-04-10T16:46:31.943Z","sym":"right_sharp"},"geometry":{"type":"Point","coordinates":[11.5001,42.632178,219.5]}},{"type":"Feature","properties":{"time":"2025-04-10T16:46:31.943Z","sym":"straight"},"geometry":{"type":"Point","coordinates":[11.490583,42.640549,183]}},{"type":"Feature","properties":{"time":"2025-04-10T16:46:31.943Z","sym":"straight"},"geometry":{"type":"Point","coordinates":[11.488719,42.644399,142.75]}},{"type":"Feature","properties":{"time":"2025-04-10T16:46:31.943Z","sym":"right"},"geometry":{"type":"Point","coordinates":[11.495499,42.658773,175.5]}},{"type":"Feature","properties":{"time":"2025-04-10T16:46:31.943Z","sym":"straight"},"geometry":{"type":"Point","coordinates":[11.504061,42.65626,167]}},{"type":"Feature","properties":{"time":"2025-04-10T16:46:31.943Z","sym":"right"},"geometry":{"type":"Point","coordinates":[11.504061,42.65626,167]}},{"type":"Feature","properties":{"time":"2025-04-10T16:46:31.943Z","sym":"left_slight"},"geometry":{"type":"Point","coordinates":[11.505443,42.663132,272]}},{"type":"Feature","properties":{"time":"2025-04-10T16:46:31.943Z","sym":"right_slight"},"geometry":{"type":"Point","coordinates":[11.505479,42.6643,291.25]}},{"type":"Feature","properties":{"time":"2025-04-10T16:46:31.943Z","sym":"left"},"geometry":{"type":"Point","coordinates":[11.506268,42.664991,292.25]}},{"type":"Feature","properties":{"time":"2025-04-10T16:46:31.943Z","sym":"right"},"geometry":{"type":"Point","coordinates":[11.506268,42.664991,292.25]}},{"type":"Feature","properties":{"time":"2025-04-10T16:46:31.943Z","sym":"right"},"geometry":{"type":"Point","coordinates":[11.505765,42.66459,290.75]}},{"type":"Feature","properties":{"time":"2025-04-10T16:46:31.943Z","sym":"left"},"geometry":{"type":"Point","coordinates":[11.505534,42.664763,292.25]}},{"type":"Feature","properties":{"time":"2025-04-10T16:46:31.943Z","sym":"left"},"geometry":{"type":"Point","coordinates":[11.505084,42.66469,292.5]}},{"type":"Feature","properties":{"time":"2025-04-10T16:46:31.943Z","sym":"right"},"geometry":{"type":"Point","coordinates":[11.50476,42.664651,293.75]}},{"type":"Feature","properties":{"time":"2025-04-10T16:46:31.943Z","sym":"left"},"geometry":{"type":"Point","coordinates":[11.504761,42.66471,293.75]}},{"type":"Feature","properties":{"time":"2025-04-10T16:46:31.943Z","sym":"left_slight"},"geometry":{"type":"Point","coordinates":[11.504503,42.664928,293]}},{"type":"Feature","properties":{"time":"2025-04-10T16:46:31.943Z","sym":"left_slight"},"geometry":{"type":"Point","coordinates":[11.503773,42.66545,291.25]}},{"type":"Feature","properties":{"time":"2025-04-10T16:46:31.943Z","sym":"straight"},"geometry":{"type":"Point","coordinates":[11.503286,42.665477,289.5]}},{"type":"Feature","properties":{"time":"2025-04-10T16:46:31.943Z","sym":"straight"},"geometry":{"type":"Point","coordinates":[11.498676,42.664404,246.75]}},{"type":"Feature","properties":{"time":"2025-04-10T16:46:31.943Z","sym":"straight"},"geometry":{"type":"Point","coordinates":[11.498418,42.66374,243.75]}},{"type":"Feature","properties":{"time":"2025-04-10T16:46:31.943Z","sym":"left_slight"},"geometry":{"type":"Point","coordinates":[11.49841,42.662173,232.25]}},{"type":"Feature","properties":{"time":"2025-04-10T16:46:31.943Z","sym":"right_slight"},"geometry":{"type":"Point","coordinates":[11.49841,42.662173,232.25]}},{"type":"Feature","properties":{"time":"2025-04-10T16:46:31.943Z","sym":"left"},"geometry":{"type":"Point","coordinates":[11.498272,42.662587,236.25]}},{"type":"Feature","properties":{"time":"2025-04-10T16:46:31.943Z","sym":"right_sharp"},"geometry":{"type":"Point","coordinates":[11.47845,42.661819,123]}},{"type":"Feature","properties":{"time":"2025-04-10T16:46:31.943Z","sym":"right_slight"},"geometry":{"type":"Point","coordinates":[11.47845,42.661819,123]}},{"type":"Feature","properties":{"time":"2025-04-10T16:46:31.943Z","sym":"right"},"geometry":{"type":"Point","coordinates":[11.460746,42.669113,159]}},{"type":"Feature","properties":{"time":"2025-04-10T16:46:31.943Z","sym":"right"},"geometry":{"type":"Point","coordinates":[11.4608,42.669143,159]}},{"type":"Feature","properties":{"time":"2025-04-10T16:46:31.943Z","sym":"right"},"geometry":{"type":"Point","coordinates":[11.428134,42.690071,466.25]}},{"type":"Feature","properties":{"time":"2025-04-10T16:46:31.943Z","sym":"right"},"geometry":{"type":"Point","coordinates":[11.428134,42.690071,466.25]}},{"type":"Feature","properties":{"time":"2025-04-10T16:46:31.943Z","sym":"left_slight"},"geometry":{"type":"Point","coordinates":[11.44361,42.681339,323.75]}},{"type":"Feature","properties":{"time":"2025-04-10T16:46:31.943Z","sym":"right"},"geometry":{"type":"Point","coordinates":[11.4608,42.669143,159]}},{"type":"Feature","properties":{"time":"2025-04-10T16:46:31.943Z","sym":"left"},"geometry":{"type":"Point","coordinates":[11.460746,42.669113,159]}},{"type":"Feature","properties":{"time":"2025-04-10T16:46:31.943Z","sym":"right"},"geometry":{"type":"Point","coordinates":[11.498272,42.662587,236.25]}},{"type":"Feature","properties":{"time":"2025-04-10T16:46:31.943Z","sym":"straight"},"geometry":{"type":"Point","coordinates":[11.49841,42.662173,232.25]}},{"type":"Feature","properties":{"time":"2025-04-10T16:46:31.943Z","sym":"left"},"geometry":{"type":"Point","coordinates":[11.495499,42.658773,175.5]}},{"type":"Feature","properties":{"time":"2025-04-10T16:46:31.943Z","sym":"left_slight"},"geometry":{"type":"Point","coordinates":[11.495297,42.658051,177.75]}},{"type":"Feature","properties":{"time":"2025-04-10T16:46:31.943Z","sym":"left_slight"},"geometry":{"type":"Point","coordinates":[11.487176,42.64915,124.75]}},{"type":"Feature","properties":{"time":"2025-04-10T16:46:31.943Z","sym":"right_slight"},"geometry":{"type":"Point","coordinates":[11.488719,42.644399,142.75]}},{"type":"Feature","properties":{"time":"2025-04-10T16:46:31.943Z","sym":"left_sharp"},"geometry":{"type":"Point","coordinates":[11.5001,42.632178,219.5]}},{"type":"Feature","properties":{"time":"2025-04-10T16:46:31.943Z","sym":"right"},"geometry":{"type":"Point","coordinates":[11.500406,42.632901,215.5]}},{"type":"Feature","properties":{"time":"2025-04-10T16:46:31.943Z","sym":"right"},"geometry":{"type":"Point","coordinates":[11.515575,42.62101,242.5]}},{"type":"Feature","properties":{"time":"2025-04-10T16:46:31.943Z","sym":"right"},"geometry":{"type":"Point","coordinates":[11.510012,42.617384,289.25]}},{"type":"Feature","properties":{"time":"2025-04-10T16:46:31.943Z","sym":"left"},"geometry":{"type":"Point","coordinates":[11.506912,42.611758,364.75]}},{"type":"Feature","properties":{"time":"2025-04-10T16:46:31.943Z","sym":"left_slight"},"geometry":{"type":"Point","coordinates":[11.520493,42.592908,371.5]}},{"type":"Feature","properties":{"time":"2025-04-10T16:46:31.943Z","sym":"right"},"geometry":{"type":"Point","coordinates":[11.520443,42.592536,371.75]}},{"type":"Feature","properties":{"time":"2025-04-10T16:46:31.943Z","sym":"left"},"geometry":{"type":"Point","coordinates":[11.519403,42.592618,365.5]}},{"type":"Feature","properties":{"time":"2025-04-10T16:46:31.943Z","sym":"left"},"geometry":{"type":"Point","coordinates":[11.519295,42.592008,377.25]}},{"type":"Feature","properties":{"time":"2025-04-10T16:46:31.943Z","sym":"right"},"geometry":{"type":"Point","coordinates":[11.520352,42.591902,373.5]}},{"type":"Feature","properties":{"time":"2025-04-10T16:46:31.943Z","sym":"right"},"geometry":{"type":"Point","coordinates":[11.52024,42.591134,377]}},{"type":"Feature","properties":{"time":"2025-04-10T16:46:31.943Z","sym":"left_sharp"},"geometry":{"type":"Point","coordinates":[11.519405,42.591473,381]}},{"type":"Feature","properties":{"time":"2025-04-10T16:46:31.943Z","sym":"left"},"geometry":{"type":"Point","coordinates":[11.519325,42.58985,385]}},{"type":"Feature","properties":{"time":"2025-04-10T16:46:31.943Z","sym":"right"},"geometry":{"type":"Point","coordinates":[11.519656,42.589724,388.25]}},{"type":"Feature","properties":{"time":"2025-04-10T16:46:31.943Z","sym":"right_slight"},"geometry":{"type":"Point","coordinates":[11.519339,42.588699,390]}},{"type":"Feature","properties":{"time":"2025-04-10T16:46:31.943Z","sym":"roundabout_e2"},"geometry":{"type":"Point","coordinates":[11.519181,42.58842,389.75]}},{"type":"Feature","properties":{"time":"2025-04-10T16:46:31.943Z","sym":"straight"},"geometry":{"type":"Point","coordinates":[11.519024,42.588251,390.5]}},{"type":"Feature","properties":{"time":"2025-04-10T16:46:31.943Z","sym":"left_sharp"},"geometry":{"type":"Point","coordinates":[11.518967,42.588164,390.5]}},{"type":"Feature","properties":{"time":"2025-04-10T16:46:31.943Z","sym":"roundabout_e1"},"geometry":{"type":"Point","coordinates":[11.519134,42.58821,390]}},{"type":"Feature","properties":{"time":"2025-04-10T16:46:31.943Z","sym":"left"},"geometry":{"type":"Point","coordinates":[11.525801,42.582498,358.25]}},{"type":"Feature","properties":{"time":"2025-04-10T16:46:31.943Z","sym":"straight"},"geometry":{"type":"Point","coordinates":[11.529552,42.579447,368.75]}},{"type":"Feature","properties":{"time":"2025-04-10T16:46:31.943Z","sym":"right"},"geometry":{"type":"Point","coordinates":[11.53633,42.573007,308.5]}},{"type":"Feature","properties":{"time":"2025-04-10T16:46:31.943Z","sym":"left_sharp"},"geometry":{"type":"Point","coordinates":[11.535557,42.571664,294.75]}},{"type":"Feature","properties":{"time":"2025-04-10T16:46:31.943Z","sym":"right_sharp"},"geometry":{"type":"Point","coordinates":[11.535787,42.571744,294.25]}},{"type":"Feature","properties":{"time":"2025-04-10T16:46:31.943Z","sym":"left_slight"},"geometry":{"type":"Point","coordinates":[11.535651,42.571433,292]}},{"type":"Feature","properties":{"time":"2025-04-10T16:46:31.943Z","sym":"left"},"geometry":{"type":"Point","coordinates":[11.534888,42.57031,289.25]}},{"type":"Feature","properties":{"time":"2025-04-10T16:46:31.943Z","sym":"right_slight"},"geometry":{"type":"Point","coordinates":[11.538933,42.555217,231]}},{"type":"Feature","properties":{"time":"2025-04-10T16:46:31.943Z","sym":"right"},"geometry":{"type":"Point","coordinates":[11.542702,42.544817,261.25]}},{"type":"Feature","properties":{"time":"2025-04-10T16:46:31.943Z","sym":"left_slight"},"geometry":{"type":"Point","coordinates":[11.53914,42.542926,250.25]}},{"type":"Feature","properties":{"time":"2025-04-10T16:46:31.943Z","sym":"left_slight"},"geometry":{"type":"Point","coordinates":[11.572541,42.538268,154]}},{"type":"Feature","properties":{"time":"2025-04-10T16:46:31.943Z","sym":"right_slight"},"geometry":{"type":"Point","coordinates":[11.573926,42.541599,136]}},{"type":"Feature","properties":{"time":"2025-04-10T16:46:31.943Z","sym":"right_slight"},"geometry":{"type":"Point","coordinates":[11.601198,42.527394,118]}},{"type":"Feature","properties":{"time":"2025-04-10T16:46:31.943Z","sym":"left_slight"},"geometry":{"type":"Point","coordinates":[11.606184,42.52083,98]}},{"type":"Feature","properties":{"time":"2025-04-10T16:46:31.943Z","sym":"left_slight"},"geometry":{"type":"Point","coordinates":[11.616829,42.501346,170.75]}},{"type":"Feature","properties":{"time":"2025-04-10T16:46:31.943Z","sym":"left_sharp"},"geometry":{"type":"Point","coordinates":[11.616829,42.501346,170.75]}},{"type":"Feature","properties":{"time":"2025-04-10T16:46:31.943Z","sym":"left_slight"},"geometry":{"type":"Point","coordinates":[11.604661,42.446456,96.75]}},{"type":"Feature","properties":{"time":"2025-04-10T16:46:31.943Z","sym":"right_slight"},"geometry":{"type":"Point","coordinates":[11.616662,42.432519,77.75]}},{"type":"Feature","properties":{"time":"2025-04-10T16:46:31.943Z","sym":"left_slight"},"geometry":{"type":"Point","coordinates":[11.616716,42.432448,77.5]}},{"type":"Feature","properties":{"time":"2025-04-10T16:46:31.943Z","sym":"left_slight"},"geometry":{"type":"Point","coordinates":[11.616813,42.432412,77]}},{"type":"Feature","properties":{"time":"2025-04-10T16:46:31.943Z","sym":"left_slight"},"geometry":{"type":"Point","coordinates":[11.616975,42.4325,76.75]}},{"type":"Feature","properties":{"time":"2025-04-10T16:46:31.943Z","sym":"right_slight"},"geometry":{"type":"Point","coordinates":[11.617007,42.432603,75.75]}},{"type":"Feature","properties":{"time":"2025-04-10T16:46:31.943Z","sym":"left"},"geometry":{"type":"Point","coordinates":[11.61862,42.432803,74.5]}},{"type":"Feature","properties":{"time":"2025-04-10T16:46:31.943Z","sym":"right_sharp"},"geometry":{"type":"Point","coordinates":[11.627902,42.438558,73.5]}},{"type":"Feature","properties":{"time":"2025-04-10T16:46:31.943Z","sym":"left"},"geometry":{"type":"Point","coordinates":[11.62754,42.435247,81.5]}},{"type":"Feature","properties":{"time":"2025-04-10T16:46:31.943Z","sym":"left_slight"},"geometry":{"type":"Point","coordinates":[11.628162,42.435197,80]}}]}