<?xml version='1.0' encoding='UTF-8' standalone='yes' ?>
<gpx version="1.1" creator="Locus Map web planner" xsi:schemaLocation="http://www.topografix.com/GPX/1/1 http://www.topografix.com/GPX/1/1/gpx.xsd" xmlns="http://www.topografix.com/GPX/1/1" xmlns:xsi="http://www.w3.org/2001/XMLSchema-instance" xmlns:locus="http://www.locusmap.eu" xmlns:gpxx="http://www.garmin.com/xmlschemas/GpxExtensions/v3" xmlns:gpxtrkx="http://www.garmin.com/xmlschemas/TrackStatsExtension/v1" xmlns:gpxtpx="http://www.garmin.com/xmlschemas/TrackPointExtension/v2">
  <metadata>
    <desc>File with points/tracks from LocusWorld/</desc>
    <time>2025-04-10T16:46:31.945Z</time>
  </metadata>
  <wpt lat="42.4238020" lon="11.6286880">
    <ele>57.75</ele>
    <time>2025-04-10T16:46:31.943Z</time>
    <name></name>
    <sym>left_slight</sym>
    <extensions>
      <locus:rtePointAction>left_slight</locus:rtePointAction>
    </extensions>
  </wpt>
  <wpt lat="42.4247700" lon="11.6271330">
    <ele>67.25</ele>
    <time>2025-04-10T16:46:31.943Z</time>
    <name></name>
    <sym>left_slight</sym>
    <extensions>
      <locus:rtePointAction>left_slight</locus:rtePointAction>
    </extensions>
  </wpt>
  <wpt lat="42.4247930" lon="11.6269410">
    <ele>68.25</ele>
    <time>2025-04-10T16:46:31.943Z</time>
    <name></name>
    <sym>right</sym>
    <extensions>
      <locus:rtePointAction>right</locus:rtePointAction>
    </extensions>
  </wpt>
  <wpt lat="42.4308750" lon="11.6265420">
    <ele>73.25</ele>
    <time>2025-04-10T16:46:31.943Z</time>
    <name></name>
    <sym>right</sym>
    <extensions>
      <locus:rtePointAction>right</locus:rtePointAction>
    </extensions>
  </wpt>
  <wpt lat="42.4308750" lon="11.6265420">
    <ele>73.25</ele>
    <time>2025-04-10T16:46:31.943Z</time>
    <name></name>
    <sym>right</sym>
    <extensions>
      <locus:rtePointAction>right</locus:rtePointAction>
    </extensions>
  </wpt>
  <wpt lat="42.4312740" lon="11.6265550">
    <ele>71.75</ele>
    <time>2025-04-10T16:46:31.943Z</time>
    <name></name>
    <sym>right</sym>
    <extensions>
      <locus:rtePointAction>right</locus:rtePointAction>
    </extensions>
  </wpt>
  <wpt lat="42.4312980" lon="11.6267000">
    <ele>71.00</ele>
    <time>2025-04-10T16:46:31.943Z</time>
    <name></name>
    <sym>left</sym>
    <extensions>
      <locus:rtePointAction>left</locus:rtePointAction>
    </extensions>
  </wpt>
  <wpt lat="42.4385580" lon="11.6279020">
    <ele>73.50</ele>
    <time>2025-04-10T16:46:31.943Z</time>
    <name></name>
    <sym>left_sharp</sym>
    <extensions>
      <locus:rtePointAction>left_sharp</locus:rtePointAction>
    </extensions>
  </wpt>
  <wpt lat="42.4326870" lon="11.6186220">
    <ele>75.00</ele>
    <time>2025-04-10T16:46:31.943Z</time>
    <name></name>
    <sym>right</sym>
    <extensions>
      <locus:rtePointAction>right</locus:rtePointAction>
    </extensions>
  </wpt>
  <wpt lat="42.4325000" lon="11.6169750">
    <ele>76.75</ele>
    <time>2025-04-10T16:46:31.943Z</time>
    <name></name>
    <sym>left_slight</sym>
    <extensions>
      <locus:rtePointAction>left_slight</locus:rtePointAction>
    </extensions>
  </wpt>
  <wpt lat="42.4324120" lon="11.6168130">
    <ele>77.00</ele>
    <time>2025-04-10T16:46:31.943Z</time>
    <name></name>
    <sym>right_slight</sym>
    <extensions>
      <locus:rtePointAction>right_slight</locus:rtePointAction>
    </extensions>
  </wpt>
  <wpt lat="42.4324480" lon="11.6167160">
    <ele>77.50</ele>
    <time>2025-04-10T16:46:31.943Z</time>
    <name></name>
    <sym>right_slight</sym>
    <extensions>
      <locus:rtePointAction>right_slight</locus:rtePointAction>
    </extensions>
  </wpt>
  <wpt lat="42.4325190" lon="11.6166620">
    <ele>77.75</ele>
    <time>2025-04-10T16:46:31.943Z</time>
    <name></name>
    <sym>left_slight</sym>
    <extensions>
      <locus:rtePointAction>left_slight</locus:rtePointAction>
    </extensions>
  </wpt>
  <wpt lat="42.4464560" lon="11.6046610">
    <ele>96.75</ele>
    <time>2025-04-10T16:46:31.943Z</time>
    <name></name>
    <sym>right_slight</sym>
    <extensions>
      <locus:rtePointAction>right_slight</locus:rtePointAction>
    </extensions>
  </wpt>
  <wpt lat="42.4666680" lon="11.6133860">
    <ele>76.00</ele>
    <time>2025-04-10T16:46:31.943Z</time>
    <name></name>
    <sym>left_slight</sym>
    <extensions>
      <locus:rtePointAction>left_slight</locus:rtePointAction>
    </extensions>
  </wpt>
  <wpt lat="42.5176510" lon="11.6087710">
    <ele>114.25</ele>
    <time>2025-04-10T16:46:31.943Z</time>
    <name></name>
    <sym>right_slight</sym>
    <extensions>
      <locus:rtePointAction>right_slight</locus:rtePointAction>
    </extensions>
  </wpt>
  <wpt lat="42.5208300" lon="11.6061840">
    <ele>98.00</ele>
    <time>2025-04-10T16:46:31.943Z</time>
    <name></name>
    <sym>right_slight</sym>
    <extensions>
      <locus:rtePointAction>right_slight</locus:rtePointAction>
    </extensions>
  </wpt>
  <wpt lat="42.5273940" lon="11.6011980">
    <ele>118.00</ele>
    <time>2025-04-10T16:46:31.943Z</time>
    <name></name>
    <sym>left_slight</sym>
    <extensions>
      <locus:rtePointAction>left_slight</locus:rtePointAction>
    </extensions>
  </wpt>
  <wpt lat="42.5415990" lon="11.5739260">
    <ele>136.00</ele>
    <time>2025-04-10T16:46:31.943Z</time>
    <name></name>
    <sym>left_slight</sym>
    <extensions>
      <locus:rtePointAction>left_slight</locus:rtePointAction>
    </extensions>
  </wpt>
  <wpt lat="42.5382680" lon="11.5725410">
    <ele>154.00</ele>
    <time>2025-04-10T16:46:31.943Z</time>
    <name></name>
    <sym>right_slight</sym>
    <extensions>
      <locus:rtePointAction>right_slight</locus:rtePointAction>
    </extensions>
  </wpt>
  <wpt lat="42.5429260" lon="11.5391400">
    <ele>250.25</ele>
    <time>2025-04-10T16:46:31.943Z</time>
    <name></name>
    <sym>right_slight</sym>
    <extensions>
      <locus:rtePointAction>right_slight</locus:rtePointAction>
    </extensions>
  </wpt>
  <wpt lat="42.5448170" lon="11.5427020">
    <ele>261.25</ele>
    <time>2025-04-10T16:46:31.943Z</time>
    <name></name>
    <sym>left</sym>
    <extensions>
      <locus:rtePointAction>left</locus:rtePointAction>
    </extensions>
  </wpt>
  <wpt lat="42.5552170" lon="11.5389330">
    <ele>231.00</ele>
    <time>2025-04-10T16:46:31.943Z</time>
    <name></name>
    <sym>right</sym>
    <extensions>
      <locus:rtePointAction>right</locus:rtePointAction>
    </extensions>
  </wpt>
  <wpt lat="42.5552170" lon="11.5389330">
    <ele>231.00</ele>
    <time>2025-04-10T16:46:31.943Z</time>
    <name></name>
    <sym>right</sym>
    <extensions>
      <locus:rtePointAction>right</locus:rtePointAction>
    </extensions>
  </wpt>
  <wpt lat="42.5703100" lon="11.5348880">
    <ele>289.25</ele>
    <time>2025-04-10T16:46:31.943Z</time>
    <name></name>
    <sym>right</sym>
    <extensions>
      <locus:rtePointAction>right</locus:rtePointAction>
    </extensions>
  </wpt>
  <wpt lat="42.5716640" lon="11.5355570">
    <ele>294.75</ele>
    <time>2025-04-10T16:46:31.943Z</time>
    <name></name>
    <sym>right_sharp</sym>
    <extensions>
      <locus:rtePointAction>right_sharp</locus:rtePointAction>
    </extensions>
  </wpt>
  <wpt lat="42.5730070" lon="11.5363300">
    <ele>308.50</ele>
    <time>2025-04-10T16:46:31.943Z</time>
    <name></name>
    <sym>left</sym>
    <extensions>
      <locus:rtePointAction>left</locus:rtePointAction>
    </extensions>
  </wpt>
  <wpt lat="42.5794470" lon="11.5295520">
    <ele>368.75</ele>
    <time>2025-04-10T16:46:31.943Z</time>
    <name></name>
    <sym>straight</sym>
    <extensions>
      <locus:rtePointAction>straight</locus:rtePointAction>
    </extensions>
  </wpt>
  <wpt lat="42.5824980" lon="11.5258010">
    <ele>358.25</ele>
    <time>2025-04-10T16:46:31.943Z</time>
    <name></name>
    <sym>right</sym>
    <extensions>
      <locus:rtePointAction>right</locus:rtePointAction>
    </extensions>
  </wpt>
  <wpt lat="42.5833950" lon="11.5256030">
    <ele>363.75</ele>
    <time>2025-04-10T16:46:31.943Z</time>
    <name></name>
    <sym>right_sharp</sym>
    <extensions>
      <locus:rtePointAction>right_sharp</locus:rtePointAction>
    </extensions>
  </wpt>
  <wpt lat="42.5833950" lon="11.5256030">
    <ele>363.75</ele>
    <time>2025-04-10T16:46:31.943Z</time>
    <name></name>
    <sym>right</sym>
    <extensions>
      <locus:rtePointAction>right</locus:rtePointAction>
    </extensions>
  </wpt>
  <wpt lat="42.5845940" lon="11.5240760">
    <ele>377.50</ele>
    <time>2025-04-10T16:46:31.943Z</time>
    <name></name>
    <sym>stay_left</sym>
    <extensions>
      <locus:rtePointAction>stay_left</locus:rtePointAction>
    </extensions>
  </wpt>
  <wpt lat="42.5880380" lon="11.5194350">
    <ele>391.75</ele>
    <time>2025-04-10T16:46:31.943Z</time>
    <name></name>
    <sym>left_slight</sym>
    <extensions>
      <locus:rtePointAction>left_slight</locus:rtePointAction>
    </extensions>
  </wpt>
  <wpt lat="42.5881840" lon="11.5192160">
    <ele>390.25</ele>
    <time>2025-04-10T16:46:31.943Z</time>
    <name></name>
    <sym>roundabout_e1</sym>
    <extensions>
      <locus:rtePointAction>roundabout_e1</locus:rtePointAction>
    </extensions>
  </wpt>
  <wpt lat="42.5877710" lon="11.5181590">
    <ele>394.75</ele>
    <time>2025-04-10T16:46:31.943Z</time>
    <name></name>
    <sym>left_slight</sym>
    <extensions>
      <locus:rtePointAction>left_slight</locus:rtePointAction>
    </extensions>
  </wpt>
  <wpt lat="42.5881640" lon="11.5189670">
    <ele>390.50</ele>
    <time>2025-04-10T16:46:31.943Z</time>
    <name></name>
    <sym>left_slight</sym>
    <extensions>
      <locus:rtePointAction>left_slight</locus:rtePointAction>
    </extensions>
  </wpt>
  <wpt lat="42.5882510" lon="11.5190240">
    <ele>390.50</ele>
    <time>2025-04-10T16:46:31.943Z</time>
    <name></name>
    <sym>straight</sym>
    <extensions>
      <locus:rtePointAction>straight</locus:rtePointAction>
    </extensions>
  </wpt>
  <wpt lat="42.5883120" lon="11.5190720">
    <ele>390.25</ele>
    <time>2025-04-10T16:46:31.943Z</time>
    <name></name>
    <sym>roundabout_e1</sym>
    <extensions>
      <locus:rtePointAction>roundabout_e1</locus:rtePointAction>
    </extensions>
  </wpt>
  <wpt lat="42.5897240" lon="11.5196560">
    <ele>388.25</ele>
    <time>2025-04-10T16:46:31.943Z</time>
    <name></name>
    <sym>left</sym>
    <extensions>
      <locus:rtePointAction>left</locus:rtePointAction>
    </extensions>
  </wpt>
  <wpt lat="42.5898500" lon="11.5193250">
    <ele>385.00</ele>
    <time>2025-04-10T16:46:31.943Z</time>
    <name></name>
    <sym>right</sym>
    <extensions>
      <locus:rtePointAction>right</locus:rtePointAction>
    </extensions>
  </wpt>
  <wpt lat="42.5914730" lon="11.5194050">
    <ele>381.00</ele>
    <time>2025-04-10T16:46:31.943Z</time>
    <name></name>
    <sym>right_sharp</sym>
    <extensions>
      <locus:rtePointAction>right_sharp</locus:rtePointAction>
    </extensions>
  </wpt>
  <wpt lat="42.5911340" lon="11.5202400">
    <ele>377.00</ele>
    <time>2025-04-10T16:46:31.943Z</time>
    <name></name>
    <sym>left</sym>
    <extensions>
      <locus:rtePointAction>left</locus:rtePointAction>
    </extensions>
  </wpt>
  <wpt lat="42.5919020" lon="11.5203520">
    <ele>373.50</ele>
    <time>2025-04-10T16:46:31.943Z</time>
    <name></name>
    <sym>left</sym>
    <extensions>
      <locus:rtePointAction>left</locus:rtePointAction>
    </extensions>
  </wpt>
  <wpt lat="42.5920080" lon="11.5192950">
    <ele>377.25</ele>
    <time>2025-04-10T16:46:31.943Z</time>
    <name></name>
    <sym>right</sym>
    <extensions>
      <locus:rtePointAction>right</locus:rtePointAction>
    </extensions>
  </wpt>
  <wpt lat="42.5926180" lon="11.5194030">
    <ele>365.50</ele>
    <time>2025-04-10T16:46:31.943Z</time>
    <name></name>
    <sym>right</sym>
    <extensions>
      <locus:rtePointAction>right</locus:rtePointAction>
    </extensions>
  </wpt>
  <wpt lat="42.5925360" lon="11.5204430">
    <ele>371.75</ele>
    <time>2025-04-10T16:46:31.943Z</time>
    <name></name>
    <sym>left</sym>
    <extensions>
      <locus:rtePointAction>left</locus:rtePointAction>
    </extensions>
  </wpt>
  <wpt lat="42.5929080" lon="11.5204930">
    <ele>371.50</ele>
    <time>2025-04-10T16:46:31.943Z</time>
    <name></name>
    <sym>right_slight</sym>
    <extensions>
      <locus:rtePointAction>right_slight</locus:rtePointAction>
    </extensions>
  </wpt>
  <wpt lat="42.6117580" lon="11.5069120">
    <ele>364.75</ele>
    <time>2025-04-10T16:46:31.943Z</time>
    <name></name>
    <sym>right</sym>
    <extensions>
      <locus:rtePointAction>right</locus:rtePointAction>
    </extensions>
  </wpt>
  <wpt lat="42.6210100" lon="11.5155750">
    <ele>242.50</ele>
    <time>2025-04-10T16:46:31.943Z</time>
    <name></name>
    <sym>left</sym>
    <extensions>
      <locus:rtePointAction>left</locus:rtePointAction>
    </extensions>
  </wpt>
  <wpt lat="42.6329010" lon="11.5004060">
    <ele>215.50</ele>
    <time>2025-04-10T16:46:31.943Z</time>
    <name></name>
    <sym>left</sym>
    <extensions>
      <locus:rtePointAction>left</locus:rtePointAction>
    </extensions>
  </wpt>
  <wpt lat="42.6321780" lon="11.5001000">
    <ele>219.50</ele>
    <time>2025-04-10T16:46:31.943Z</time>
    <name></name>
    <sym>right_sharp</sym>
    <extensions>
      <locus:rtePointAction>right_sharp</locus:rtePointAction>
    </extensions>
  </wpt>
  <wpt lat="42.6405490" lon="11.4905830">
    <ele>183.00</ele>
    <time>2025-04-10T16:46:31.943Z</time>
    <name></name>
    <sym>straight</sym>
    <extensions>
      <locus:rtePointAction>straight</locus:rtePointAction>
    </extensions>
  </wpt>
  <wpt lat="42.6443990" lon="11.4887190">
    <ele>142.75</ele>
    <time>2025-04-10T16:46:31.943Z</time>
    <name></name>
    <sym>straight</sym>
    <extensions>
      <locus:rtePointAction>straight</locus:rtePointAction>
    </extensions>
  </wpt>
  <wpt lat="42.6587730" lon="11.4954990">
    <ele>175.50</ele>
    <time>2025-04-10T16:46:31.943Z</time>
    <name></name>
    <sym>right</sym>
    <extensions>
      <locus:rtePointAction>right</locus:rtePointAction>
    </extensions>
  </wpt>
  <wpt lat="42.6562600" lon="11.5040610">
    <ele>167.00</ele>
    <time>2025-04-10T16:46:31.943Z</time>
    <name></name>
    <sym>straight</sym>
    <extensions>
      <locus:rtePointAction>straight</locus:rtePointAction>
    </extensions>
  </wpt>
  <wpt lat="42.6562600" lon="11.5040610">
    <ele>167.00</ele>
    <time>2025-04-10T16:46:31.943Z</time>
    <name></name>
    <sym>right</sym>
    <extensions>
      <locus:rtePointAction>right</locus:rtePointAction>
    </extensions>
  </wpt>
  <wpt lat="42.6631320" lon="11.5054430">
    <ele>272.00</ele>
    <time>2025-04-10T16:46:31.943Z</time>
    <name></name>
    <sym>left_slight</sym>
    <extensions>
      <locus:rtePointAction>left_slight</locus:rtePointAction>
    </extensions>
  </wpt>
  <wpt lat="42.6643000" lon="11.5054790">
    <ele>291.25</ele>
    <time>2025-04-10T16:46:31.943Z</time>
    <name></name>
    <sym>right_slight</sym>
    <extensions>
      <locus:rtePointAction>right_slight</locus:rtePointAction>
    </extensions>
  </wpt>
  <wpt lat="42.6649910" lon="11.5062680">
    <ele>292.25</ele>
    <time>2025-04-10T16:46:31.943Z</time>
    <name></name>
    <sym>left</sym>
    <extensions>
      <locus:rtePointAction>left</locus:rtePointAction>
    </extensions>
  </wpt>
  <wpt lat="42.6649910" lon="11.5062680">
    <ele>292.25</ele>
    <time>2025-04-10T16:46:31.943Z</time>
    <name></name>
    <sym>right</sym>
    <extensions>
      <locus:rtePointAction>right</locus:rtePointAction>
    </extensions>
  </wpt>
  <wpt lat="42.6645900" lon="11.5057650">
    <ele>290.75</ele>
    <time>2025-04-10T16:46:31.943Z</time>
    <name></name>
    <sym>right</sym>
    <extensions>
      <locus:rtePointAction>right</locus:rtePointAction>
    </extensions>
  </wpt>
  <wpt lat="42.6647630" lon="11.5055340">
    <ele>292.25</ele>
    <time>2025-04-10T16:46:31.943Z</time>
    <name></name>
    <sym>left</sym>
    <extensions>
      <locus:rtePointAction>left</locus:rtePointAction>
    </extensions>
  </wpt>
  <wpt lat="42.6646900" lon="11.5050840">
    <ele>292.50</ele>
    <time>2025-04-10T16:46:31.943Z</time>
    <name></name>
    <sym>left</sym>
    <extensions>
      <locus:rtePointAction>left</locus:rtePointAction>
    </extensions>
  </wpt>
  <wpt lat="42.6646510" lon="11.5047600">
    <ele>293.75</ele>
    <time>2025-04-10T16:46:31.943Z</time>
    <name></name>
    <sym>right</sym>
    <extensions>
      <locus:rtePointAction>right</locus:rtePointAction>
    </extensions>
  </wpt>
  <wpt lat="42.6647100" lon="11.5047610">
    <ele>293.75</ele>
    <time>2025-04-10T16:46:31.943Z</time>
    <name></name>
    <sym>left</sym>
    <extensions>
      <locus:rtePointAction>left</locus:rtePointAction>
    </extensions>
  </wpt>
  <wpt lat="42.6649280" lon="11.5045030">
    <ele>293.00</ele>
    <time>2025-04-10T16:46:31.943Z</time>
    <name></name>
    <sym>left_slight</sym>
    <extensions>
      <locus:rtePointAction>left_slight</locus:rtePointAction>
    </extensions>
  </wpt>
  <wpt lat="42.6654500" lon="11.5037730">
    <ele>291.25</ele>
    <time>2025-04-10T16:46:31.943Z</time>
    <name></name>
    <sym>left_slight</sym>
    <extensions>
      <locus:rtePointAction>left_slight</locus:rtePointAction>
    </extensions>
  </wpt>
  <wpt lat="42.6654770" lon="11.5032860">
    <ele>289.50</ele>
    <time>2025-04-10T16:46:31.943Z</time>
    <name></name>
    <sym>straight</sym>
    <extensions>
      <locus:rtePointAction>straight</locus:rtePointAction>
    </extensions>
  </wpt>
  <wpt lat="42.6644040" lon="11.4986760">
    <ele>246.75</ele>
    <time>2025-04-10T16:46:31.943Z</time>
    <name></name>
    <sym>straight</sym>
    <extensions>
      <locus:rtePointAction>straight</locus:rtePointAction>
    </extensions>
  </wpt>
  <wpt lat="42.6637400" lon="11.4984180">
    <ele>243.75</ele>
    <time>2025-04-10T16:46:31.943Z</time>
    <name></name>
    <sym>straight</sym>
    <extensions>
      <locus:rtePointAction>straight</locus:rtePointAction>
    </extensions>
  </wpt>
  <wpt lat="42.6621730" lon="11.4984100">
    <ele>232.25</ele>
    <time>2025-04-10T16:46:31.943Z</time>
    <name></name>
    <sym>left_slight</sym>
    <extensions>
      <locus:rtePointAction>left_slight</locus:rtePointAction>
    </extensions>
  </wpt>
  <wpt lat="42.6621730" lon="11.4984100">
    <ele>232.25</ele>
    <time>2025-04-10T16:46:31.943Z</time>
    <name></name>
    <sym>right_slight</sym>
    <extensions>
      <locus:rtePointAction>right_slight</locus:rtePointAction>
    </extensions>
  </wpt>
  <wpt lat="42.6625870" lon="11.4982720">
    <ele>236.25</ele>
    <time>2025-04-10T16:46:31.943Z</time>
    <name></name>
    <sym>left</sym>
    <extensions>
      <locus:rtePointAction>left</locus:rtePointAction>
    </extensions>
  </wpt>
  <wpt lat="42.6618190" lon="11.4784500">
    <ele>123.00</ele>
    <time>2025-04-10T16:46:31.943Z</time>
    <name></name>
    <sym>right_sharp</sym>
    <extensions>
      <locus:rtePointAction>right_sharp</locus:rtePointAction>
    </extensions>
  </wpt>
  <wpt lat="42.6618190" lon="11.4784500">
    <ele>123.00</ele>
    <time>2025-04-10T16:46:31.943Z</time>
    <name></name>
    <sym>right_slight</sym>
    <extensions>
      <locus:rtePointAction>right_slight</locus:rtePointAction>
    </extensions>
  </wpt>
  <wpt lat="42.6691130" lon="11.4607460">
    <ele>159.00</ele>
    <time>2025-04-10T16:46:31.943Z</time>
    <name></name>
    <sym>right</sym>
    <extensions>
      <locus:rtePointAction>right</locus:rtePointAction>
    </extensions>
  </wpt>
  <wpt lat="42.6691430" lon="11.4608000">
    <ele>159.00</ele>
    <time>2025-04-10T16:46:31.943Z</time>
    <name></name>
    <sym>right</sym>
    <extensions>
      <locus:rtePointAction>right</locus:rtePointAction>
    </extensions>
  </wpt>
  <wpt lat="42.6900710" lon="11.4281340">
    <ele>466.25</ele>
    <time>2025-04-10T16:46:31.943Z</time>
    <name></name>
    <sym>right</sym>
    <extensions>
      <locus:rtePointAction>right</locus:rtePointAction>
    </extensions>
  </wpt>
  <wpt lat="42.6900710" lon="11.4281340">
    <ele>466.25</ele>
    <time>2025-04-10T16:46:31.943Z</time>
    <name></name>
    <sym>right</sym>
    <extensions>
      <locus:rtePointAction>right</locus:rtePointAction>
    </extensions>
  </wpt>
  <wpt lat="42.6813390" lon="11.4436100">
    <ele>323.75</ele>
    <time>2025-04-10T16:46:31.943Z</time>
    <name></name>
    <sym>left_slight</sym>
    <extensions>
      <locus:rtePointAction>left_slight</locus:rtePointAction>
    </extensions>
  </wpt>
  <wpt lat="42.6691430" lon="11.4608000">
    <ele>159.00</ele>
    <time>2025-04-10T16:46:31.943Z</time>
    <name></name>
    <sym>right</sym>
    <extensions>
      <locus:rtePointAction>right</locus:rtePointAction>
    </extensions>
  </wpt>
  <wpt lat="42.6691130" lon="11.4607460">
    <ele>159.00</ele>
    <time>2025-04-10T16:46:31.943Z</time>
    <name></name>
    <sym>left</sym>
    <extensions>
      <locus:rtePointAction>left</locus:rtePointAction>
    </extensions>
  </wpt>
  <wpt lat="42.6625870" lon="11.4982720">
    <ele>236.25</ele>
    <time>2025-04-10T16:46:31.943Z</time>
    <name></name>
    <sym>right</sym>
    <extensions>
      <locus:rtePointAction>right</locus:rtePointAction>
    </extensions>
  </wpt>
  <wpt lat="42.6621730" lon="11.4984100">
    <ele>232.25</ele>
    <time>2025-04-10T16:46:31.943Z</time>
    <name></name>
    <sym>straight</sym>
    <extensions>
      <locus:rtePointAction>straight</locus:rtePointAction>
    </extensions>
  </wpt>
  <wpt lat="42.6587730" lon="11.4954990">
    <ele>175.50</ele>
    <time>2025-04-10T16:46:31.943Z</time>
    <name></name>
    <sym>left</sym>
    <extensions>
      <locus:rtePointAction>left</locus:rtePointAction>
    </extensions>
  </wpt>
  <wpt lat="42.6580510" lon="11.4952970">
    <ele>177.75</ele>
    <time>2025-04-10T16:46:31.943Z</time>
    <name></name>
    <sym>left_slight</sym>
    <extensions>
      <locus:rtePointAction>left_slight</locus:rtePointAction>
    </extensions>
  </wpt>
  <wpt lat="42.6491500" lon="11.4871760">
    <ele>124.75</ele>
    <time>2025-04-10T16:46:31.943Z</time>
    <name></name>
    <sym>left_slight</sym>
    <extensions>
      <locus:rtePointAction>left_slight</locus:rtePointAction>
    </extensions>
  </wpt>
  <wpt lat="42.6443990" lon="11.4887190">
    <ele>142.75</ele>
    <time>2025-04-10T16:46:31.943Z</time>
    <name></name>
    <sym>right_slight</sym>
    <extensions>
      <locus:rtePointAction>right_slight</locus:rtePointAction>
    </extensions>
  </wpt>
  <wpt lat="42.6321780" lon="11.5001000">
    <ele>219.50</ele>
    <time>2025-04-10T16:46:31.943Z</time>
    <name></name>
    <sym>left_sharp</sym>
    <extensions>
      <locus:rtePointAction>left_sharp</locus:rtePointAction>
    </extensions>
  </wpt>
  <wpt lat="42.6329010" lon="11.5004060">
    <ele>215.50</ele>
    <time>2025-04-10T16:46:31.943Z</time>
    <name></name>
    <sym>right</sym>
    <extensions>
      <locus:rtePointAction>right</locus:rtePointAction>
    </extensions>
  </wpt>
  <wpt lat="42.6210100" lon="11.5155750">
    <ele>242.50</ele>
    <time>2025-04-10T16:46:31.943Z</time>
    <name></name>
    <sym>right</sym>
    <extensions>
      <locus:rtePointAction>right</locus:rtePointAction>
    </extensions>
  </wpt>
  <wpt lat="42.6173840" lon="11.5100120">
    <ele>289.25</ele>
    <time>2025-04-10T16:46:31.943Z</time>
    <name></name>
    <sym>right</sym>
    <extensions>
      <locus:rtePointAction>right</locus:rtePointAction>
    </extensions>
  </wpt>
  <wpt lat="42.6117580" lon="11.5069120">
    <ele>364.75</ele>
    <time>2025-04-10T16:46:31.943Z</time>
    <name></name>
    <sym>left</sym>
    <extensions>
      <locus:rtePointAction>left</locus:rtePointAction>
    </extensions>
  </wpt>
  <wpt lat="42.5929080" lon="11.5204930">
    <ele>371.50</ele>
    <time>2025-04-10T16:46:31.943Z</time>
    <name></name>
    <sym>left_slight</sym>
    <extensions>
      <locus:rtePointAction>left_slight</locus:rtePointAction>
    </extensions>
  </wpt>
  <wpt lat="42.5925360" lon="11.5204430">
    <ele>371.75</ele>
    <time>2025-04-10T16:46:31.943Z</time>
    <name></name>
    <sym>right</sym>
    <extensions>
      <locus:rtePointAction>right</locus:rtePointAction>
    </extensions>
  </wpt>
  <wpt lat="42.5926180" lon="11.5194030">
    <ele>365.50</ele>
    <time>2025-04-10T16:46:31.943Z</time>
    <name></name>
    <sym>left</sym>
    <extensions>
      <locus:rtePointAction>left</locus:rtePointAction>
    </extensions>
  </wpt>
  <wpt lat="42.5920080" lon="11.5192950">
    <ele>377.25</ele>
    <time>2025-04-10T16:46:31.943Z</time>
    <name></name>
    <sym>left</sym>
    <extensions>
      <locus:rtePointAction>left</locus:rtePointAction>
    </extensions>
  </wpt>
  <wpt lat="42.5919020" lon="11.5203520">
    <ele>373.50</ele>
    <time>2025-04-10T16:46:31.943Z</time>
    <name></name>
    <sym>right</sym>
    <extensions>
      <locus:rtePointAction>right</locus:rtePointAction>
    </extensions>
  </wpt>
  <wpt lat="42.5911340" lon="11.5202400">
    <ele>377.00</ele>
    <time>2025-04-10T16:46:31.943Z</time>
    <name></name>
    <sym>right</sym>
    <extensions>
      <locus:rtePointAction>right</locus:rtePointAction>
    </extensions>
  </wpt>
  <wpt lat="42.5914730" lon="11.5194050">
    <ele>381.00</ele>
    <time>2025-04-10T16:46:31.943Z</time>
    <name></name>
    <sym>left_sharp</sym>
    <extensions>
      <locus:rtePointAction>left_sharp</locus:rtePointAction>
    </extensions>
  </wpt>
  <wpt lat="42.5898500" lon="11.5193250">
    <ele>385.00</ele>
    <time>2025-04-10T16:46:31.943Z</time>
    <name></name>
    <sym>left</sym>
    <extensions>
      <locus:rtePointAction>left</locus:rtePointAction>
    </extensions>
  </wpt>
  <wpt lat="42.5897240" lon="11.5196560">
    <ele>388.25</ele>
    <time>2025-04-10T16:46:31.943Z</time>
    <name></name>
    <sym>right</sym>
    <extensions>
      <locus:rtePointAction>right</locus:rtePointAction>
    </extensions>
  </wpt>
  <wpt lat="42.5886990" lon="11.5193390">
    <ele>390.00</ele>
    <time>2025-04-10T16:46:31.943Z</time>
    <name></name>
    <sym>right_slight</sym>
    <extensions>
      <locus:rtePointAction>right_slight</locus:rtePointAction>
    </extensions>
  </wpt>
  <wpt lat="42.5884200" lon="11.5191810">
    <ele>389.75</ele>
    <time>2025-04-10T16:46:31.943Z</time>
    <name></name>
    <sym>roundabout_e2</sym>
    <extensions>
      <locus:rtePointAction>roundabout_e2</locus:rtePointAction>
    </extensions>
  </wpt>
  <wpt lat="42.5882510" lon="11.5190240">
    <ele>390.50</ele>
    <time>2025-04-10T16:46:31.943Z</time>
    <name></name>
    <sym>straight</sym>
    <extensions>
      <locus:rtePointAction>straight</locus:rtePointAction>
    </extensions>
  </wpt>
  <wpt lat="42.5881640" lon="11.5189670">
    <ele>390.50</ele>
    <time>2025-04-10T16:46:31.943Z</time>
    <name></name>
    <sym>left_sharp</sym>
    <extensions>
      <locus:rtePointAction>left_sharp</locus:rtePointAction>
    </extensions>
  </wpt>
  <wpt lat="42.5882100" lon="11.5191340">
    <ele>390.00</ele>
    <time>2025-04-10T16:46:31.943Z</time>
    <name></name>
    <sym>roundabout_e1</sym>
    <extensions>
      <locus:rtePointAction>roundabout_e1</locus:rtePointAction>
    </extensions>
  </wpt>
  <wpt lat="42.5824980" lon="11.5258010">
    <ele>358.25</ele>
    <time>2025-04-10T16:46:31.943Z</time>
    <name></name>
    <sym>left</sym>
    <extensions>
      <locus:rtePointAction>left</locus:rtePointAction>
    </extensions>
  </wpt>
  <wpt lat="42.5794470" lon="11.5295520">
    <ele>368.75</ele>
    <time>2025-04-10T16:46:31.943Z</time>
    <name></name>
    <sym>straight</sym>
    <extensions>
      <locus:rtePointAction>straight</locus:rtePointAction>
    </extensions>
  </wpt>
  <wpt lat="42.5730070" lon="11.5363300">
    <ele>308.50</ele>
    <time>2025-04-10T16:46:31.943Z</time>
    <name></name>
    <sym>right</sym>
    <extensions>
      <locus:rtePointAction>right</locus:rtePointAction>
    </extensions>
  </wpt>
  <wpt lat="42.5716640" lon="11.5355570">
    <ele>294.75</ele>
    <time>2025-04-10T16:46:31.943Z</time>
    <name></name>
    <sym>left_sharp</sym>
    <extensions>
      <locus:rtePointAction>left_sharp</locus:rtePointAction>
    </extensions>
  </wpt>
  <wpt lat="42.5717440" lon="11.5357870">
    <ele>294.25</ele>
    <time>2025-04-10T16:46:31.943Z</time>
    <name></name>
    <sym>right_sharp</sym>
    <extensions>
      <locus:rtePointAction>right_sharp</locus:rtePointAction>
    </extensions>
  </wpt>
  <wpt lat="42.5714330" lon="11.5356510">
    <ele>292.00</ele>
    <time>2025-04-10T16:46:31.943Z</time>
    <name></name>
    <sym>left_slight</sym>
    <extensions>
      <locus:rtePointAction>left_slight</locus:rtePointAction>
    </extensions>
  </wpt>
  <wpt lat="42.5703100" lon="11.5348880">
    <ele>289.25</ele>
    <time>2025-04-10T16:46:31.943Z</time>
    <name></name>
    <sym>left</sym>
    <extensions>
      <locus:rtePointAction>left</locus:rtePointAction>
    </extensions>
  </wpt>
  <wpt lat="42.5552170" lon="11.5389330">
    <ele>231.00</ele>
    <time>2025-04-10T16:46:31.943Z</time>
    <name></name>
    <sym>right_slight</sym>
    <extensions>
      <locus:rtePointAction>right_slight</locus:rtePointAction>
    </extensions>
  </wpt>
  <wpt lat="42.5448170" lon="11.5427020">
    <ele>261.25</ele>
    <time>2025-04-10T16:46:31.943Z</time>
    <name></name>
    <sym>right</sym>
    <extensions>
      <locus:rtePointAction>right</locus:rtePointAction>
    </extensions>
  </wpt>
  <wpt lat="42.5429260" lon="11.5391400">
    <ele>250.25</ele>
    <time>2025-04-10T16:46:31.943Z</time>
    <name></name>
    <sym>left_slight</sym>
    <extensions>
      <locus:rtePointAction>left_slight</locus:rtePointAction>
    </extensions>
  </wpt>
  <wpt lat="42.5382680" lon="11.5725410">
    <ele>154.00</ele>
    <time>2025-04-10T16:46:31.943Z</time>
    <name></name>
    <sym>left_slight</sym>
    <extensions>
      <locus:rtePointAction>left_slight</locus:rtePointAction>
    </extensions>
  </wpt>
  <wpt lat="42.5415990" lon="11.5739260">
    <ele>136.00</ele>
    <time>2025-04-10T16:46:31.943Z</time>
    <name></name>
    <sym>right_slight</sym>
    <extensions>
      <locus:rtePointAction>right_slight</locus:rtePointAction>
    </extensions>
  </wpt>
  <wpt lat="42.5273940" lon="11.6011980">
    <ele>118.00</ele>
    <time>2025-04-10T16:46:31.943Z</time>
    <name></name>
    <sym>right_slight</sym>
    <extensions>
      <locus:rtePointAction>right_slight</locus:rtePointAction>
    </extensions>
  </wpt>
  <wpt lat="42.5208300" lon="11.6061840">
    <ele>98.00</ele>
    <time>2025-04-10T16:46:31.943Z</time>
    <name></name>
    <sym>left_slight</sym>
    <extensions>
      <locus:rtePointAction>left_slight</locus:rtePointAction>
    </extensions>
  </wpt>
  <wpt lat="42.5013460" lon="11.6168290">
    <ele>170.75</ele>
    <time>2025-04-10T16:46:31.943Z</time>
    <name></name>
    <sym>left_slight</sym>
    <extensions>
      <locus:rtePointAction>left_slight</locus:rtePointAction>
    </extensions>
  </wpt>
  <wpt lat="42.5013460" lon="11.6168290">
    <ele>170.75</ele>
    <time>2025-04-10T16:46:31.943Z</time>
    <name></name>
    <sym>left_sharp</sym>
    <extensions>
      <locus:rtePointAction>left_sharp</locus:rtePointAction>
    </extensions>
  </wpt>
  <wpt lat="42.4464560" lon="11.6046610">
    <ele>96.75</ele>
    <time>2025-04-10T16:46:31.943Z</time>
    <name></name>
    <sym>left_slight</sym>
    <extensions>
      <locus:rtePointAction>left_slight</locus:rtePointAction>
    </extensions>
  </wpt>
  <wpt lat="42.4325190" lon="11.6166620">
    <ele>77.75</ele>
    <time>2025-04-10T16:46:31.943Z</time>
    <name></name>
    <sym>right_slight</sym>
    <extensions>
      <locus:rtePointAction>right_slight</locus:rtePointAction>
    </extensions>
  </wpt>
  <wpt lat="42.4324480" lon="11.6167160">
    <ele>77.50</ele>
    <time>2025-04-10T16:46:31.943Z</time>
    <name></name>
    <sym>left_slight</sym>
    <extensions>
      <locus:rtePointAction>left_slight</locus:rtePointAction>
    </extensions>
  </wpt>
  <wpt lat="42.4324120" lon="11.6168130">
    <ele>77.00</ele>
    <time>2025-04-10T16:46:31.943Z</time>
    <name></name>
    <sym>left_slight</sym>
    <extensions>
      <locus:rtePointAction>left_slight</locus:rtePointAction>
    </extensions>
  </wpt>
  <wpt lat="42.4325000" lon="11.6169750">
    <ele>76.75</ele>
    <time>2025-04-10T16:46:31.943Z</time>
    <name></name>
    <sym>left_slight</sym>
    <extensions>
      <locus:rtePointAction>left_slight</locus:rtePointAction>
    </extensions>
  </wpt>
  <wpt lat="42.4326030" lon="11.6170070">
    <ele>75.75</ele>
    <time>2025-04-10T16:46:31.943Z</time>
    <name></name>
    <sym>right_slight</sym>
    <extensions>
      <locus:rtePointAction>right_slight</locus:rtePointAction>
    </extensions>
  </wpt>
  <wpt lat="42.4328030" lon="11.6186200">
    <ele>74.50</ele>
    <time>2025-04-10T16:46:31.943Z</time>
    <name></name>
    <sym>left</sym>
    <extensions>
      <locus:rtePointAction>left</locus:rtePointAction>
    </extensions>
  </wpt>
  <wpt lat="42.4385580" lon="11.6279020">
    <ele>73.50</ele>
    <time>2025-04-10T16:46:31.943Z</time>
    <name></name>
    <sym>right_sharp</sym>
    <extensions>
      <locus:rtePointAction>right_sharp</locus:rtePointAction>
    </extensions>
  </wpt>
  <wpt lat="42.4352470" lon="11.6275400">
    <ele>81.50</ele>
    <time>2025-04-10T16:46:31.943Z</time>
    <name></name>
    <sym>left</sym>
    <extensions>
      <locus:rtePointAction>left</locus:rtePointAction>
    </extensions>
  </wpt>
  <wpt lat="42.4351970" lon="11.6281620">
    <ele>80.00</ele>
    <time>2025-04-10T16:46:31.943Z</time>
    <name></name>
    <sym>left_slight</sym>
    <extensions>
      <locus:rtePointAction>left_slight</locus:rtePointAction>
    </extensions>
  </wpt>
  <trk>
    <name>2025-04-10 16:46</name>
    <extensions>
      <locus:activity>no_activity</locus:activity>
    </extensions>
    <trkseg>
      <trkpt lat="42.4237650" lon="11.6288190">
        <ele>57.50</ele>
      </trkpt>
      <trkpt lat="42.4237900" lon="11.6287070">
        <ele>57.50</ele>
      </trkpt>
      <trkpt lat="42.4238020" lon="11.6286880">
        <ele>57.75</ele>
      </trkpt>
      <trkpt lat="42.4238010" lon="11.6285400">
        <ele>58.75</ele>
      </trkpt>
      <trkpt lat="42.4238130" lon="11.6284530">
        <ele>59.00</ele>
      </trkpt>
      <trkpt lat="42.4238410" lon="11.6283550">
        <ele>59.00</ele>
      </trkpt>
      <trkpt lat="42.4238740" lon="11.6282940">
        <ele>59.00</ele>
      </trkpt>
      <trkpt lat="42.4242720" lon="11.6278350">
        <ele>63.50</ele>
      </trkpt>
      <trkpt lat="42.4244280" lon="11.6275580">
        <ele>64.50</ele>
      </trkpt>
      <trkpt lat="42.4246780" lon="11.6271990">
        <ele>67.00</ele>
      </trkpt>
      <trkpt lat="42.4247700" lon="11.6271330">
        <ele>67.25</ele>
      </trkpt>
      <trkpt lat="42.4247930" lon="11.6269410">
        <ele>68.25</ele>
      </trkpt>
      <trkpt lat="42.4249840" lon="11.6269270">
        <ele>68.75</ele>
      </trkpt>
      <trkpt lat="42.4251860" lon="11.6269130">
        <ele>69.50</ele>
      </trkpt>
      <trkpt lat="42.4257350" lon="11.6268740">
        <ele>71.50</ele>
      </trkpt>
      <trkpt lat="42.4263470" lon="11.6267740">
        <ele>70.25</ele>
      </trkpt>
      <trkpt lat="42.4268820" lon="11.6268900">
        <ele>71.00</ele>
      </trkpt>
      <trkpt lat="42.4270820" lon="11.6269550">
        <ele>71.00</ele>
      </trkpt>
      <trkpt lat="42.4274060" lon="11.6271260">
        <ele>71.75</ele>
      </trkpt>
      <trkpt lat="42.4278150" lon="11.6273350">
        <ele>72.25</ele>
      </trkpt>
      <trkpt lat="42.4281020" lon="11.6274210">
        <ele>73.00</ele>
      </trkpt>
      <trkpt lat="42.4284100" lon="11.6274930">
        <ele>73.00</ele>
      </trkpt>
      <trkpt lat="42.4285290" lon="11.6275060">
        <ele>73.00</ele>
      </trkpt>
      <trkpt lat="42.4287700" lon="11.6274730">
        <ele>72.75</ele>
      </trkpt>
      <trkpt lat="42.4289480" lon="11.6274250">
        <ele>72.50</ele>
      </trkpt>
      <trkpt lat="42.4290330" lon="11.6273900">
        <ele>72.25</ele>
      </trkpt>
      <trkpt lat="42.4292740" lon="11.6272940">
        <ele>72.00</ele>
      </trkpt>
      <trkpt lat="42.4306720" lon="11.6265690">
        <ele>73.25</ele>
      </trkpt>
      <trkpt lat="42.4307560" lon="11.6265490">
        <ele>73.25</ele>
      </trkpt>
      <trkpt lat="42.4308750" lon="11.6265420">
        <ele>73.25</ele>
      </trkpt>
      <trkpt lat="42.4308580" lon="11.6266690">
        <ele>72.75</ele>
      </trkpt>
      <trkpt lat="42.4305970" lon="11.6274370">
        <ele>71.00</ele>
      </trkpt>
      <trkpt lat="42.4303980" lon="11.6281570">
        <ele>69.50</ele>
      </trkpt>
      <trkpt lat="42.4305970" lon="11.6274370">
        <ele>71.00</ele>
      </trkpt>
      <trkpt lat="42.4308580" lon="11.6266690">
        <ele>72.75</ele>
      </trkpt>
      <trkpt lat="42.4308750" lon="11.6265420">
        <ele>73.25</ele>
      </trkpt>
      <trkpt lat="42.4312740" lon="11.6265550">
        <ele>71.75</ele>
      </trkpt>
      <trkpt lat="42.4312980" lon="11.6267000">
        <ele>71.00</ele>
      </trkpt>
      <trkpt lat="42.4314510" lon="11.6266550">
        <ele>70.75</ele>
      </trkpt>
      <trkpt lat="42.4315810" lon="11.6266500">
        <ele>70.25</ele>
      </trkpt>
      <trkpt lat="42.4317090" lon="11.6266600">
        <ele>70.00</ele>
      </trkpt>
      <trkpt lat="42.4324280" lon="11.6268340">
        <ele>71.25</ele>
      </trkpt>
      <trkpt lat="42.4331930" lon="11.6270310">
        <ele>72.50</ele>
      </trkpt>
      <trkpt lat="42.4334910" lon="11.6270810">
        <ele>73.50</ele>
      </trkpt>
      <trkpt lat="42.4347400" lon="11.6274390">
        <ele>79.25</ele>
      </trkpt>
      <trkpt lat="42.4352470" lon="11.6275400">
        <ele>81.50</ele>
      </trkpt>
      <trkpt lat="42.4352630" lon="11.6275430">
        <ele>81.50</ele>
      </trkpt>
      <trkpt lat="42.4353420" lon="11.6275540">
        <ele>82.25</ele>
      </trkpt>
      <trkpt lat="42.4356460" lon="11.6276320">
        <ele>83.75</ele>
      </trkpt>
      <trkpt lat="42.4361050" lon="11.6276820">
        <ele>85.25</ele>
      </trkpt>
      <trkpt lat="42.4362360" lon="11.6277050">
        <ele>85.25</ele>
      </trkpt>
      <trkpt lat="42.4364010" lon="11.6277730">
        <ele>84.75</ele>
      </trkpt>
      <trkpt lat="42.4366340" lon="11.6278560">
        <ele>83.75</ele>
      </trkpt>
      <trkpt lat="42.4369440" lon="11.6279140">
        <ele>82.50</ele>
      </trkpt>
      <trkpt lat="42.4370520" lon="11.6279440">
        <ele>82.00</ele>
      </trkpt>
      <trkpt lat="42.4371600" lon="11.6279940">
        <ele>81.25</ele>
      </trkpt>
      <trkpt lat="42.4372690" lon="11.6280670">
        <ele>80.75</ele>
      </trkpt>
      <trkpt lat="42.4374480" lon="11.6280580">
        <ele>80.00</ele>
      </trkpt>
      <trkpt lat="42.4375490" lon="11.6279850">
        <ele>80.00</ele>
      </trkpt>
      <trkpt lat="42.4376690" lon="11.6279890">
        <ele>79.25</ele>
      </trkpt>
      <trkpt lat="42.4379110" lon="11.6280420">
        <ele>77.00</ele>
      </trkpt>
      <trkpt lat="42.4381720" lon="11.6281250">
        <ele>74.50</ele>
      </trkpt>
      <trkpt lat="42.4382400" lon="11.6281330">
        <ele>74.50</ele>
      </trkpt>
      <trkpt lat="42.4383830" lon="11.6281040">
        <ele>74.25</ele>
      </trkpt>
      <trkpt lat="42.4384950" lon="11.6279980">
        <ele>74.00</ele>
      </trkpt>
      <trkpt lat="42.4385580" lon="11.6279020">
        <ele>73.50</ele>
      </trkpt>
      <trkpt lat="42.4384880" lon="11.6278970">
        <ele>73.25</ele>
      </trkpt>
      <trkpt lat="42.4380980" lon="11.6277910">
        <ele>72.00</ele>
      </trkpt>
      <trkpt lat="42.4379160" lon="11.6276870">
        <ele>74.50</ele>
      </trkpt>
      <trkpt lat="42.4378000" lon="11.6275860">
        <ele>74.50</ele>
      </trkpt>
      <trkpt lat="42.4376110" lon="11.6272950">
        <ele>77.00</ele>
      </trkpt>
      <trkpt lat="42.4375620" lon="11.6271150">
        <ele>76.50</ele>
      </trkpt>
      <trkpt lat="42.4375280" lon="11.6268430">
        <ele>74.50</ele>
      </trkpt>
      <trkpt lat="42.4374990" lon="11.6266970">
        <ele>73.25</ele>
      </trkpt>
      <trkpt lat="42.4374590" lon="11.6265820">
        <ele>73.50</ele>
      </trkpt>
      <trkpt lat="42.4374020" lon="11.6264970">
        <ele>73.75</ele>
      </trkpt>
      <trkpt lat="42.4370950" lon="11.6261710">
        <ele>74.00</ele>
      </trkpt>
      <trkpt lat="42.4368740" lon="11.6259040">
        <ele>74.25</ele>
      </trkpt>
      <trkpt lat="42.4367330" lon="11.6256980">
        <ele>74.75</ele>
      </trkpt>
      <trkpt lat="42.4366540" lon="11.6255460">
        <ele>74.25</ele>
      </trkpt>
      <trkpt lat="42.4365030" lon="11.6251490">
        <ele>74.50</ele>
      </trkpt>
      <trkpt lat="42.4364620" lon="11.6250040">
        <ele>74.75</ele>
      </trkpt>
      <trkpt lat="42.4363900" lon="11.6243950">
        <ele>72.50</ele>
      </trkpt>
      <trkpt lat="42.4363610" lon="11.6242860">
        <ele>72.25</ele>
      </trkpt>
      <trkpt lat="42.4363190" lon="11.6241920">
        <ele>72.00</ele>
      </trkpt>
      <trkpt lat="42.4362730" lon="11.6241340">
        <ele>72.25</ele>
      </trkpt>
      <trkpt lat="42.4362100" lon="11.6240740">
        <ele>72.25</ele>
      </trkpt>
      <trkpt lat="42.4361090" lon="11.6240300">
        <ele>73.00</ele>
      </trkpt>
      <trkpt lat="42.4359250" lon="11.6239930">
        <ele>73.00</ele>
      </trkpt>
      <trkpt lat="42.4358280" lon="11.6239610">
        <ele>73.00</ele>
      </trkpt>
      <trkpt lat="42.4352460" lon="11.6236150">
        <ele>73.25</ele>
      </trkpt>
      <trkpt lat="42.4351570" lon="11.6235370">
        <ele>73.00</ele>
      </trkpt>
      <trkpt lat="42.4346840" lon="11.6229510">
        <ele>73.00</ele>
      </trkpt>
      <trkpt lat="42.4345900" lon="11.6228010">
        <ele>73.50</ele>
      </trkpt>
      <trkpt lat="42.4341770" lon="11.6220900">
        <ele>72.75</ele>
      </trkpt>
      <trkpt lat="42.4341070" lon="11.6219540">
        <ele>72.75</ele>
      </trkpt>
      <trkpt lat="42.4340680" lon="11.6218320">
        <ele>73.25</ele>
      </trkpt>
      <trkpt lat="42.4340470" lon="11.6216930">
        <ele>73.50</ele>
      </trkpt>
      <trkpt lat="42.4339670" lon="11.6203900">
        <ele>72.25</ele>
      </trkpt>
      <trkpt lat="42.4339500" lon="11.6202770">
        <ele>72.25</ele>
      </trkpt>
      <trkpt lat="42.4339250" lon="11.6201770">
        <ele>71.75</ele>
      </trkpt>
      <trkpt lat="42.4338840" lon="11.6200920">
        <ele>71.50</ele>
      </trkpt>
      <trkpt lat="42.4330660" lon="11.6188460">
        <ele>73.50</ele>
      </trkpt>
      <trkpt lat="42.4329510" lon="11.6187190">
        <ele>73.50</ele>
      </trkpt>
      <trkpt lat="42.4329060" lon="11.6186850">
        <ele>73.75</ele>
      </trkpt>
      <trkpt lat="42.4328710" lon="11.6186570">
        <ele>74.00</ele>
      </trkpt>
      <trkpt lat="42.4328030" lon="11.6186200">
        <ele>74.50</ele>
      </trkpt>
      <trkpt lat="42.4326870" lon="11.6186220">
        <ele>75.00</ele>
      </trkpt>
      <trkpt lat="42.4327040" lon="11.6184730">
        <ele>75.25</ele>
      </trkpt>
      <trkpt lat="42.4327040" lon="11.6182810">
        <ele>75.75</ele>
      </trkpt>
      <trkpt lat="42.4326940" lon="11.6181920">
        <ele>76.00</ele>
      </trkpt>
      <trkpt lat="42.4326710" lon="11.6179630">
        <ele>76.00</ele>
      </trkpt>
      <trkpt lat="42.4325610" lon="11.6172750">
        <ele>75.75</ele>
      </trkpt>
      <trkpt lat="42.4325000" lon="11.6169750">
        <ele>76.75</ele>
      </trkpt>
      <trkpt lat="42.4324120" lon="11.6168130">
        <ele>77.00</ele>
      </trkpt>
      <trkpt lat="42.4324480" lon="11.6167160">
        <ele>77.50</ele>
      </trkpt>
      <trkpt lat="42.4325190" lon="11.6166620">
        <ele>77.75</ele>
      </trkpt>
      <trkpt lat="42.4326060" lon="11.6164530">
        <ele>77.50</ele>
      </trkpt>
      <trkpt lat="42.4327190" lon="11.6162660">
        <ele>78.00</ele>
      </trkpt>
      <trkpt lat="42.4328990" lon="11.6160650">
        <ele>79.00</ele>
      </trkpt>
      <trkpt lat="42.4354110" lon="11.6136500">
        <ele>88.25</ele>
      </trkpt>
      <trkpt lat="42.4363480" lon="11.6127560">
        <ele>89.50</ele>
      </trkpt>
      <trkpt lat="42.4387850" lon="11.6108140">
        <ele>90.75</ele>
      </trkpt>
      <trkpt lat="42.4392230" lon="11.6103870">
        <ele>90.00</ele>
      </trkpt>
      <trkpt lat="42.4411280" lon="11.6086140">
        <ele>87.75</ele>
      </trkpt>
      <trkpt lat="42.4423370" lon="11.6074740">
        <ele>86.25</ele>
      </trkpt>
      <trkpt lat="42.4434070" lon="11.6067440">
        <ele>87.25</ele>
      </trkpt>
      <trkpt lat="42.4449260" lon="11.6057210">
        <ele>91.00</ele>
      </trkpt>
      <trkpt lat="42.4462010" lon="11.6048850">
        <ele>97.25</ele>
      </trkpt>
      <trkpt lat="42.4464560" lon="11.6046610">
        <ele>96.75</ele>
      </trkpt>
      <trkpt lat="42.4466420" lon="11.6046550">
        <ele>97.25</ele>
      </trkpt>
      <trkpt lat="42.4486170" lon="11.6039500">
        <ele>89.00</ele>
      </trkpt>
      <trkpt lat="42.4489980" lon="11.6038000">
        <ele>89.25</ele>
      </trkpt>
      <trkpt lat="42.4491200" lon="11.6037840">
        <ele>89.50</ele>
      </trkpt>
      <trkpt lat="42.4491990" lon="11.6038060">
        <ele>89.50</ele>
      </trkpt>
      <trkpt lat="42.4492850" lon="11.6038750">
        <ele>89.00</ele>
      </trkpt>
      <trkpt lat="42.4501190" lon="11.6047650">
        <ele>85.25</ele>
      </trkpt>
      <trkpt lat="42.4502410" lon="11.6049090">
        <ele>85.25</ele>
      </trkpt>
      <trkpt lat="42.4503320" lon="11.6051120">
        <ele>84.75</ele>
      </trkpt>
      <trkpt lat="42.4508000" lon="11.6066680">
        <ele>80.75</ele>
      </trkpt>
      <trkpt lat="42.4511660" lon="11.6081080">
        <ele>78.25</ele>
      </trkpt>
      <trkpt lat="42.4513470" lon="11.6084330">
        <ele>78.50</ele>
      </trkpt>
      <trkpt lat="42.4518190" lon="11.6093770">
        <ele>76.25</ele>
      </trkpt>
      <trkpt lat="42.4519050" lon="11.6095210">
        <ele>75.50</ele>
      </trkpt>
      <trkpt lat="42.4519960" lon="11.6096380">
        <ele>75.25</ele>
      </trkpt>
      <trkpt lat="42.4521690" lon="11.6097600">
        <ele>74.75</ele>
      </trkpt>
      <trkpt lat="42.4524170" lon="11.6098780">
        <ele>74.00</ele>
      </trkpt>
      <trkpt lat="42.4529510" lon="11.6099950">
        <ele>73.00</ele>
      </trkpt>
      <trkpt lat="42.4530660" lon="11.6100320">
        <ele>73.00</ele>
      </trkpt>
      <trkpt lat="42.4531440" lon="11.6100910">
        <ele>73.25</ele>
      </trkpt>
      <trkpt lat="42.4537140" lon="11.6105810">
        <ele>73.75</ele>
      </trkpt>
      <trkpt lat="42.4545370" lon="11.6113900">
        <ele>72.25</ele>
      </trkpt>
      <trkpt lat="42.4548730" lon="11.6116670">
        <ele>73.50</ele>
      </trkpt>
      <trkpt lat="42.4560700" lon="11.6124540">
        <ele>76.75</ele>
      </trkpt>
      <trkpt lat="42.4565210" lon="11.6126560">
        <ele>77.25</ele>
      </trkpt>
      <trkpt lat="42.4567710" lon="11.6127470">
        <ele>77.50</ele>
      </trkpt>
      <trkpt lat="42.4570640" lon="11.6127720">
        <ele>78.00</ele>
      </trkpt>
      <trkpt lat="42.4572200" lon="11.6127390">
        <ele>78.00</ele>
      </trkpt>
      <trkpt lat="42.4576790" lon="11.6126160">
        <ele>77.00</ele>
      </trkpt>
      <trkpt lat="42.4580130" lon="11.6125640">
        <ele>75.75</ele>
      </trkpt>
      <trkpt lat="42.4583140" lon="11.6125570">
        <ele>74.75</ele>
      </trkpt>
      <trkpt lat="42.4586530" lon="11.6124880">
        <ele>76.00</ele>
      </trkpt>
      <trkpt lat="42.4589620" lon="11.6124840">
        <ele>77.00</ele>
      </trkpt>
      <trkpt lat="42.4593330" lon="11.6125280">
        <ele>77.00</ele>
      </trkpt>
      <trkpt lat="42.4595930" lon="11.6125500">
        <ele>77.00</ele>
      </trkpt>
      <trkpt lat="42.4601700" lon="11.6125840">
        <ele>75.50</ele>
      </trkpt>
      <trkpt lat="42.4604430" lon="11.6126210">
        <ele>74.50</ele>
      </trkpt>
      <trkpt lat="42.4607760" lon="11.6127340">
        <ele>74.75</ele>
      </trkpt>
      <trkpt lat="42.4609960" lon="11.6127850">
        <ele>75.00</ele>
      </trkpt>
      <trkpt lat="42.4611210" lon="11.6127890">
        <ele>74.75</ele>
      </trkpt>
      <trkpt lat="42.4615910" lon="11.6127170">
        <ele>74.50</ele>
      </trkpt>
      <trkpt lat="42.4616330" lon="11.6127280">
        <ele>74.25</ele>
      </trkpt>
      <trkpt lat="42.4617410" lon="11.6128040">
        <ele>74.75</ele>
      </trkpt>
      <trkpt lat="42.4619170" lon="11.6129020">
        <ele>75.75</ele>
      </trkpt>
      <trkpt lat="42.4619890" lon="11.6129320">
        <ele>76.00</ele>
      </trkpt>
      <trkpt lat="42.4620810" lon="11.6129510">
        <ele>76.50</ele>
      </trkpt>
      <trkpt lat="42.4621640" lon="11.6129550">
        <ele>77.00</ele>
      </trkpt>
      <trkpt lat="42.4625870" lon="11.6129390">
        <ele>76.50</ele>
      </trkpt>
      <trkpt lat="42.4628180" lon="11.6129550">
        <ele>76.25</ele>
      </trkpt>
      <trkpt lat="42.4631810" lon="11.6129140">
        <ele>76.25</ele>
      </trkpt>
      <trkpt lat="42.4639020" lon="11.6128060">
        <ele>73.50</ele>
      </trkpt>
      <trkpt lat="42.4643250" lon="11.6129240">
        <ele>73.50</ele>
      </trkpt>
      <trkpt lat="42.4645350" lon="11.6128870">
        <ele>74.25</ele>
      </trkpt>
      <trkpt lat="42.4647010" lon="11.6127900">
        <ele>74.75</ele>
      </trkpt>
      <trkpt lat="42.4648750" lon="11.6127580">
        <ele>75.00</ele>
      </trkpt>
      <trkpt lat="42.4654060" lon="11.6128280">
        <ele>76.75</ele>
      </trkpt>
      <trkpt lat="42.4657220" lon="11.6129730">
        <ele>77.25</ele>
      </trkpt>
      <trkpt lat="42.4660400" lon="11.6130380">
        <ele>76.25</ele>
      </trkpt>
      <trkpt lat="42.4661770" lon="11.6130530">
        <ele>76.25</ele>
      </trkpt>
      <trkpt lat="42.4665250" lon="11.6133540">
        <ele>75.75</ele>
      </trkpt>
      <trkpt lat="42.4666680" lon="11.6133860">
        <ele>76.00</ele>
      </trkpt>
      <trkpt lat="42.4668380" lon="11.6132620">
        <ele>78.25</ele>
      </trkpt>
      <trkpt lat="42.4670240" lon="11.6130690">
        <ele>80.00</ele>
      </trkpt>
      <trkpt lat="42.4672690" lon="11.6127310">
        <ele>84.75</ele>
      </trkpt>
      <trkpt lat="42.4673880" lon="11.6126620">
        <ele>86.25</ele>
      </trkpt>
      <trkpt lat="42.4682230" lon="11.6126450">
        <ele>96.50</ele>
      </trkpt>
      <trkpt lat="42.4685000" lon="11.6126130">
        <ele>97.75</ele>
      </trkpt>
      <trkpt lat="42.4686900" lon="11.6126190">
        <ele>97.75</ele>
      </trkpt>
      <trkpt lat="42.4688880" lon="11.6125810">
        <ele>97.50</ele>
      </trkpt>
      <trkpt lat="42.4700470" lon="11.6125270">
        <ele>110.50</ele>
      </trkpt>
      <trkpt lat="42.4706050" lon="11.6126450">
        <ele>114.25</ele>
      </trkpt>
      <trkpt lat="42.4710170" lon="11.6125760">
        <ele>118.00</ele>
      </trkpt>
      <trkpt lat="42.4710840" lon="11.6126290">
        <ele>118.25</ele>
      </trkpt>
      <trkpt lat="42.4712300" lon="11.6128170">
        <ele>121.00</ele>
      </trkpt>
      <trkpt lat="42.4713690" lon="11.6129190">
        <ele>124.50</ele>
      </trkpt>
      <trkpt lat="42.4715820" lon="11.6130420">
        <ele>127.00</ele>
      </trkpt>
      <trkpt lat="42.4717920" lon="11.6130370">
        <ele>127.25</ele>
      </trkpt>
      <trkpt lat="42.4721440" lon="11.6127470">
        <ele>131.25</ele>
      </trkpt>
      <trkpt lat="42.4727100" lon="11.6126830">
        <ele>132.50</ele>
      </trkpt>
      <trkpt lat="42.4730190" lon="11.6125860">
        <ele>131.50</ele>
      </trkpt>
      <trkpt lat="42.4738180" lon="11.6122480">
        <ele>128.00</ele>
      </trkpt>
      <trkpt lat="42.4746920" lon="11.6118350">
        <ele>131.50</ele>
      </trkpt>
      <trkpt lat="42.4755370" lon="11.6115140">
        <ele>134.00</ele>
      </trkpt>
      <trkpt lat="42.4759430" lon="11.6113470">
        <ele>135.75</ele>
      </trkpt>
      <trkpt lat="42.4769200" lon="11.6112350">
        <ele>136.00</ele>
      </trkpt>
      <trkpt lat="42.4779960" lon="11.6111220">
        <ele>138.25</ele>
      </trkpt>
      <trkpt lat="42.4785070" lon="11.6110950">
        <ele>137.75</ele>
      </trkpt>
      <trkpt lat="42.4789180" lon="11.6110840">
        <ele>139.25</ele>
      </trkpt>
      <trkpt lat="42.4791830" lon="11.6111920">
        <ele>137.00</ele>
      </trkpt>
      <trkpt lat="42.4795350" lon="11.6112880">
        <ele>135.00</ele>
      </trkpt>
      <trkpt lat="42.4799860" lon="11.6112720">
        <ele>134.25</ele>
      </trkpt>
      <trkpt lat="42.4806030" lon="11.6109660">
        <ele>133.25</ele>
      </trkpt>
      <trkpt lat="42.4810620" lon="11.6108050">
        <ele>134.25</ele>
      </trkpt>
      <trkpt lat="42.4816120" lon="11.6109230">
        <ele>135.75</ele>
      </trkpt>
      <trkpt lat="42.4819880" lon="11.6110200">
        <ele>133.75</ele>
      </trkpt>
      <trkpt lat="42.4823880" lon="11.6109990">
        <ele>133.00</ele>
      </trkpt>
      <trkpt lat="42.4829970" lon="11.6108380">
        <ele>132.00</ele>
      </trkpt>
      <trkpt lat="42.4833850" lon="11.6107840">
        <ele>131.50</ele>
      </trkpt>
      <trkpt lat="42.4837370" lon="11.6109500">
        <ele>129.00</ele>
      </trkpt>
      <trkpt lat="42.4842430" lon="11.6109880">
        <ele>129.50</ele>
      </trkpt>
      <trkpt lat="42.4850150" lon="11.6109070">
        <ele>129.25</ele>
      </trkpt>
      <trkpt lat="42.4851210" lon="11.6109180">
        <ele>129.75</ele>
      </trkpt>
      <trkpt lat="42.4851770" lon="11.6110200">
        <ele>129.25</ele>
      </trkpt>
      <trkpt lat="42.4858900" lon="11.6120880">
        <ele>126.75</ele>
      </trkpt>
      <trkpt lat="42.4861300" lon="11.6124360">
        <ele>125.25</ele>
      </trkpt>
      <trkpt lat="42.4865970" lon="11.6127420">
        <ele>125.25</ele>
      </trkpt>
      <trkpt lat="42.4867040" lon="11.6129460">
        <ele>122.25</ele>
      </trkpt>
      <trkpt lat="42.4868860" lon="11.6134180">
        <ele>116.25</ele>
      </trkpt>
      <trkpt lat="42.4869850" lon="11.6135900">
        <ele>115.25</ele>
      </trkpt>
      <trkpt lat="42.4873520" lon="11.6139540">
        <ele>116.75</ele>
      </trkpt>
      <trkpt lat="42.4874870" lon="11.6142920">
        <ele>118.00</ele>
      </trkpt>
      <trkpt lat="42.4877060" lon="11.6146740">
        <ele>119.25</ele>
      </trkpt>
      <trkpt lat="42.4878750" lon="11.6148290">
        <ele>119.00</ele>
      </trkpt>
      <trkpt lat="42.4881480" lon="11.6149470">
        <ele>118.75</ele>
      </trkpt>
      <trkpt lat="42.4883180" lon="11.6149360">
        <ele>118.50</ele>
      </trkpt>
      <trkpt lat="42.4885790" lon="11.6147750">
        <ele>116.25</ele>
      </trkpt>
      <trkpt lat="42.4892510" lon="11.6142490">
        <ele>113.75</ele>
      </trkpt>
      <trkpt lat="42.4893910" lon="11.6141580">
        <ele>112.75</ele>
      </trkpt>
      <trkpt lat="42.4897730" lon="11.6139110">
        <ele>112.75</ele>
      </trkpt>
      <trkpt lat="42.4899910" lon="11.6135900">
        <ele>112.25</ele>
      </trkpt>
      <trkpt lat="42.4901570" lon="11.6134290">
        <ele>115.50</ele>
      </trkpt>
      <trkpt lat="42.4904700" lon="11.6134620">
        <ele>116.00</ele>
      </trkpt>
      <trkpt lat="42.4905610" lon="11.6136320">
        <ele>117.00</ele>
      </trkpt>
      <trkpt lat="42.4909260" lon="11.6143730">
        <ele>122.25</ele>
      </trkpt>
      <trkpt lat="42.4911780" lon="11.6150220">
        <ele>125.75</ele>
      </trkpt>
      <trkpt lat="42.4918240" lon="11.6161700">
        <ele>137.25</ele>
      </trkpt>
      <trkpt lat="42.4919740" lon="11.6163800">
        <ele>140.50</ele>
      </trkpt>
      <trkpt lat="42.4921190" lon="11.6166580">
        <ele>142.50</ele>
      </trkpt>
      <trkpt lat="42.4921940" lon="11.6167280">
        <ele>143.50</ele>
      </trkpt>
      <trkpt lat="42.4926970" lon="11.6166310">
        <ele>146.00</ele>
      </trkpt>
      <trkpt lat="42.4930610" lon="11.6165260">
        <ele>146.50</ele>
      </trkpt>
      <trkpt lat="42.4935310" lon="11.6166750">
        <ele>148.25</ele>
      </trkpt>
      <trkpt lat="42.4943650" lon="11.6170150">
        <ele>153.75</ele>
      </trkpt>
      <trkpt lat="42.4947950" lon="11.6170780">
        <ele>151.75</ele>
      </trkpt>
      <trkpt lat="42.4953950" lon="11.6169200">
        <ele>148.00</ele>
      </trkpt>
      <trkpt lat="42.4960480" lon="11.6166210">
        <ele>144.25</ele>
      </trkpt>
      <trkpt lat="42.4963190" lon="11.6165530">
        <ele>144.25</ele>
      </trkpt>
      <trkpt lat="42.4976990" lon="11.6167020">
        <ele>152.00</ele>
      </trkpt>
      <trkpt lat="42.4981060" lon="11.6166920">
        <ele>150.75</ele>
      </trkpt>
      <trkpt lat="42.4983290" lon="11.6166930">
        <ele>150.50</ele>
      </trkpt>
      <trkpt lat="42.4994630" lon="11.6168790">
        <ele>162.25</ele>
      </trkpt>
      <trkpt lat="42.5007560" lon="11.6168880">
        <ele>169.00</ele>
      </trkpt>
      <trkpt lat="42.5013460" lon="11.6168290">
        <ele>170.75</ele>
      </trkpt>
      <trkpt lat="42.5013930" lon="11.6168250">
        <ele>170.75</ele>
      </trkpt>
      <trkpt lat="42.5020100" lon="11.6165400">
        <ele>170.50</ele>
      </trkpt>
      <trkpt lat="42.5029330" lon="11.6157480">
        <ele>171.25</ele>
      </trkpt>
      <trkpt lat="42.5045370" lon="11.6145360">
        <ele>175.75</ele>
      </trkpt>
      <trkpt lat="42.5055940" lon="11.6137270">
        <ele>179.25</ele>
      </trkpt>
      <trkpt lat="42.5059090" lon="11.6133830">
        <ele>179.25</ele>
      </trkpt>
      <trkpt lat="42.5068250" lon="11.6130660">
        <ele>171.50</ele>
      </trkpt>
      <trkpt lat="42.5070010" lon="11.6128030">
        <ele>168.25</ele>
      </trkpt>
      <trkpt lat="42.5070610" lon="11.6124560">
        <ele>166.00</ele>
      </trkpt>
      <trkpt lat="42.5070430" lon="11.6122410">
        <ele>164.25</ele>
      </trkpt>
      <trkpt lat="42.5069230" lon="11.6118230">
        <ele>163.00</ele>
      </trkpt>
      <trkpt lat="42.5061550" lon="11.6104360">
        <ele>148.50</ele>
      </trkpt>
      <trkpt lat="42.5059270" lon="11.6098330">
        <ele>147.50</ele>
      </trkpt>
      <trkpt lat="42.5059070" lon="11.6097290">
        <ele>146.00</ele>
      </trkpt>
      <trkpt lat="42.5059590" lon="11.6095240">
        <ele>143.00</ele>
      </trkpt>
      <trkpt lat="42.5060750" lon="11.6092840">
        <ele>141.25</ele>
      </trkpt>
      <trkpt lat="42.5061590" lon="11.6092590">
        <ele>141.50</ele>
      </trkpt>
      <trkpt lat="42.5062910" lon="11.6093600">
        <ele>140.75</ele>
      </trkpt>
      <trkpt lat="42.5067010" lon="11.6095100">
        <ele>138.50</ele>
      </trkpt>
      <trkpt lat="42.5068900" lon="11.6096900">
        <ele>138.00</ele>
      </trkpt>
      <trkpt lat="42.5070620" lon="11.6100360">
        <ele>136.50</ele>
      </trkpt>
      <trkpt lat="42.5072610" lon="11.6103190">
        <ele>135.50</ele>
      </trkpt>
      <trkpt lat="42.5075110" lon="11.6108510">
        <ele>135.00</ele>
      </trkpt>
      <trkpt lat="42.5079100" lon="11.6115060">
        <ele>135.50</ele>
      </trkpt>
      <trkpt lat="42.5081940" lon="11.6118620">
        <ele>134.00</ele>
      </trkpt>
      <trkpt lat="42.5087340" lon="11.6122930">
        <ele>133.25</ele>
      </trkpt>
      <trkpt lat="42.5092490" lon="11.6126120">
        <ele>132.25</ele>
      </trkpt>
      <trkpt lat="42.5099380" lon="11.6131670">
        <ele>125.25</ele>
      </trkpt>
      <trkpt lat="42.5101920" lon="11.6132770">
        <ele>123.50</ele>
      </trkpt>
      <trkpt lat="42.5105800" lon="11.6131760">
        <ele>122.75</ele>
      </trkpt>
      <trkpt lat="42.5112720" lon="11.6127580">
        <ele>121.25</ele>
      </trkpt>
      <trkpt lat="42.5115980" lon="11.6124760">
        <ele>118.75</ele>
      </trkpt>
      <trkpt lat="42.5117840" lon="11.6124130">
        <ele>119.00</ele>
      </trkpt>
      <trkpt lat="42.5119110" lon="11.6124360">
        <ele>119.00</ele>
      </trkpt>
      <trkpt lat="42.5123460" lon="11.6126990">
        <ele>116.00</ele>
      </trkpt>
      <trkpt lat="42.5125470" lon="11.6127000">
        <ele>115.25</ele>
      </trkpt>
      <trkpt lat="42.5128490" lon="11.6124980">
        <ele>114.00</ele>
      </trkpt>
      <trkpt lat="42.5131000" lon="11.6121380">
        <ele>114.25</ele>
      </trkpt>
      <trkpt lat="42.5133250" lon="11.6117190">
        <ele>115.50</ele>
      </trkpt>
      <trkpt lat="42.5135830" lon="11.6112140">
        <ele>118.50</ele>
      </trkpt>
      <trkpt lat="42.5141780" lon="11.6106380">
        <ele>120.50</ele>
      </trkpt>
      <trkpt lat="42.5146030" lon="11.6101740">
        <ele>122.25</ele>
      </trkpt>
      <trkpt lat="42.5147460" lon="11.6100600">
        <ele>116.25</ele>
      </trkpt>
      <trkpt lat="42.5154500" lon="11.6095040">
        <ele>116.25</ele>
      </trkpt>
      <trkpt lat="42.5159380" lon="11.6094530">
        <ele>113.50</ele>
      </trkpt>
      <trkpt lat="42.5166490" lon="11.6090070">
        <ele>111.75</ele>
      </trkpt>
      <trkpt lat="42.5173450" lon="11.6088220">
        <ele>115.00</ele>
      </trkpt>
      <trkpt lat="42.5176510" lon="11.6087710">
        <ele>114.25</ele>
      </trkpt>
      <trkpt lat="42.5179770" lon="11.6088430">
        <ele>109.25</ele>
      </trkpt>
      <trkpt lat="42.5185930" lon="11.6085110">
        <ele>112.00</ele>
      </trkpt>
      <trkpt lat="42.5188700" lon="11.6081670">
        <ele>111.75</ele>
      </trkpt>
      <trkpt lat="42.5191940" lon="11.6075770">
        <ele>114.75</ele>
      </trkpt>
      <trkpt lat="42.5195500" lon="11.6071590">
        <ele>109.25</ele>
      </trkpt>
      <trkpt lat="42.5199770" lon="11.6066870">
        <ele>106.50</ele>
      </trkpt>
      <trkpt lat="42.5203410" lon="11.6064080">
        <ele>103.50</ele>
      </trkpt>
      <trkpt lat="42.5208300" lon="11.6061840">
        <ele>98.00</ele>
      </trkpt>
      <trkpt lat="42.5208820" lon="11.6062390">
        <ele>97.75</ele>
      </trkpt>
      <trkpt lat="42.5210340" lon="11.6062720">
        <ele>98.75</ele>
      </trkpt>
      <trkpt lat="42.5215440" lon="11.6062340">
        <ele>104.50</ele>
      </trkpt>
      <trkpt lat="42.5218950" lon="11.6062730">
        <ele>105.25</ele>
      </trkpt>
      <trkpt lat="42.5222810" lon="11.6064570">
        <ele>104.25</ele>
      </trkpt>
      <trkpt lat="42.5228440" lon="11.6065490">
        <ele>105.50</ele>
      </trkpt>
      <trkpt lat="42.5240180" lon="11.6060520">
        <ele>111.25</ele>
      </trkpt>
      <trkpt lat="42.5242200" lon="11.6060820">
        <ele>110.25</ele>
      </trkpt>
      <trkpt lat="42.5247240" lon="11.6061780">
        <ele>108.25</ele>
      </trkpt>
      <trkpt lat="42.5250960" lon="11.6061040">
        <ele>105.25</ele>
      </trkpt>
      <trkpt lat="42.5259250" lon="11.6047960">
        <ele>103.50</ele>
      </trkpt>
      <trkpt lat="42.5262560" lon="11.6039510">
        <ele>109.25</ele>
      </trkpt>
      <trkpt lat="42.5265910" lon="11.6033820">
        <ele>108.25</ele>
      </trkpt>
      <trkpt lat="42.5267220" lon="11.6030910">
        <ele>108.25</ele>
      </trkpt>
      <trkpt lat="42.5267770" lon="11.6029230">
        <ele>110.00</ele>
      </trkpt>
      <trkpt lat="42.5269920" lon="11.6022760">
        <ele>110.00</ele>
      </trkpt>
      <trkpt lat="42.5271270" lon="11.6018040">
        <ele>115.50</ele>
      </trkpt>
      <trkpt lat="42.5271830" lon="11.6016970">
        <ele>116.25</ele>
      </trkpt>
      <trkpt lat="42.5272840" lon="11.6015300">
        <ele>115.75</ele>
      </trkpt>
      <trkpt lat="42.5273290" lon="11.6013350">
        <ele>117.75</ele>
      </trkpt>
      <trkpt lat="42.5273940" lon="11.6011980">
        <ele>118.00</ele>
      </trkpt>
      <trkpt lat="42.5273980" lon="11.6011170">
        <ele>119.25</ele>
      </trkpt>
      <trkpt lat="42.5274380" lon="11.6009670">
        <ele>119.75</ele>
      </trkpt>
      <trkpt lat="42.5281880" lon="11.5994540">
        <ele>117.00</ele>
      </trkpt>
      <trkpt lat="42.5282710" lon="11.5989890">
        <ele>120.75</ele>
      </trkpt>
      <trkpt lat="42.5285040" lon="11.5986300">
        <ele>120.50</ele>
      </trkpt>
      <trkpt lat="42.5290100" lon="11.5979090">
        <ele>119.25</ele>
      </trkpt>
      <trkpt lat="42.5292990" lon="11.5971570">
        <ele>120.00</ele>
      </trkpt>
      <trkpt lat="42.5293960" lon="11.5959250">
        <ele>119.75</ele>
      </trkpt>
      <trkpt lat="42.5297530" lon="11.5952350">
        <ele>119.50</ele>
      </trkpt>
      <trkpt lat="42.5300000" lon="11.5937840">
        <ele>116.25</ele>
      </trkpt>
      <trkpt lat="42.5302310" lon="11.5933170">
        <ele>117.25</ele>
      </trkpt>
      <trkpt lat="42.5311290" lon="11.5920300">
        <ele>117.25</ele>
      </trkpt>
      <trkpt lat="42.5321600" lon="11.5904160">
        <ele>128.00</ele>
      </trkpt>
      <trkpt lat="42.5330230" lon="11.5899310">
        <ele>123.50</ele>
      </trkpt>
      <trkpt lat="42.5332110" lon="11.5898750">
        <ele>123.50</ele>
      </trkpt>
      <trkpt lat="42.5335330" lon="11.5898990">
        <ele>121.00</ele>
      </trkpt>
      <trkpt lat="42.5335940" lon="11.5899000">
        <ele>118.25</ele>
      </trkpt>
      <trkpt lat="42.5338530" lon="11.5899070">
        <ele>118.25</ele>
      </trkpt>
      <trkpt lat="42.5342860" lon="11.5898550">
        <ele>114.50</ele>
      </trkpt>
      <trkpt lat="42.5343810" lon="11.5898240">
        <ele>113.50</ele>
      </trkpt>
      <trkpt lat="42.5345770" lon="11.5896870">
        <ele>113.25</ele>
      </trkpt>
      <trkpt lat="42.5351930" lon="11.5890240">
        <ele>109.75</ele>
      </trkpt>
      <trkpt lat="42.5359240" lon="11.5882620">
        <ele>109.75</ele>
      </trkpt>
      <trkpt lat="42.5360280" lon="11.5881840">
        <ele>109.75</ele>
      </trkpt>
      <trkpt lat="42.5362060" lon="11.5880900">
        <ele>110.00</ele>
      </trkpt>
      <trkpt lat="42.5368180" lon="11.5879760">
        <ele>111.75</ele>
      </trkpt>
      <trkpt lat="42.5368890" lon="11.5879480">
        <ele>111.75</ele>
      </trkpt>
      <trkpt lat="42.5369650" lon="11.5879060">
        <ele>111.50</ele>
      </trkpt>
      <trkpt lat="42.5370300" lon="11.5878310">
        <ele>111.00</ele>
      </trkpt>
      <trkpt lat="42.5370960" lon="11.5877120">
        <ele>110.75</ele>
      </trkpt>
      <trkpt lat="42.5375350" lon="11.5867350">
        <ele>111.50</ele>
      </trkpt>
      <trkpt lat="42.5376270" lon="11.5865440">
        <ele>111.75</ele>
      </trkpt>
      <trkpt lat="42.5377200" lon="11.5863940">
        <ele>111.75</ele>
      </trkpt>
      <trkpt lat="42.5378000" lon="11.5862940">
        <ele>111.50</ele>
      </trkpt>
      <trkpt lat="42.5391040" lon="11.5850360">
        <ele>108.25</ele>
      </trkpt>
      <trkpt lat="42.5391890" lon="11.5849420">
        <ele>107.25</ele>
      </trkpt>
      <trkpt lat="42.5393020" lon="11.5847630">
        <ele>106.50</ele>
      </trkpt>
      <trkpt lat="42.5393480" lon="11.5846380">
        <ele>106.75</ele>
      </trkpt>
      <trkpt lat="42.5400990" lon="11.5816300">
        <ele>109.75</ele>
      </trkpt>
      <trkpt lat="42.5405430" lon="11.5799050">
        <ele>112.00</ele>
      </trkpt>
      <trkpt lat="42.5408040" lon="11.5788480">
        <ele>114.75</ele>
      </trkpt>
      <trkpt lat="42.5408840" lon="11.5785510">
        <ele>114.75</ele>
      </trkpt>
      <trkpt lat="42.5410240" lon="11.5779860">
        <ele>120.25</ele>
      </trkpt>
      <trkpt lat="42.5414640" lon="11.5762120">
        <ele>120.25</ele>
      </trkpt>
      <trkpt lat="42.5416900" lon="11.5753320">
        <ele>124.00</ele>
      </trkpt>
      <trkpt lat="42.5417240" lon="11.5752000">
        <ele>125.25</ele>
      </trkpt>
      <trkpt lat="42.5417980" lon="11.5748710">
        <ele>129.50</ele>
      </trkpt>
      <trkpt lat="42.5418080" lon="11.5746460">
        <ele>131.50</ele>
      </trkpt>
      <trkpt lat="42.5417780" lon="11.5745010">
        <ele>132.25</ele>
      </trkpt>
      <trkpt lat="42.5416480" lon="11.5741310">
        <ele>134.00</ele>
      </trkpt>
      <trkpt lat="42.5415990" lon="11.5739260">
        <ele>136.00</ele>
      </trkpt>
      <trkpt lat="42.5414300" lon="11.5737960">
        <ele>134.00</ele>
      </trkpt>
      <trkpt lat="42.5412400" lon="11.5738500">
        <ele>129.75</ele>
      </trkpt>
      <trkpt lat="42.5410270" lon="11.5737640">
        <ele>126.25</ele>
      </trkpt>
      <trkpt lat="42.5407980" lon="11.5734850">
        <ele>123.75</ele>
      </trkpt>
      <trkpt lat="42.5404770" lon="11.5733940">
        <ele>121.00</ele>
      </trkpt>
      <trkpt lat="42.5402760" lon="11.5734640">
        <ele>121.00</ele>
      </trkpt>
      <trkpt lat="42.5399520" lon="11.5731310">
        <ele>125.25</ele>
      </trkpt>
      <trkpt lat="42.5396280" lon="11.5729700">
        <ele>131.25</ele>
      </trkpt>
      <trkpt lat="42.5391530" lon="11.5731100">
        <ele>138.50</ele>
      </trkpt>
      <trkpt lat="42.5389320" lon="11.5730990">
        <ele>142.50</ele>
      </trkpt>
      <trkpt lat="42.5386400" lon="11.5728410">
        <ele>146.50</ele>
      </trkpt>
      <trkpt lat="42.5382680" lon="11.5725410">
        <ele>154.00</ele>
      </trkpt>
      <trkpt lat="42.5381500" lon="11.5719720">
        <ele>157.50</ele>
      </trkpt>
      <trkpt lat="42.5381570" lon="11.5714570">
        <ele>161.75</ele>
      </trkpt>
      <trkpt lat="42.5382520" lon="11.5710180">
        <ele>163.50</ele>
      </trkpt>
      <trkpt lat="42.5381890" lon="11.5708030">
        <ele>166.50</ele>
      </trkpt>
      <trkpt lat="42.5380780" lon="11.5698590">
        <ele>170.00</ele>
      </trkpt>
      <trkpt lat="42.5378960" lon="11.5695260">
        <ele>172.50</ele>
      </trkpt>
      <trkpt lat="42.5376590" lon="11.5693220">
        <ele>175.75</ele>
      </trkpt>
      <trkpt lat="42.5375650" lon="11.5692900">
        <ele>177.25</ele>
      </trkpt>
      <trkpt lat="42.5375800" lon="11.5688930">
        <ele>177.00</ele>
      </trkpt>
      <trkpt lat="42.5374890" lon="11.5681480">
        <ele>184.75</ele>
      </trkpt>
      <trkpt lat="42.5375920" lon="11.5679490">
        <ele>187.75</ele>
      </trkpt>
      <trkpt lat="42.5378120" lon="11.5677320">
        <ele>189.25</ele>
      </trkpt>
      <trkpt lat="42.5379280" lon="11.5675200">
        <ele>190.75</ele>
      </trkpt>
      <trkpt lat="42.5380140" lon="11.5672740">
        <ele>193.75</ele>
      </trkpt>
      <trkpt lat="42.5380340" lon="11.5669390">
        <ele>197.50</ele>
      </trkpt>
      <trkpt lat="42.5380240" lon="11.5667540">
        <ele>198.50</ele>
      </trkpt>
      <trkpt lat="42.5380560" lon="11.5663990">
        <ele>199.75</ele>
      </trkpt>
      <trkpt lat="42.5380050" lon="11.5661180">
        <ele>203.25</ele>
      </trkpt>
      <trkpt lat="42.5379280" lon="11.5657820">
        <ele>203.75</ele>
      </trkpt>
      <trkpt lat="42.5377870" lon="11.5654960">
        <ele>204.00</ele>
      </trkpt>
      <trkpt lat="42.5375700" lon="11.5652440">
        <ele>205.50</ele>
      </trkpt>
      <trkpt lat="42.5375500" lon="11.5651580">
        <ele>206.00</ele>
      </trkpt>
      <trkpt lat="42.5375580" lon="11.5650510">
        <ele>205.75</ele>
      </trkpt>
      <trkpt lat="42.5376010" lon="11.5649650">
        <ele>205.25</ele>
      </trkpt>
      <trkpt lat="42.5376610" lon="11.5648980">
        <ele>205.00</ele>
      </trkpt>
      <trkpt lat="42.5378270" lon="11.5648280">
        <ele>203.00</ele>
      </trkpt>
      <trkpt lat="42.5378670" lon="11.5647770">
        <ele>203.00</ele>
      </trkpt>
      <trkpt lat="42.5379310" lon="11.5645570">
        <ele>204.75</ele>
      </trkpt>
      <trkpt lat="42.5379240" lon="11.5644920">
        <ele>205.75</ele>
      </trkpt>
      <trkpt lat="42.5378180" lon="11.5641460">
        <ele>211.75</ele>
      </trkpt>
      <trkpt lat="42.5378110" lon="11.5640340">
        <ele>214.00</ele>
      </trkpt>
      <trkpt lat="42.5378420" lon="11.5639510">
        <ele>215.00</ele>
      </trkpt>
      <trkpt lat="42.5379240" lon="11.5638520">
        <ele>216.00</ele>
      </trkpt>
      <trkpt lat="42.5383250" lon="11.5634630">
        <ele>220.75</ele>
      </trkpt>
      <trkpt lat="42.5385210" lon="11.5633140">
        <ele>223.50</ele>
      </trkpt>
      <trkpt lat="42.5386160" lon="11.5631850">
        <ele>225.50</ele>
      </trkpt>
      <trkpt lat="42.5386080" lon="11.5630350">
        <ele>227.50</ele>
      </trkpt>
      <trkpt lat="42.5385570" lon="11.5629970">
        <ele>227.75</ele>
      </trkpt>
      <trkpt lat="42.5385210" lon="11.5629710">
        <ele>228.00</ele>
      </trkpt>
      <trkpt lat="42.5382210" lon="11.5629490">
        <ele>231.25</ele>
      </trkpt>
      <trkpt lat="42.5374690" lon="11.5626660">
        <ele>242.00</ele>
      </trkpt>
      <trkpt lat="42.5373330" lon="11.5626010">
        <ele>243.50</ele>
      </trkpt>
      <trkpt lat="42.5372960" lon="11.5626110">
        <ele>243.75</ele>
      </trkpt>
      <trkpt lat="42.5370650" lon="11.5626720">
        <ele>245.50</ele>
      </trkpt>
      <trkpt lat="42.5369000" lon="11.5627890">
        <ele>246.75</ele>
      </trkpt>
      <trkpt lat="42.5367730" lon="11.5629440">
        <ele>247.25</ele>
      </trkpt>
      <trkpt lat="42.5367400" lon="11.5629780">
        <ele>248.75</ele>
      </trkpt>
      <trkpt lat="42.5366410" lon="11.5630850">
        <ele>248.75</ele>
      </trkpt>
      <trkpt lat="42.5361590" lon="11.5630800">
        <ele>256.00</ele>
      </trkpt>
      <trkpt lat="42.5360250" lon="11.5631520">
        <ele>257.50</ele>
      </trkpt>
      <trkpt lat="42.5357810" lon="11.5634990">
        <ele>260.00</ele>
      </trkpt>
      <trkpt lat="42.5356980" lon="11.5635410">
        <ele>262.25</ele>
      </trkpt>
      <trkpt lat="42.5355750" lon="11.5635110">
        <ele>265.75</ele>
      </trkpt>
      <trkpt lat="42.5355270" lon="11.5634060">
        <ele>266.50</ele>
      </trkpt>
      <trkpt lat="42.5354760" lon="11.5631910">
        <ele>267.50</ele>
      </trkpt>
      <trkpt lat="42.5354430" lon="11.5631170">
        <ele>268.00</ele>
      </trkpt>
      <trkpt lat="42.5353820" lon="11.5630080">
        <ele>268.50</ele>
      </trkpt>
      <trkpt lat="42.5351400" lon="11.5627440">
        <ele>270.25</ele>
      </trkpt>
      <trkpt lat="42.5349920" lon="11.5626170">
        <ele>271.75</ele>
      </trkpt>
      <trkpt lat="42.5349060" lon="11.5625060">
        <ele>273.50</ele>
      </trkpt>
      <trkpt lat="42.5348010" lon="11.5623980">
        <ele>275.50</ele>
      </trkpt>
      <trkpt lat="42.5346830" lon="11.5622700">
        <ele>277.75</ele>
      </trkpt>
      <trkpt lat="42.5346140" lon="11.5621740">
        <ele>279.25</ele>
      </trkpt>
      <trkpt lat="42.5344930" lon="11.5620580">
        <ele>281.50</ele>
      </trkpt>
      <trkpt lat="42.5343840" lon="11.5619410">
        <ele>283.50</ele>
      </trkpt>
      <trkpt lat="42.5343440" lon="11.5618610">
        <ele>283.25</ele>
      </trkpt>
      <trkpt lat="42.5343260" lon="11.5617990">
        <ele>283.00</ele>
      </trkpt>
      <trkpt lat="42.5343390" lon="11.5617120">
        <ele>282.25</ele>
      </trkpt>
      <trkpt lat="42.5343290" lon="11.5615220">
        <ele>280.75</ele>
      </trkpt>
      <trkpt lat="42.5342980" lon="11.5613780">
        <ele>280.00</ele>
      </trkpt>
      <trkpt lat="42.5341950" lon="11.5611480">
        <ele>281.75</ele>
      </trkpt>
      <trkpt lat="42.5341280" lon="11.5609600">
        <ele>283.25</ele>
      </trkpt>
      <trkpt lat="42.5341030" lon="11.5608260">
        <ele>284.00</ele>
      </trkpt>
      <trkpt lat="42.5340920" lon="11.5606050">
        <ele>285.75</ele>
      </trkpt>
      <trkpt lat="42.5340430" lon="11.5603270">
        <ele>288.25</ele>
      </trkpt>
      <trkpt lat="42.5339930" lon="11.5601540">
        <ele>289.00</ele>
      </trkpt>
      <trkpt lat="42.5339690" lon="11.5599420">
        <ele>290.50</ele>
      </trkpt>
      <trkpt lat="42.5339010" lon="11.5595820">
        <ele>292.75</ele>
      </trkpt>
      <trkpt lat="42.5338480" lon="11.5590300">
        <ele>294.75</ele>
      </trkpt>
      <trkpt lat="42.5338160" lon="11.5586650">
        <ele>299.25</ele>
      </trkpt>
      <trkpt lat="42.5337850" lon="11.5584590">
        <ele>301.25</ele>
      </trkpt>
      <trkpt lat="42.5337280" lon="11.5582570">
        <ele>303.00</ele>
      </trkpt>
      <trkpt lat="42.5336780" lon="11.5580460">
        <ele>304.00</ele>
      </trkpt>
      <trkpt lat="42.5335120" lon="11.5577190">
        <ele>306.25</ele>
      </trkpt>
      <trkpt lat="42.5333210" lon="11.5572250">
        <ele>307.00</ele>
      </trkpt>
      <trkpt lat="42.5332180" lon="11.5569700">
        <ele>309.25</ele>
      </trkpt>
      <trkpt lat="42.5331410" lon="11.5567890">
        <ele>311.75</ele>
      </trkpt>
      <trkpt lat="42.5330820" lon="11.5566810">
        <ele>313.50</ele>
      </trkpt>
      <trkpt lat="42.5329690" lon="11.5565620">
        <ele>311.75</ele>
      </trkpt>
      <trkpt lat="42.5328330" lon="11.5566100">
        <ele>310.50</ele>
      </trkpt>
      <trkpt lat="42.5327410" lon="11.5566250">
        <ele>309.75</ele>
      </trkpt>
      <trkpt lat="42.5326790" lon="11.5565490">
        <ele>309.25</ele>
      </trkpt>
      <trkpt lat="42.5325890" lon="11.5564880">
        <ele>308.75</ele>
      </trkpt>
      <trkpt lat="42.5324200" lon="11.5564040">
        <ele>308.50</ele>
      </trkpt>
      <trkpt lat="42.5323390" lon="11.5563370">
        <ele>308.75</ele>
      </trkpt>
      <trkpt lat="42.5322560" lon="11.5562170">
        <ele>309.00</ele>
      </trkpt>
      <trkpt lat="42.5321750" lon="11.5560730">
        <ele>309.50</ele>
      </trkpt>
      <trkpt lat="42.5320580" lon="11.5557480">
        <ele>311.25</ele>
      </trkpt>
      <trkpt lat="42.5320620" lon="11.5556300">
        <ele>311.25</ele>
      </trkpt>
      <trkpt lat="42.5321370" lon="11.5554150">
        <ele>310.00</ele>
      </trkpt>
      <trkpt lat="42.5321430" lon="11.5553170">
        <ele>310.00</ele>
      </trkpt>
      <trkpt lat="42.5321330" lon="11.5551400">
        <ele>310.00</ele>
      </trkpt>
      <trkpt lat="42.5321010" lon="11.5548280">
        <ele>309.25</ele>
      </trkpt>
      <trkpt lat="42.5320900" lon="11.5546370">
        <ele>309.25</ele>
      </trkpt>
      <trkpt lat="42.5320900" lon="11.5545360">
        <ele>309.50</ele>
      </trkpt>
      <trkpt lat="42.5321000" lon="11.5543870">
        <ele>310.50</ele>
      </trkpt>
      <trkpt lat="42.5321720" lon="11.5542520">
        <ele>311.25</ele>
      </trkpt>
      <trkpt lat="42.5323590" lon="11.5540410">
        <ele>311.50</ele>
      </trkpt>
      <trkpt lat="42.5324300" lon="11.5539360">
        <ele>311.50</ele>
      </trkpt>
      <trkpt lat="42.5325210" lon="11.5537590">
        <ele>311.50</ele>
      </trkpt>
      <trkpt lat="42.5326010" lon="11.5535810">
        <ele>312.25</ele>
      </trkpt>
      <trkpt lat="42.5326420" lon="11.5534750">
        <ele>312.25</ele>
      </trkpt>
      <trkpt lat="42.5328930" lon="11.5531000">
        <ele>310.50</ele>
      </trkpt>
      <trkpt lat="42.5330490" lon="11.5528270">
        <ele>309.00</ele>
      </trkpt>
      <trkpt lat="42.5332010" lon="11.5525440">
        <ele>307.25</ele>
      </trkpt>
      <trkpt lat="42.5333320" lon="11.5523320">
        <ele>306.75</ele>
      </trkpt>
      <trkpt lat="42.5335260" lon="11.5520630">
        <ele>305.75</ele>
      </trkpt>
      <trkpt lat="42.5336540" lon="11.5519100">
        <ele>305.75</ele>
      </trkpt>
      <trkpt lat="42.5341140" lon="11.5510890">
        <ele>306.50</ele>
      </trkpt>
      <trkpt lat="42.5342450" lon="11.5508150">
        <ele>306.00</ele>
      </trkpt>
      <trkpt lat="42.5344360" lon="11.5503690">
        <ele>304.50</ele>
      </trkpt>
      <trkpt lat="42.5345190" lon="11.5501260">
        <ele>302.75</ele>
      </trkpt>
      <trkpt lat="42.5345980" lon="11.5499510">
        <ele>301.50</ele>
      </trkpt>
      <trkpt lat="42.5348280" lon="11.5494970">
        <ele>297.00</ele>
      </trkpt>
      <trkpt lat="42.5350000" lon="11.5490660">
        <ele>294.50</ele>
      </trkpt>
      <trkpt lat="42.5351560" lon="11.5484770">
        <ele>292.75</ele>
      </trkpt>
      <trkpt lat="42.5352000" lon="11.5483520">
        <ele>292.00</ele>
      </trkpt>
      <trkpt lat="42.5352670" lon="11.5482660">
        <ele>291.50</ele>
      </trkpt>
      <trkpt lat="42.5353300" lon="11.5482720">
        <ele>290.75</ele>
      </trkpt>
      <trkpt lat="42.5355180" lon="11.5484150">
        <ele>289.75</ele>
      </trkpt>
      <trkpt lat="42.5356170" lon="11.5485010">
        <ele>289.00</ele>
      </trkpt>
      <trkpt lat="42.5357810" lon="11.5485950">
        <ele>286.75</ele>
      </trkpt>
      <trkpt lat="42.5362800" lon="11.5487720">
        <ele>278.75</ele>
      </trkpt>
      <trkpt lat="42.5364710" lon="11.5488200">
        <ele>274.75</ele>
      </trkpt>
      <trkpt lat="42.5365470" lon="11.5488210">
        <ele>273.50</ele>
      </trkpt>
      <trkpt lat="42.5366540" lon="11.5487910">
        <ele>271.50</ele>
      </trkpt>
      <trkpt lat="42.5368080" lon="11.5487010">
        <ele>269.00</ele>
      </trkpt>
      <trkpt lat="42.5370990" lon="11.5486360">
        <ele>264.25</ele>
      </trkpt>
      <trkpt lat="42.5372020" lon="11.5485730">
        <ele>262.00</ele>
      </trkpt>
      <trkpt lat="42.5372960" lon="11.5484360">
        <ele>260.25</ele>
      </trkpt>
      <trkpt lat="42.5374900" lon="11.5481020">
        <ele>257.25</ele>
      </trkpt>
      <trkpt lat="42.5375370" lon="11.5479990">
        <ele>256.50</ele>
      </trkpt>
      <trkpt lat="42.5375840" lon="11.5478370">
        <ele>255.50</ele>
      </trkpt>
      <trkpt lat="42.5376260" lon="11.5476560">
        <ele>254.25</ele>
      </trkpt>
      <trkpt lat="42.5376980" lon="11.5474800">
        <ele>252.75</ele>
      </trkpt>
      <trkpt lat="42.5377840" lon="11.5473050">
        <ele>251.75</ele>
      </trkpt>
      <trkpt lat="42.5378600" lon="11.5471670">
        <ele>251.25</ele>
      </trkpt>
      <trkpt lat="42.5380410" lon="11.5469390">
        <ele>248.00</ele>
      </trkpt>
      <trkpt lat="42.5381500" lon="11.5468210">
        <ele>247.75</ele>
      </trkpt>
      <trkpt lat="42.5381940" lon="11.5467030">
        <ele>246.75</ele>
      </trkpt>
      <trkpt lat="42.5382000" lon="11.5465950">
        <ele>245.50</ele>
      </trkpt>
      <trkpt lat="42.5381330" lon="11.5464510">
        <ele>244.50</ele>
      </trkpt>
      <trkpt lat="42.5380690" lon="11.5462920">
        <ele>242.25</ele>
      </trkpt>
      <trkpt lat="42.5379460" lon="11.5459100">
        <ele>233.75</ele>
      </trkpt>
      <trkpt lat="42.5379070" lon="11.5457400">
        <ele>232.00</ele>
      </trkpt>
      <trkpt lat="42.5379040" lon="11.5456370">
        <ele>231.75</ele>
      </trkpt>
      <trkpt lat="42.5379400" lon="11.5455800">
        <ele>232.25</ele>
      </trkpt>
      <trkpt lat="42.5380040" lon="11.5455600">
        <ele>233.00</ele>
      </trkpt>
      <trkpt lat="42.5381030" lon="11.5455840">
        <ele>234.00</ele>
      </trkpt>
      <trkpt lat="42.5383170" lon="11.5456660">
        <ele>234.25</ele>
      </trkpt>
      <trkpt lat="42.5384540" lon="11.5456980">
        <ele>235.00</ele>
      </trkpt>
      <trkpt lat="42.5387450" lon="11.5457140">
        <ele>237.25</ele>
      </trkpt>
      <trkpt lat="42.5388240" lon="11.5456930">
        <ele>238.00</ele>
      </trkpt>
      <trkpt lat="42.5388920" lon="11.5456440">
        <ele>239.25</ele>
      </trkpt>
      <trkpt lat="42.5389390" lon="11.5455820">
        <ele>240.00</ele>
      </trkpt>
      <trkpt lat="42.5389360" lon="11.5454860">
        <ele>240.75</ele>
      </trkpt>
      <trkpt lat="42.5388680" lon="11.5453270">
        <ele>242.50</ele>
      </trkpt>
      <trkpt lat="42.5387550" lon="11.5452310">
        <ele>243.75</ele>
      </trkpt>
      <trkpt lat="42.5385610" lon="11.5449770">
        <ele>248.00</ele>
      </trkpt>
      <trkpt lat="42.5384010" lon="11.5447940">
        <ele>249.75</ele>
      </trkpt>
      <trkpt lat="42.5383270" lon="11.5447220">
        <ele>250.75</ele>
      </trkpt>
      <trkpt lat="42.5382600" lon="11.5446260">
        <ele>251.00</ele>
      </trkpt>
      <trkpt lat="42.5382140" lon="11.5445010">
        <ele>251.75</ele>
      </trkpt>
      <trkpt lat="42.5381960" lon="11.5444010">
        <ele>252.50</ele>
      </trkpt>
      <trkpt lat="42.5382140" lon="11.5442660">
        <ele>253.25</ele>
      </trkpt>
      <trkpt lat="42.5382210" lon="11.5441080">
        <ele>253.50</ele>
      </trkpt>
      <trkpt lat="42.5382600" lon="11.5439300">
        <ele>253.25</ele>
      </trkpt>
      <trkpt lat="42.5382710" lon="11.5437430">
        <ele>253.75</ele>
      </trkpt>
      <trkpt lat="42.5382950" lon="11.5436420">
        <ele>253.50</ele>
      </trkpt>
      <trkpt lat="42.5382990" lon="11.5433880">
        <ele>254.50</ele>
      </trkpt>
      <trkpt lat="42.5382810" lon="11.5432720">
        <ele>255.75</ele>
      </trkpt>
      <trkpt lat="42.5382530" lon="11.5430080">
        <ele>258.25</ele>
      </trkpt>
      <trkpt lat="42.5382470" lon="11.5428500">
        <ele>259.25</ele>
      </trkpt>
      <trkpt lat="42.5382900" lon="11.5426230">
        <ele>259.50</ele>
      </trkpt>
      <trkpt lat="42.5383880" lon="11.5423050">
        <ele>260.75</ele>
      </trkpt>
      <trkpt lat="42.5384860" lon="11.5422060">
        <ele>260.75</ele>
      </trkpt>
      <trkpt lat="42.5386030" lon="11.5419660">
        <ele>261.00</ele>
      </trkpt>
      <trkpt lat="42.5386770" lon="11.5416640">
        <ele>263.25</ele>
      </trkpt>
      <trkpt lat="42.5387230" lon="11.5414430">
        <ele>265.25</ele>
      </trkpt>
      <trkpt lat="42.5388440" lon="11.5410690">
        <ele>266.00</ele>
      </trkpt>
      <trkpt lat="42.5389070" lon="11.5409390">
        <ele>265.25</ele>
      </trkpt>
      <trkpt lat="42.5391410" lon="11.5408090">
        <ele>264.75</ele>
      </trkpt>
      <trkpt lat="42.5394880" lon="11.5406600">
        <ele>264.75</ele>
      </trkpt>
      <trkpt lat="42.5398020" lon="11.5405070">
        <ele>263.75</ele>
      </trkpt>
      <trkpt lat="42.5404710" lon="11.5402190">
        <ele>264.00</ele>
      </trkpt>
      <trkpt lat="42.5407750" lon="11.5400790">
        <ele>264.00</ele>
      </trkpt>
      <trkpt lat="42.5417450" lon="11.5396810">
        <ele>257.25</ele>
      </trkpt>
      <trkpt lat="42.5420030" lon="11.5395510">
        <ele>254.50</ele>
      </trkpt>
      <trkpt lat="42.5422330" lon="11.5394700">
        <ele>252.25</ele>
      </trkpt>
      <trkpt lat="42.5429260" lon="11.5391400">
        <ele>250.25</ele>
      </trkpt>
      <trkpt lat="42.5429870" lon="11.5392040">
        <ele>250.75</ele>
      </trkpt>
      <trkpt lat="42.5430990" lon="11.5393490">
        <ele>252.00</ele>
      </trkpt>
      <trkpt lat="42.5432550" lon="11.5395480">
        <ele>252.00</ele>
      </trkpt>
      <trkpt lat="42.5438760" lon="11.5407610">
        <ele>251.50</ele>
      </trkpt>
      <trkpt lat="42.5444650" lon="11.5418270">
        <ele>257.00</ele>
      </trkpt>
      <trkpt lat="42.5445440" lon="11.5420120">
        <ele>258.50</ele>
      </trkpt>
      <trkpt lat="42.5448170" lon="11.5427020">
        <ele>261.25</ele>
      </trkpt>
      <trkpt lat="42.5454230" lon="11.5424490">
        <ele>256.75</ele>
      </trkpt>
      <trkpt lat="42.5459220" lon="11.5417620">
        <ele>251.50</ele>
      </trkpt>
      <trkpt lat="42.5459720" lon="11.5411810">
        <ele>248.75</ele>
      </trkpt>
      <trkpt lat="42.5462160" lon="11.5410230">
        <ele>247.50</ele>
      </trkpt>
      <trkpt lat="42.5475590" lon="11.5402600">
        <ele>243.50</ele>
      </trkpt>
      <trkpt lat="42.5484220" lon="11.5399570">
        <ele>240.75</ele>
      </trkpt>
      <trkpt lat="42.5490760" lon="11.5395870">
        <ele>242.25</ele>
      </trkpt>
      <trkpt lat="42.5497870" lon="11.5390690">
        <ele>247.00</ele>
      </trkpt>
      <trkpt lat="42.5501060" lon="11.5389200">
        <ele>246.75</ele>
      </trkpt>
      <trkpt lat="42.5512060" lon="11.5389870">
        <ele>244.00</ele>
      </trkpt>
      <trkpt lat="42.5519730" lon="11.5388720">
        <ele>239.75</ele>
      </trkpt>
      <trkpt lat="42.5528250" lon="11.5386900">
        <ele>238.75</ele>
      </trkpt>
      <trkpt lat="42.5535580" lon="11.5385550">
        <ele>233.25</ele>
      </trkpt>
      <trkpt lat="42.5538620" lon="11.5385600">
        <ele>231.75</ele>
      </trkpt>
      <trkpt lat="42.5547140" lon="11.5388340">
        <ele>232.00</ele>
      </trkpt>
      <trkpt lat="42.5552170" lon="11.5389330">
        <ele>231.00</ele>
      </trkpt>
      <trkpt lat="42.5552270" lon="11.5389850">
        <ele>231.00</ele>
      </trkpt>
      <trkpt lat="42.5553960" lon="11.5393840">
        <ele>228.50</ele>
      </trkpt>
      <trkpt lat="42.5552270" lon="11.5389850">
        <ele>231.00</ele>
      </trkpt>
      <trkpt lat="42.5552170" lon="11.5389330">
        <ele>231.00</ele>
      </trkpt>
      <trkpt lat="42.5553730" lon="11.5388230">
        <ele>229.75</ele>
      </trkpt>
      <trkpt lat="42.5555820" lon="11.5385390">
        <ele>227.75</ele>
      </trkpt>
      <trkpt lat="42.5558230" lon="11.5381230">
        <ele>225.75</ele>
      </trkpt>
      <trkpt lat="42.5559070" lon="11.5379960">
        <ele>226.50</ele>
      </trkpt>
      <trkpt lat="42.5582960" lon="11.5370710">
        <ele>234.00</ele>
      </trkpt>
      <trkpt lat="42.5585230" lon="11.5370660">
        <ele>234.00</ele>
      </trkpt>
      <trkpt lat="42.5598740" lon="11.5365570">
        <ele>231.75</ele>
      </trkpt>
      <trkpt lat="42.5603650" lon="11.5361440">
        <ele>233.75</ele>
      </trkpt>
      <trkpt lat="42.5608640" lon="11.5361300">
        <ele>234.75</ele>
      </trkpt>
      <trkpt lat="42.5610620" lon="11.5360820">
        <ele>235.00</ele>
      </trkpt>
      <trkpt lat="42.5614720" lon="11.5362020">
        <ele>236.75</ele>
      </trkpt>
      <trkpt lat="42.5616650" lon="11.5361730">
        <ele>238.25</ele>
      </trkpt>
      <trkpt lat="42.5621400" lon="11.5361010">
        <ele>241.75</ele>
      </trkpt>
      <trkpt lat="42.5625010" lon="11.5360670">
        <ele>244.00</ele>
      </trkpt>
      <trkpt lat="42.5633430" lon="11.5359330">
        <ele>250.50</ele>
      </trkpt>
      <trkpt lat="42.5641600" lon="11.5358130">
        <ele>253.75</ele>
      </trkpt>
      <trkpt lat="42.5647220" lon="11.5358370">
        <ele>257.75</ele>
      </trkpt>
      <trkpt lat="42.5652170" lon="11.5359910">
        <ele>262.00</ele>
      </trkpt>
      <trkpt lat="42.5657010" lon="11.5359810">
        <ele>266.25</ele>
      </trkpt>
      <trkpt lat="42.5663200" lon="11.5359330">
        <ele>269.75</ele>
      </trkpt>
      <trkpt lat="42.5666630" lon="11.5357650">
        <ele>270.00</ele>
      </trkpt>
      <trkpt lat="42.5670910" lon="11.5353860">
        <ele>275.00</ele>
      </trkpt>
      <trkpt lat="42.5676640" lon="11.5349340">
        <ele>280.25</ele>
      </trkpt>
      <trkpt lat="42.5681200" lon="11.5346320">
        <ele>282.00</ele>
      </trkpt>
      <trkpt lat="42.5683430" lon="11.5345840">
        <ele>282.25</ele>
      </trkpt>
      <trkpt lat="42.5685160" lon="11.5346560">
        <ele>282.25</ele>
      </trkpt>
      <trkpt lat="42.5688060" lon="11.5349150">
        <ele>282.50</ele>
      </trkpt>
      <trkpt lat="42.5690400" lon="11.5350570">
        <ele>282.00</ele>
      </trkpt>
      <trkpt lat="42.5695050" lon="11.5351860">
        <ele>285.00</ele>
      </trkpt>
      <trkpt lat="42.5696440" lon="11.5352070">
        <ele>285.50</ele>
      </trkpt>
      <trkpt lat="42.5697180" lon="11.5351990">
        <ele>285.75</ele>
      </trkpt>
      <trkpt lat="42.5698910" lon="11.5352180">
        <ele>286.25</ele>
      </trkpt>
      <trkpt lat="42.5700240" lon="11.5351980">
        <ele>286.50</ele>
      </trkpt>
      <trkpt lat="42.5701400" lon="11.5351190">
        <ele>287.25</ele>
      </trkpt>
      <trkpt lat="42.5702740" lon="11.5349700">
        <ele>288.75</ele>
      </trkpt>
      <trkpt lat="42.5703100" lon="11.5348880">
        <ele>289.25</ele>
      </trkpt>
      <trkpt lat="42.5704790" lon="11.5350570">
        <ele>289.25</ele>
      </trkpt>
      <trkpt lat="42.5711540" lon="11.5357080">
        <ele>289.75</ele>
      </trkpt>
      <trkpt lat="42.5715260" lon="11.5360930">
        <ele>290.50</ele>
      </trkpt>
      <trkpt lat="42.5719650" lon="11.5365100">
        <ele>289.50</ele>
      </trkpt>
      <trkpt lat="42.5720420" lon="11.5365820">
        <ele>290.50</ele>
      </trkpt>
      <trkpt lat="42.5720950" lon="11.5367550">
        <ele>289.50</ele>
      </trkpt>
      <trkpt lat="42.5721230" lon="11.5369480">
        <ele>287.50</ele>
      </trkpt>
      <trkpt lat="42.5721060" lon="11.5371360">
        <ele>285.50</ele>
      </trkpt>
      <trkpt lat="42.5721230" lon="11.5369480">
        <ele>287.50</ele>
      </trkpt>
      <trkpt lat="42.5720950" lon="11.5367550">
        <ele>289.50</ele>
      </trkpt>
      <trkpt lat="42.5720420" lon="11.5365820">
        <ele>290.50</ele>
      </trkpt>
      <trkpt lat="42.5717440" lon="11.5357870">
        <ele>294.25</ele>
      </trkpt>
      <trkpt lat="42.5716640" lon="11.5355570">
        <ele>294.75</ele>
      </trkpt>
      <trkpt lat="42.5717630" lon="11.5355650">
        <ele>296.50</ele>
      </trkpt>
      <trkpt lat="42.5725730" lon="11.5361150">
        <ele>304.00</ele>
      </trkpt>
      <trkpt lat="42.5730070" lon="11.5363300">
        <ele>308.50</ele>
      </trkpt>
      <trkpt lat="42.5735040" lon="11.5357100">
        <ele>316.25</ele>
      </trkpt>
      <trkpt lat="42.5735690" lon="11.5355820">
        <ele>317.50</ele>
      </trkpt>
      <trkpt lat="42.5735780" lon="11.5354720">
        <ele>318.50</ele>
      </trkpt>
      <trkpt lat="42.5734400" lon="11.5350340">
        <ele>322.25</ele>
      </trkpt>
      <trkpt lat="42.5734050" lon="11.5348180">
        <ele>324.25</ele>
      </trkpt>
      <trkpt lat="42.5734120" lon="11.5346870">
        <ele>326.00</ele>
      </trkpt>
      <trkpt lat="42.5735060" lon="11.5345770">
        <ele>328.25</ele>
      </trkpt>
      <trkpt lat="42.5737440" lon="11.5343980">
        <ele>331.00</ele>
      </trkpt>
      <trkpt lat="42.5740530" lon="11.5342670">
        <ele>333.50</ele>
      </trkpt>
      <trkpt lat="42.5748470" lon="11.5341570">
        <ele>341.75</ele>
      </trkpt>
      <trkpt lat="42.5754530" lon="11.5339890">
        <ele>344.00</ele>
      </trkpt>
      <trkpt lat="42.5757230" lon="11.5338490">
        <ele>346.00</ele>
      </trkpt>
      <trkpt lat="42.5759330" lon="11.5336730">
        <ele>347.75</ele>
      </trkpt>
      <trkpt lat="42.5762760" lon="11.5332850">
        <ele>352.50</ele>
      </trkpt>
      <trkpt lat="42.5765190" lon="11.5330290">
        <ele>354.50</ele>
      </trkpt>
      <trkpt lat="42.5767660" lon="11.5328480">
        <ele>356.75</ele>
      </trkpt>
      <trkpt lat="42.5771870" lon="11.5322650">
        <ele>362.25</ele>
      </trkpt>
      <trkpt lat="42.5772930" lon="11.5321020">
        <ele>364.00</ele>
      </trkpt>
      <trkpt lat="42.5773470" lon="11.5320610">
        <ele>364.50</ele>
      </trkpt>
      <trkpt lat="42.5773910" lon="11.5319880">
        <ele>365.00</ele>
      </trkpt>
      <trkpt lat="42.5774760" lon="11.5319330">
        <ele>365.50</ele>
      </trkpt>
      <trkpt lat="42.5777920" lon="11.5318080">
        <ele>368.00</ele>
      </trkpt>
      <trkpt lat="42.5781480" lon="11.5317020">
        <ele>371.75</ele>
      </trkpt>
      <trkpt lat="42.5783390" lon="11.5315510">
        <ele>372.25</ele>
      </trkpt>
      <trkpt lat="42.5784870" lon="11.5313610">
        <ele>374.25</ele>
      </trkpt>
      <trkpt lat="42.5785260" lon="11.5312800">
        <ele>374.75</ele>
      </trkpt>
      <trkpt lat="42.5785670" lon="11.5311160">
        <ele>374.75</ele>
      </trkpt>
      <trkpt lat="42.5786200" lon="11.5306150">
        <ele>372.50</ele>
      </trkpt>
      <trkpt lat="42.5786770" lon="11.5304140">
        <ele>370.75</ele>
      </trkpt>
      <trkpt lat="42.5787860" lon="11.5302850">
        <ele>370.25</ele>
      </trkpt>
      <trkpt lat="42.5789160" lon="11.5301800">
        <ele>369.25</ele>
      </trkpt>
      <trkpt lat="42.5790760" lon="11.5300150">
        <ele>368.25</ele>
      </trkpt>
      <trkpt lat="42.5794470" lon="11.5295520">
        <ele>368.75</ele>
      </trkpt>
      <trkpt lat="42.5796180" lon="11.5293480">
        <ele>367.50</ele>
      </trkpt>
      <trkpt lat="42.5797920" lon="11.5292120">
        <ele>364.50</ele>
      </trkpt>
      <trkpt lat="42.5799970" lon="11.5291110">
        <ele>362.00</ele>
      </trkpt>
      <trkpt lat="42.5801930" lon="11.5289650">
        <ele>360.00</ele>
      </trkpt>
      <trkpt lat="42.5805280" lon="11.5286520">
        <ele>356.50</ele>
      </trkpt>
      <trkpt lat="42.5807110" lon="11.5285530">
        <ele>355.75</ele>
      </trkpt>
      <trkpt lat="42.5809450" lon="11.5284510">
        <ele>355.75</ele>
      </trkpt>
      <trkpt lat="42.5811030" lon="11.5283120">
        <ele>355.50</ele>
      </trkpt>
      <trkpt lat="42.5813480" lon="11.5278930">
        <ele>354.75</ele>
      </trkpt>
      <trkpt lat="42.5815540" lon="11.5275610">
        <ele>356.00</ele>
      </trkpt>
      <trkpt lat="42.5820500" lon="11.5266510">
        <ele>354.50</ele>
      </trkpt>
      <trkpt lat="42.5823760" lon="11.5260690">
        <ele>356.50</ele>
      </trkpt>
      <trkpt lat="42.5824980" lon="11.5258010">
        <ele>358.25</ele>
      </trkpt>
      <trkpt lat="42.5829120" lon="11.5258190">
        <ele>362.00</ele>
      </trkpt>
      <trkpt lat="42.5830770" lon="11.5257970">
        <ele>363.25</ele>
      </trkpt>
      <trkpt lat="42.5832280" lon="11.5257340">
        <ele>363.75</ele>
      </trkpt>
      <trkpt lat="42.5833950" lon="11.5256030">
        <ele>363.75</ele>
      </trkpt>
      <trkpt lat="42.5834540" lon="11.5261280">
        <ele>359.50</ele>
      </trkpt>
      <trkpt lat="42.5835040" lon="11.5262260">
        <ele>358.50</ele>
      </trkpt>
      <trkpt lat="42.5834540" lon="11.5261280">
        <ele>359.50</ele>
      </trkpt>
      <trkpt lat="42.5833950" lon="11.5256030">
        <ele>363.75</ele>
      </trkpt>
      <trkpt lat="42.5838590" lon="11.5251100">
        <ele>367.25</ele>
      </trkpt>
      <trkpt lat="42.5843810" lon="11.5244800">
        <ele>375.75</ele>
      </trkpt>
      <trkpt lat="42.5845940" lon="11.5240760">
        <ele>377.50</ele>
      </trkpt>
      <trkpt lat="42.5850220" lon="11.5231550">
        <ele>384.50</ele>
      </trkpt>
      <trkpt lat="42.5851720" lon="11.5227730">
        <ele>388.50</ele>
      </trkpt>
      <trkpt lat="42.5852550" lon="11.5223970">
        <ele>385.75</ele>
      </trkpt>
      <trkpt lat="42.5853080" lon="11.5217980">
        <ele>386.50</ele>
      </trkpt>
      <trkpt lat="42.5852590" lon="11.5214240">
        <ele>389.00</ele>
      </trkpt>
      <trkpt lat="42.5851380" lon="11.5211820">
        <ele>388.25</ele>
      </trkpt>
      <trkpt lat="42.5847540" lon="11.5206660">
        <ele>387.25</ele>
      </trkpt>
      <trkpt lat="42.5845170" lon="11.5201740">
        <ele>385.50</ele>
      </trkpt>
      <trkpt lat="42.5845170" lon="11.5199020">
        <ele>384.25</ele>
      </trkpt>
      <trkpt lat="42.5846100" lon="11.5196970">
        <ele>383.50</ele>
      </trkpt>
      <trkpt lat="42.5847630" lon="11.5195390">
        <ele>382.75</ele>
      </trkpt>
      <trkpt lat="42.5849630" lon="11.5195340">
        <ele>383.00</ele>
      </trkpt>
      <trkpt lat="42.5867690" lon="11.5197670">
        <ele>384.75</ele>
      </trkpt>
      <trkpt lat="42.5871780" lon="11.5198020">
        <ele>388.50</ele>
      </trkpt>
      <trkpt lat="42.5874200" lon="11.5197670">
        <ele>391.25</ele>
      </trkpt>
      <trkpt lat="42.5876920" lon="11.5196480">
        <ele>392.00</ele>
      </trkpt>
      <trkpt lat="42.5879560" lon="11.5194810">
        <ele>391.75</ele>
      </trkpt>
      <trkpt lat="42.5880380" lon="11.5194350">
        <ele>391.75</ele>
      </trkpt>
      <trkpt lat="42.5881280" lon="11.5192970">
        <ele>391.00</ele>
      </trkpt>
      <trkpt lat="42.5881840" lon="11.5192160">
        <ele>390.25</ele>
      </trkpt>
      <trkpt lat="42.5881930" lon="11.5191730">
        <ele>390.00</ele>
      </trkpt>
      <trkpt lat="42.5882100" lon="11.5191340">
        <ele>390.00</ele>
      </trkpt>
      <trkpt lat="42.5881640" lon="11.5189670">
        <ele>390.50</ele>
      </trkpt>
      <trkpt lat="42.5881130" lon="11.5187910">
        <ele>391.50</ele>
      </trkpt>
      <trkpt lat="42.5880440" lon="11.5185290">
        <ele>393.25</ele>
      </trkpt>
      <trkpt lat="42.5880060" lon="11.5184410">
        <ele>393.75</ele>
      </trkpt>
      <trkpt lat="42.5878180" lon="11.5182160">
        <ele>394.50</ele>
      </trkpt>
      <trkpt lat="42.5877970" lon="11.5181910">
        <ele>394.50</ele>
      </trkpt>
      <trkpt lat="42.5877710" lon="11.5181590">
        <ele>394.75</ele>
      </trkpt>
      <trkpt lat="42.5872390" lon="11.5178130">
        <ele>394.25</ele>
      </trkpt>
      <trkpt lat="42.5870300" lon="11.5176760">
        <ele>394.00</ele>
      </trkpt>
      <trkpt lat="42.5868720" lon="11.5174860">
        <ele>394.75</ele>
      </trkpt>
      <trkpt lat="42.5867980" lon="11.5173830">
        <ele>395.75</ele>
      </trkpt>
      <trkpt lat="42.5867750" lon="11.5173460">
        <ele>397.50</ele>
      </trkpt>
      <trkpt lat="42.5867980" lon="11.5173830">
        <ele>395.75</ele>
      </trkpt>
      <trkpt lat="42.5868720" lon="11.5174860">
        <ele>394.75</ele>
      </trkpt>
      <trkpt lat="42.5870300" lon="11.5176760">
        <ele>394.00</ele>
      </trkpt>
      <trkpt lat="42.5872390" lon="11.5178130">
        <ele>394.25</ele>
      </trkpt>
      <trkpt lat="42.5877710" lon="11.5181590">
        <ele>394.75</ele>
      </trkpt>
      <trkpt lat="42.5877970" lon="11.5181910">
        <ele>394.50</ele>
      </trkpt>
      <trkpt lat="42.5878180" lon="11.5182160">
        <ele>394.50</ele>
      </trkpt>
      <trkpt lat="42.5880060" lon="11.5184410">
        <ele>393.75</ele>
      </trkpt>
      <trkpt lat="42.5880440" lon="11.5185290">
        <ele>393.25</ele>
      </trkpt>
      <trkpt lat="42.5881130" lon="11.5187910">
        <ele>391.50</ele>
      </trkpt>
      <trkpt lat="42.5881640" lon="11.5189670">
        <ele>390.50</ele>
      </trkpt>
      <trkpt lat="42.5882510" lon="11.5190240">
        <ele>390.50</ele>
      </trkpt>
      <trkpt lat="42.5883120" lon="11.5190720">
        <ele>390.25</ele>
      </trkpt>
      <trkpt lat="42.5883720" lon="11.5190980">
        <ele>390.00</ele>
      </trkpt>
      <trkpt lat="42.5883960" lon="11.5191260">
        <ele>389.75</ele>
      </trkpt>
      <trkpt lat="42.5884200" lon="11.5191810">
        <ele>389.75</ele>
      </trkpt>
      <trkpt lat="42.5885740" lon="11.5192860">
        <ele>390.25</ele>
      </trkpt>
      <trkpt lat="42.5886990" lon="11.5193390">
        <ele>390.00</ele>
      </trkpt>
      <trkpt lat="42.5890160" lon="11.5194110">
        <ele>388.25</ele>
      </trkpt>
      <trkpt lat="42.5894160" lon="11.5195160">
        <ele>387.75</ele>
      </trkpt>
      <trkpt lat="42.5895050" lon="11.5195510">
        <ele>387.75</ele>
      </trkpt>
      <trkpt lat="42.5897240" lon="11.5196560">
        <ele>388.25</ele>
      </trkpt>
      <trkpt lat="42.5898070" lon="11.5194990">
        <ele>386.50</ele>
      </trkpt>
      <trkpt lat="42.5898500" lon="11.5193250">
        <ele>385.00</ele>
      </trkpt>
      <trkpt lat="42.5901710" lon="11.5194390">
        <ele>385.75</ele>
      </trkpt>
      <trkpt lat="42.5904590" lon="11.5196180">
        <ele>383.25</ele>
      </trkpt>
      <trkpt lat="42.5907040" lon="11.5196730">
        <ele>381.50</ele>
      </trkpt>
      <trkpt lat="42.5910750" lon="11.5196840">
        <ele>381.00</ele>
      </trkpt>
      <trkpt lat="42.5911770" lon="11.5196580">
        <ele>380.75</ele>
      </trkpt>
      <trkpt lat="42.5912760" lon="11.5196010">
        <ele>380.75</ele>
      </trkpt>
      <trkpt lat="42.5914730" lon="11.5194050">
        <ele>381.00</ele>
      </trkpt>
      <trkpt lat="42.5914570" lon="11.5195240">
        <ele>380.50</ele>
      </trkpt>
      <trkpt lat="42.5912660" lon="11.5198740">
        <ele>379.50</ele>
      </trkpt>
      <trkpt lat="42.5911530" lon="11.5201040">
        <ele>378.00</ele>
      </trkpt>
      <trkpt lat="42.5911340" lon="11.5202400">
        <ele>377.00</ele>
      </trkpt>
      <trkpt lat="42.5916120" lon="11.5203050">
        <ele>374.75</ele>
      </trkpt>
      <trkpt lat="42.5919020" lon="11.5203520">
        <ele>373.50</ele>
      </trkpt>
      <trkpt lat="42.5919500" lon="11.5195320">
        <ele>377.75</ele>
      </trkpt>
      <trkpt lat="42.5920080" lon="11.5192950">
        <ele>377.25</ele>
      </trkpt>
      <trkpt lat="42.5926180" lon="11.5194030">
        <ele>365.50</ele>
      </trkpt>
      <trkpt lat="42.5926100" lon="11.5195520">
        <ele>366.50</ele>
      </trkpt>
      <trkpt lat="42.5925320" lon="11.5202840">
        <ele>371.75</ele>
      </trkpt>
      <trkpt lat="42.5925360" lon="11.5204430">
        <ele>371.75</ele>
      </trkpt>
      <trkpt lat="42.5929080" lon="11.5204930">
        <ele>371.50</ele>
      </trkpt>
      <trkpt lat="42.5930480" lon="11.5206000">
        <ele>371.75</ele>
      </trkpt>
      <trkpt lat="42.5930990" lon="11.5206400">
        <ele>372.00</ele>
      </trkpt>
      <trkpt lat="42.5931110" lon="11.5206500">
        <ele>372.00</ele>
      </trkpt>
      <trkpt lat="42.5931580" lon="11.5206800">
        <ele>372.25</ele>
      </trkpt>
      <trkpt lat="42.5931790" lon="11.5207050">
        <ele>372.25</ele>
      </trkpt>
      <trkpt lat="42.5932110" lon="11.5207420">
        <ele>372.25</ele>
      </trkpt>
      <trkpt lat="42.5936690" lon="11.5210500">
        <ele>385.75</ele>
      </trkpt>
      <trkpt lat="42.5943220" lon="11.5214880">
        <ele>385.75</ele>
      </trkpt>
      <trkpt lat="42.5945790" lon="11.5216620">
        <ele>390.75</ele>
      </trkpt>
      <trkpt lat="42.5948370" lon="11.5217900">
        <ele>396.00</ele>
      </trkpt>
      <trkpt lat="42.5954060" lon="11.5219070">
        <ele>400.25</ele>
      </trkpt>
      <trkpt lat="42.5958400" lon="11.5220130">
        <ele>403.25</ele>
      </trkpt>
      <trkpt lat="42.5963010" lon="11.5218700">
        <ele>408.50</ele>
      </trkpt>
      <trkpt lat="42.5967330" lon="11.5216970">
        <ele>411.25</ele>
      </trkpt>
      <trkpt lat="42.5975270" lon="11.5212550">
        <ele>412.25</ele>
      </trkpt>
      <trkpt lat="42.5978690" lon="11.5210790">
        <ele>415.00</ele>
      </trkpt>
      <trkpt lat="42.5979330" lon="11.5210310">
        <ele>415.00</ele>
      </trkpt>
      <trkpt lat="42.5983920" lon="11.5207440">
        <ele>416.75</ele>
      </trkpt>
      <trkpt lat="42.5988720" lon="11.5203640">
        <ele>420.25</ele>
      </trkpt>
      <trkpt lat="42.5993460" lon="11.5198890">
        <ele>423.75</ele>
      </trkpt>
      <trkpt lat="42.5995690" lon="11.5197440">
        <ele>424.75</ele>
      </trkpt>
      <trkpt lat="42.6007890" lon="11.5192000">
        <ele>432.00</ele>
      </trkpt>
      <trkpt lat="42.6011750" lon="11.5189810">
        <ele>432.75</ele>
      </trkpt>
      <trkpt lat="42.6028800" lon="11.5181170">
        <ele>432.25</ele>
      </trkpt>
      <trkpt lat="42.6033500" lon="11.5177760">
        <ele>435.75</ele>
      </trkpt>
      <trkpt lat="42.6037070" lon="11.5172980">
        <ele>435.00</ele>
      </trkpt>
      <trkpt lat="42.6044960" lon="11.5161640">
        <ele>432.25</ele>
      </trkpt>
      <trkpt lat="42.6055930" lon="11.5148000">
        <ele>418.50</ele>
      </trkpt>
      <trkpt lat="42.6069850" lon="11.5130340">
        <ele>418.25</ele>
      </trkpt>
      <trkpt lat="42.6072930" lon="11.5126680">
        <ele>417.75</ele>
      </trkpt>
      <trkpt lat="42.6075270" lon="11.5125410">
        <ele>415.25</ele>
      </trkpt>
      <trkpt lat="42.6080470" lon="11.5125720">
        <ele>414.50</ele>
      </trkpt>
      <trkpt lat="42.6082450" lon="11.5125130">
        <ele>414.50</ele>
      </trkpt>
      <trkpt lat="42.6084150" lon="11.5124240">
        <ele>413.75</ele>
      </trkpt>
      <trkpt lat="42.6086510" lon="11.5122090">
        <ele>412.00</ele>
      </trkpt>
      <trkpt lat="42.6092190" lon="11.5114930">
        <ele>404.50</ele>
      </trkpt>
      <trkpt lat="42.6095070" lon="11.5109410">
        <ele>397.25</ele>
      </trkpt>
      <trkpt lat="42.6097150" lon="11.5103780">
        <ele>395.00</ele>
      </trkpt>
      <trkpt lat="42.6097920" lon="11.5097300">
        <ele>389.75</ele>
      </trkpt>
      <trkpt lat="42.6098260" lon="11.5089320">
        <ele>380.50</ele>
      </trkpt>
      <trkpt lat="42.6099220" lon="11.5086770">
        <ele>376.50</ele>
      </trkpt>
      <trkpt lat="42.6106210" lon="11.5078880">
        <ele>369.50</ele>
      </trkpt>
      <trkpt lat="42.6110890" lon="11.5073060">
        <ele>367.25</ele>
      </trkpt>
      <trkpt lat="42.6114080" lon="11.5071070">
        <ele>364.50</ele>
      </trkpt>
      <trkpt lat="42.6117580" lon="11.5069120">
        <ele>364.75</ele>
      </trkpt>
      <trkpt lat="42.6118020" lon="11.5069930">
        <ele>364.25</ele>
      </trkpt>
      <trkpt lat="42.6120010" lon="11.5070820">
        <ele>363.50</ele>
      </trkpt>
      <trkpt lat="42.6123530" lon="11.5070060">
        <ele>361.00</ele>
      </trkpt>
      <trkpt lat="42.6125030" lon="11.5070200">
        <ele>358.75</ele>
      </trkpt>
      <trkpt lat="42.6126690" lon="11.5071610">
        <ele>357.75</ele>
      </trkpt>
      <trkpt lat="42.6131300" lon="11.5072360">
        <ele>350.00</ele>
      </trkpt>
      <trkpt lat="42.6135540" lon="11.5071960">
        <ele>344.25</ele>
      </trkpt>
      <trkpt lat="42.6137230" lon="11.5072160">
        <ele>343.00</ele>
      </trkpt>
      <trkpt lat="42.6138300" lon="11.5072530">
        <ele>342.25</ele>
      </trkpt>
      <trkpt lat="42.6138920" lon="11.5072590">
        <ele>341.75</ele>
      </trkpt>
      <trkpt lat="42.6144890" lon="11.5072920">
        <ele>343.00</ele>
      </trkpt>
      <trkpt lat="42.6147330" lon="11.5074290">
        <ele>345.00</ele>
      </trkpt>
      <trkpt lat="42.6148640" lon="11.5075310">
        <ele>345.25</ele>
      </trkpt>
      <trkpt lat="42.6151780" lon="11.5076490">
        <ele>346.75</ele>
      </trkpt>
      <trkpt lat="42.6157870" lon="11.5078240">
        <ele>349.75</ele>
      </trkpt>
      <trkpt lat="42.6161360" lon="11.5077190">
        <ele>346.25</ele>
      </trkpt>
      <trkpt lat="42.6162720" lon="11.5077830">
        <ele>345.25</ele>
      </trkpt>
      <trkpt lat="42.6164530" lon="11.5081740">
        <ele>341.50</ele>
      </trkpt>
      <trkpt lat="42.6166520" lon="11.5081900">
        <ele>339.50</ele>
      </trkpt>
      <trkpt lat="42.6168300" lon="11.5084350">
        <ele>333.50</ele>
      </trkpt>
      <trkpt lat="42.6169660" lon="11.5084960">
        <ele>330.50</ele>
      </trkpt>
      <trkpt lat="42.6170640" lon="11.5083940">
        <ele>330.50</ele>
      </trkpt>
      <trkpt lat="42.6177380" lon="11.5083430">
        <ele>317.50</ele>
      </trkpt>
      <trkpt lat="42.6177610" lon="11.5088420">
        <ele>306.25</ele>
      </trkpt>
      <trkpt lat="42.6175730" lon="11.5093100">
        <ele>299.50</ele>
      </trkpt>
      <trkpt lat="42.6172660" lon="11.5097270">
        <ele>296.25</ele>
      </trkpt>
      <trkpt lat="42.6173640" lon="11.5098140">
        <ele>293.25</ele>
      </trkpt>
      <trkpt lat="42.6173840" lon="11.5100120">
        <ele>289.25</ele>
      </trkpt>
      <trkpt lat="42.6175130" lon="11.5100530">
        <ele>286.75</ele>
      </trkpt>
      <trkpt lat="42.6184190" lon="11.5098060">
        <ele>277.25</ele>
      </trkpt>
      <trkpt lat="42.6180260" lon="11.5103340">
        <ele>272.50</ele>
      </trkpt>
      <trkpt lat="42.6177770" lon="11.5105530">
        <ele>274.00</ele>
      </trkpt>
      <trkpt lat="42.6174910" lon="11.5107150">
        <ele>278.00</ele>
      </trkpt>
      <trkpt lat="42.6175360" lon="11.5111930">
        <ele>280.00</ele>
      </trkpt>
      <trkpt lat="42.6176500" lon="11.5112570">
        <ele>278.25</ele>
      </trkpt>
      <trkpt lat="42.6177380" lon="11.5113050">
        <ele>276.75</ele>
      </trkpt>
      <trkpt lat="42.6180380" lon="11.5112030">
        <ele>270.50</ele>
      </trkpt>
      <trkpt lat="42.6185470" lon="11.5111520">
        <ele>259.75</ele>
      </trkpt>
      <trkpt lat="42.6191090" lon="11.5111320">
        <ele>257.50</ele>
      </trkpt>
      <trkpt lat="42.6194980" lon="11.5112240">
        <ele>253.75</ele>
      </trkpt>
      <trkpt lat="42.6197600" lon="11.5114170">
        <ele>250.00</ele>
      </trkpt>
      <trkpt lat="42.6199030" lon="11.5118850">
        <ele>253.75</ele>
      </trkpt>
      <trkpt lat="42.6199550" lon="11.5126380">
        <ele>262.25</ele>
      </trkpt>
      <trkpt lat="42.6200300" lon="11.5133510">
        <ele>258.50</ele>
      </trkpt>
      <trkpt lat="42.6201800" lon="11.5137380">
        <ele>256.50</ele>
      </trkpt>
      <trkpt lat="42.6203300" lon="11.5140530">
        <ele>254.75</ele>
      </trkpt>
      <trkpt lat="42.6204490" lon="11.5141860">
        <ele>253.50</ele>
      </trkpt>
      <trkpt lat="42.6205290" lon="11.5146030">
        <ele>251.00</ele>
      </trkpt>
      <trkpt lat="42.6205470" lon="11.5146940">
        <ele>250.25</ele>
      </trkpt>
      <trkpt lat="42.6207800" lon="11.5151210">
        <ele>246.00</ele>
      </trkpt>
      <trkpt lat="42.6210100" lon="11.5155750">
        <ele>242.50</ele>
      </trkpt>
      <trkpt lat="42.6214980" lon="11.5152380">
        <ele>240.75</ele>
      </trkpt>
      <trkpt lat="42.6220470" lon="11.5146080">
        <ele>240.00</ele>
      </trkpt>
      <trkpt lat="42.6224650" lon="11.5140230">
        <ele>239.75</ele>
      </trkpt>
      <trkpt lat="42.6225350" lon="11.5139270">
        <ele>239.75</ele>
      </trkpt>
      <trkpt lat="42.6230990" lon="11.5137350">
        <ele>239.00</ele>
      </trkpt>
      <trkpt lat="42.6237020" lon="11.5135640">
        <ele>241.50</ele>
      </trkpt>
      <trkpt lat="42.6238480" lon="11.5134210">
        <ele>241.00</ele>
      </trkpt>
      <trkpt lat="42.6241400" lon="11.5130610">
        <ele>240.75</ele>
      </trkpt>
      <trkpt lat="42.6243170" lon="11.5127950">
        <ele>241.50</ele>
      </trkpt>
      <trkpt lat="42.6244840" lon="11.5125100">
        <ele>242.00</ele>
      </trkpt>
      <trkpt lat="42.6254840" lon="11.5106450">
        <ele>245.25</ele>
      </trkpt>
      <trkpt lat="42.6261340" lon="11.5095500">
        <ele>249.00</ele>
      </trkpt>
      <trkpt lat="42.6274210" lon="11.5074910">
        <ele>251.50</ele>
      </trkpt>
      <trkpt lat="42.6276450" lon="11.5072210">
        <ele>251.50</ele>
      </trkpt>
      <trkpt lat="42.6279620" lon="11.5069550">
        <ele>252.00</ele>
      </trkpt>
      <trkpt lat="42.6284230" lon="11.5067770">
        <ele>252.00</ele>
      </trkpt>
      <trkpt lat="42.6293450" lon="11.5067020">
        <ele>253.00</ele>
      </trkpt>
      <trkpt lat="42.6310550" lon="11.5065430">
        <ele>240.00</ele>
      </trkpt>
      <trkpt lat="42.6311670" lon="11.5064330">
        <ele>238.00</ele>
      </trkpt>
      <trkpt lat="42.6312110" lon="11.5062640">
        <ele>235.75</ele>
      </trkpt>
      <trkpt lat="42.6313060" lon="11.5057120">
        <ele>229.00</ele>
      </trkpt>
      <trkpt lat="42.6313370" lon="11.5054590">
        <ele>228.00</ele>
      </trkpt>
      <trkpt lat="42.6320210" lon="11.5032610">
        <ele>222.25</ele>
      </trkpt>
      <trkpt lat="42.6327670" lon="11.5008410">
        <ele>215.50</ele>
      </trkpt>
      <trkpt lat="42.6328830" lon="11.5004660">
        <ele>215.50</ele>
      </trkpt>
      <trkpt lat="42.6329010" lon="11.5004060">
        <ele>215.50</ele>
      </trkpt>
      <trkpt lat="42.6327650" lon="11.5002990">
        <ele>216.00</ele>
      </trkpt>
      <trkpt lat="42.6325970" lon="11.5001980">
        <ele>216.25</ele>
      </trkpt>
      <trkpt lat="42.6324320" lon="11.5001480">
        <ele>217.00</ele>
      </trkpt>
      <trkpt lat="42.6321780" lon="11.5001000">
        <ele>219.50</ele>
      </trkpt>
      <trkpt lat="42.6324140" lon="11.4999440">
        <ele>216.50</ele>
      </trkpt>
      <trkpt lat="42.6331700" lon="11.4996070">
        <ele>212.00</ele>
      </trkpt>
      <trkpt lat="42.6336630" lon="11.4993290">
        <ele>210.50</ele>
      </trkpt>
      <trkpt lat="42.6345900" lon="11.4987370">
        <ele>214.25</ele>
      </trkpt>
      <trkpt lat="42.6351190" lon="11.4982540">
        <ele>217.00</ele>
      </trkpt>
      <trkpt lat="42.6353080" lon="11.4978040">
        <ele>215.25</ele>
      </trkpt>
      <trkpt lat="42.6361610" lon="11.4969020">
        <ele>209.00</ele>
      </trkpt>
      <trkpt lat="42.6368550" lon="11.4964950">
        <ele>201.25</ele>
      </trkpt>
      <trkpt lat="42.6373600" lon="11.4960870">
        <ele>197.75</ele>
      </trkpt>
      <trkpt lat="42.6383710" lon="11.4938120">
        <ele>187.50</ele>
      </trkpt>
      <trkpt lat="42.6390670" lon="11.4920040">
        <ele>185.00</ele>
      </trkpt>
      <trkpt lat="42.6390730" lon="11.4919890">
        <ele>185.00</ele>
      </trkpt>
      <trkpt lat="42.6391860" lon="11.4914000">
        <ele>184.75</ele>
      </trkpt>
      <trkpt lat="42.6394280" lon="11.4912010">
        <ele>185.00</ele>
      </trkpt>
      <trkpt lat="42.6398210" lon="11.4910580">
        <ele>184.50</ele>
      </trkpt>
      <trkpt lat="42.6403350" lon="11.4907620">
        <ele>183.50</ele>
      </trkpt>
      <trkpt lat="42.6405490" lon="11.4905830">
        <ele>183.00</ele>
      </trkpt>
      <trkpt lat="42.6408070" lon="11.4903450">
        <ele>183.00</ele>
      </trkpt>
      <trkpt lat="42.6411130" lon="11.4901870">
        <ele>182.50</ele>
      </trkpt>
      <trkpt lat="42.6412270" lon="11.4900400">
        <ele>182.00</ele>
      </trkpt>
      <trkpt lat="42.6415150" lon="11.4897880">
        <ele>181.00</ele>
      </trkpt>
      <trkpt lat="42.6419020" lon="11.4896200">
        <ele>178.50</ele>
      </trkpt>
      <trkpt lat="42.6421230" lon="11.4896050">
        <ele>176.75</ele>
      </trkpt>
      <trkpt lat="42.6422250" lon="11.4895120">
        <ele>175.25</ele>
      </trkpt>
      <trkpt lat="42.6422710" lon="11.4892420">
        <ele>173.00</ele>
      </trkpt>
      <trkpt lat="42.6422820" lon="11.4888870">
        <ele>171.25</ele>
      </trkpt>
      <trkpt lat="42.6423330" lon="11.4887560">
        <ele>169.50</ele>
      </trkpt>
      <trkpt lat="42.6432750" lon="11.4887250">
        <ele>155.25</ele>
      </trkpt>
      <trkpt lat="42.6436900" lon="11.4887380">
        <ele>151.00</ele>
      </trkpt>
      <trkpt lat="42.6441690" lon="11.4886650">
        <ele>145.25</ele>
      </trkpt>
      <trkpt lat="42.6443990" lon="11.4887190">
        <ele>142.75</ele>
      </trkpt>
      <trkpt lat="42.6445860" lon="11.4887390">
        <ele>141.25</ele>
      </trkpt>
      <trkpt lat="42.6451190" lon="11.4889670">
        <ele>136.25</ele>
      </trkpt>
      <trkpt lat="42.6454140" lon="11.4890560">
        <ele>133.25</ele>
      </trkpt>
      <trkpt lat="42.6457900" lon="11.4891280">
        <ele>129.25</ele>
      </trkpt>
      <trkpt lat="42.6462030" lon="11.4892290">
        <ele>124.50</ele>
      </trkpt>
      <trkpt lat="42.6462900" lon="11.4891920">
        <ele>123.75</ele>
      </trkpt>
      <trkpt lat="42.6463350" lon="11.4891160">
        <ele>123.00</ele>
      </trkpt>
      <trkpt lat="42.6463330" lon="11.4889680">
        <ele>122.25</ele>
      </trkpt>
      <trkpt lat="42.6462930" lon="11.4882470">
        <ele>119.50</ele>
      </trkpt>
      <trkpt lat="42.6463230" lon="11.4879580">
        <ele>117.50</ele>
      </trkpt>
      <trkpt lat="42.6464650" lon="11.4877990">
        <ele>116.25</ele>
      </trkpt>
      <trkpt lat="42.6465820" lon="11.4877710">
        <ele>116.50</ele>
      </trkpt>
      <trkpt lat="42.6466270" lon="11.4877630">
        <ele>116.75</ele>
      </trkpt>
      <trkpt lat="42.6467360" lon="11.4877630">
        <ele>117.00</ele>
      </trkpt>
      <trkpt lat="42.6489930" lon="11.4871110">
        <ele>123.25</ele>
      </trkpt>
      <trkpt lat="42.6490590" lon="11.4870970">
        <ele>124.00</ele>
      </trkpt>
      <trkpt lat="42.6491500" lon="11.4871760">
        <ele>124.75</ele>
      </trkpt>
      <trkpt lat="42.6495010" lon="11.4882590">
        <ele>124.50</ele>
      </trkpt>
      <trkpt lat="42.6495640" lon="11.4885520">
        <ele>125.50</ele>
      </trkpt>
      <trkpt lat="42.6496210" lon="11.4888120">
        <ele>125.50</ele>
      </trkpt>
      <trkpt lat="42.6496580" lon="11.4889530">
        <ele>126.50</ele>
      </trkpt>
      <trkpt lat="42.6498170" lon="11.4895410">
        <ele>127.75</ele>
      </trkpt>
      <trkpt lat="42.6498230" lon="11.4900350">
        <ele>124.50</ele>
      </trkpt>
      <trkpt lat="42.6498230" lon="11.4900590">
        <ele>124.50</ele>
      </trkpt>
      <trkpt lat="42.6497850" lon="11.4901340">
        <ele>124.75</ele>
      </trkpt>
      <trkpt lat="42.6493830" lon="11.4904580">
        <ele>121.00</ele>
      </trkpt>
      <trkpt lat="42.6493970" lon="11.4905590">
        <ele>121.25</ele>
      </trkpt>
      <trkpt lat="42.6494370" lon="11.4907370">
        <ele>121.25</ele>
      </trkpt>
      <trkpt lat="42.6494630" lon="11.4908850">
        <ele>121.25</ele>
      </trkpt>
      <trkpt lat="42.6494660" lon="11.4911500">
        <ele>120.50</ele>
      </trkpt>
      <trkpt lat="42.6494760" lon="11.4912850">
        <ele>120.50</ele>
      </trkpt>
      <trkpt lat="42.6494940" lon="11.4913910">
        <ele>120.75</ele>
      </trkpt>
      <trkpt lat="42.6496590" lon="11.4915960">
        <ele>122.50</ele>
      </trkpt>
      <trkpt lat="42.6497930" lon="11.4918230">
        <ele>122.50</ele>
      </trkpt>
      <trkpt lat="42.6501330" lon="11.4921810">
        <ele>122.25</ele>
      </trkpt>
      <trkpt lat="42.6501480" lon="11.4922130">
        <ele>122.00</ele>
      </trkpt>
      <trkpt lat="42.6501580" lon="11.4922540">
        <ele>122.25</ele>
      </trkpt>
      <trkpt lat="42.6501590" lon="11.4922900">
        <ele>122.50</ele>
      </trkpt>
      <trkpt lat="42.6501030" lon="11.4925990">
        <ele>123.25</ele>
      </trkpt>
      <trkpt lat="42.6500800" lon="11.4927770">
        <ele>124.25</ele>
      </trkpt>
      <trkpt lat="42.6500640" lon="11.4932350">
        <ele>128.75</ele>
      </trkpt>
      <trkpt lat="42.6500820" lon="11.4933490">
        <ele>129.50</ele>
      </trkpt>
      <trkpt lat="42.6501120" lon="11.4934570">
        <ele>129.75</ele>
      </trkpt>
      <trkpt lat="42.6501760" lon="11.4936060">
        <ele>130.00</ele>
      </trkpt>
      <trkpt lat="42.6504810" lon="11.4940760">
        <ele>133.75</ele>
      </trkpt>
      <trkpt lat="42.6508780" lon="11.4946100">
        <ele>141.25</ele>
      </trkpt>
      <trkpt lat="42.6509390" lon="11.4946450">
        <ele>142.25</ele>
      </trkpt>
      <trkpt lat="42.6510330" lon="11.4946530">
        <ele>143.75</ele>
      </trkpt>
      <trkpt lat="42.6511220" lon="11.4946300">
        <ele>145.00</ele>
      </trkpt>
      <trkpt lat="42.6516750" lon="11.4942100">
        <ele>149.50</ele>
      </trkpt>
      <trkpt lat="42.6518300" lon="11.4941370">
        <ele>150.50</ele>
      </trkpt>
      <trkpt lat="42.6520400" lon="11.4941080">
        <ele>151.50</ele>
      </trkpt>
      <trkpt lat="42.6522730" lon="11.4941450">
        <ele>153.00</ele>
      </trkpt>
      <trkpt lat="42.6527940" lon="11.4942780">
        <ele>153.50</ele>
      </trkpt>
      <trkpt lat="42.6540430" lon="11.4944500">
        <ele>157.00</ele>
      </trkpt>
      <trkpt lat="42.6544100" lon="11.4944260">
        <ele>159.00</ele>
      </trkpt>
      <trkpt lat="42.6545160" lon="11.4944280">
        <ele>160.00</ele>
      </trkpt>
      <trkpt lat="42.6546480" lon="11.4945440">
        <ele>161.25</ele>
      </trkpt>
      <trkpt lat="42.6551940" lon="11.4948930">
        <ele>169.50</ele>
      </trkpt>
      <trkpt lat="42.6553600" lon="11.4949680">
        <ele>170.75</ele>
      </trkpt>
      <trkpt lat="42.6555390" lon="11.4950060">
        <ele>171.75</ele>
      </trkpt>
      <trkpt lat="42.6558060" lon="11.4949680">
        <ele>171.50</ele>
      </trkpt>
      <trkpt lat="42.6560610" lon="11.4948820">
        <ele>172.50</ele>
      </trkpt>
      <trkpt lat="42.6562180" lon="11.4948730">
        <ele>173.25</ele>
      </trkpt>
      <trkpt lat="42.6563550" lon="11.4949220">
        <ele>173.00</ele>
      </trkpt>
      <trkpt lat="42.6565610" lon="11.4950820">
        <ele>174.75</ele>
      </trkpt>
      <trkpt lat="42.6567450" lon="11.4952040">
        <ele>177.25</ele>
      </trkpt>
      <trkpt lat="42.6569980" lon="11.4953180">
        <ele>181.25</ele>
      </trkpt>
      <trkpt lat="42.6572210" lon="11.4953810">
        <ele>182.75</ele>
      </trkpt>
      <trkpt lat="42.6578220" lon="11.4953930">
        <ele>179.00</ele>
      </trkpt>
      <trkpt lat="42.6579410" lon="11.4953510">
        <ele>178.25</ele>
      </trkpt>
      <trkpt lat="42.6580510" lon="11.4952970">
        <ele>177.75</ele>
      </trkpt>
      <trkpt lat="42.6581380" lon="11.4953390">
        <ele>177.00</ele>
      </trkpt>
      <trkpt lat="42.6582290" lon="11.4953570">
        <ele>176.75</ele>
      </trkpt>
      <trkpt lat="42.6586150" lon="11.4954070">
        <ele>176.50</ele>
      </trkpt>
      <trkpt lat="42.6587730" lon="11.4954990">
        <ele>175.50</ele>
      </trkpt>
      <trkpt lat="42.6586970" lon="11.4956910">
        <ele>174.75</ele>
      </trkpt>
      <trkpt lat="42.6585090" lon="11.4960350">
        <ele>173.75</ele>
      </trkpt>
      <trkpt lat="42.6582360" lon="11.4964740">
        <ele>172.75</ele>
      </trkpt>
      <trkpt lat="42.6580600" lon="11.4969090">
        <ele>172.75</ele>
      </trkpt>
      <trkpt lat="42.6577310" lon="11.4980830">
        <ele>167.50</ele>
      </trkpt>
      <trkpt lat="42.6569910" lon="11.5003210">
        <ele>161.00</ele>
      </trkpt>
      <trkpt lat="42.6566110" lon="11.5008850">
        <ele>165.50</ele>
      </trkpt>
      <trkpt lat="42.6564960" lon="11.5011270">
        <ele>166.00</ele>
      </trkpt>
      <trkpt lat="42.6563150" lon="11.5016890">
        <ele>166.25</ele>
      </trkpt>
      <trkpt lat="42.6561460" lon="11.5021980">
        <ele>170.75</ele>
      </trkpt>
      <trkpt lat="42.6560970" lon="11.5025010">
        <ele>170.75</ele>
      </trkpt>
      <trkpt lat="42.6561050" lon="11.5029080">
        <ele>169.75</ele>
      </trkpt>
      <trkpt lat="42.6562600" lon="11.5040610">
        <ele>167.00</ele>
      </trkpt>
      <trkpt lat="42.6562610" lon="11.5043220">
        <ele>167.50</ele>
      </trkpt>
      <trkpt lat="42.6563060" lon="11.5046140">
        <ele>166.25</ele>
      </trkpt>
      <trkpt lat="42.6563580" lon="11.5048640">
        <ele>164.00</ele>
      </trkpt>
      <trkpt lat="42.6563810" lon="11.5050860">
        <ele>160.50</ele>
      </trkpt>
      <trkpt lat="42.6563580" lon="11.5048640">
        <ele>164.00</ele>
      </trkpt>
      <trkpt lat="42.6563060" lon="11.5046140">
        <ele>166.25</ele>
      </trkpt>
      <trkpt lat="42.6562610" lon="11.5043220">
        <ele>167.50</ele>
      </trkpt>
      <trkpt lat="42.6562600" lon="11.5040610">
        <ele>167.00</ele>
      </trkpt>
      <trkpt lat="42.6568400" lon="11.5039460">
        <ele>172.75</ele>
      </trkpt>
      <trkpt lat="42.6578460" lon="11.5035810">
        <ele>185.75</ele>
      </trkpt>
      <trkpt lat="42.6586320" lon="11.5034550">
        <ele>196.75</ele>
      </trkpt>
      <trkpt lat="42.6592130" lon="11.5034650">
        <ele>205.25</ele>
      </trkpt>
      <trkpt lat="42.6593940" lon="11.5035100">
        <ele>208.00</ele>
      </trkpt>
      <trkpt lat="42.6595840" lon="11.5035850">
        <ele>210.00</ele>
      </trkpt>
      <trkpt lat="42.6598080" lon="11.5036230">
        <ele>213.00</ele>
      </trkpt>
      <trkpt lat="42.6602420" lon="11.5036770">
        <ele>218.00</ele>
      </trkpt>
      <trkpt lat="42.6606910" lon="11.5037620">
        <ele>226.25</ele>
      </trkpt>
      <trkpt lat="42.6608340" lon="11.5038700">
        <ele>229.00</ele>
      </trkpt>
      <trkpt lat="42.6609440" lon="11.5037950">
        <ele>232.25</ele>
      </trkpt>
      <trkpt lat="42.6611100" lon="11.5039130">
        <ele>235.75</ele>
      </trkpt>
      <trkpt lat="42.6617170" lon="11.5040840">
        <ele>247.25</ele>
      </trkpt>
      <trkpt lat="42.6621230" lon="11.5043170">
        <ele>256.25</ele>
      </trkpt>
      <trkpt lat="42.6622470" lon="11.5043590">
        <ele>259.25</ele>
      </trkpt>
      <trkpt lat="42.6623780" lon="11.5043910">
        <ele>263.25</ele>
      </trkpt>
      <trkpt lat="42.6624230" lon="11.5044530">
        <ele>264.25</ele>
      </trkpt>
      <trkpt lat="42.6624500" lon="11.5045520">
        <ele>264.25</ele>
      </trkpt>
      <trkpt lat="42.6624820" lon="11.5047420">
        <ele>263.25</ele>
      </trkpt>
      <trkpt lat="42.6625250" lon="11.5048300">
        <ele>263.00</ele>
      </trkpt>
      <trkpt lat="42.6627670" lon="11.5049510">
        <ele>267.50</ele>
      </trkpt>
      <trkpt lat="42.6628560" lon="11.5050060">
        <ele>269.25</ele>
      </trkpt>
      <trkpt lat="42.6629290" lon="11.5051120">
        <ele>270.00</ele>
      </trkpt>
      <trkpt lat="42.6629770" lon="11.5052070">
        <ele>270.25</ele>
      </trkpt>
      <trkpt lat="42.6630150" lon="11.5053430">
        <ele>269.25</ele>
      </trkpt>
      <trkpt lat="42.6630580" lon="11.5054300">
        <ele>269.25</ele>
      </trkpt>
      <trkpt lat="42.6631320" lon="11.5054430">
        <ele>272.00</ele>
      </trkpt>
      <trkpt lat="42.6631690" lon="11.5054300">
        <ele>273.75</ele>
      </trkpt>
      <trkpt lat="42.6633190" lon="11.5055110">
        <ele>277.50</ele>
      </trkpt>
      <trkpt lat="42.6635450" lon="11.5055740">
        <ele>284.75</ele>
      </trkpt>
      <trkpt lat="42.6637670" lon="11.5056230">
        <ele>287.50</ele>
      </trkpt>
      <trkpt lat="42.6638850" lon="11.5056330">
        <ele>288.50</ele>
      </trkpt>
      <trkpt lat="42.6639820" lon="11.5056230">
        <ele>289.25</ele>
      </trkpt>
      <trkpt lat="42.6641200" lon="11.5055130">
        <ele>291.00</ele>
      </trkpt>
      <trkpt lat="42.6642010" lon="11.5054910">
        <ele>291.00</ele>
      </trkpt>
      <trkpt lat="42.6643000" lon="11.5054790">
        <ele>291.25</ele>
      </trkpt>
      <trkpt lat="42.6643870" lon="11.5055820">
        <ele>290.75</ele>
      </trkpt>
      <trkpt lat="42.6645900" lon="11.5057650">
        <ele>290.75</ele>
      </trkpt>
      <trkpt lat="42.6648040" lon="11.5060020">
        <ele>291.00</ele>
      </trkpt>
      <trkpt lat="42.6649910" lon="11.5062680">
        <ele>292.25</ele>
      </trkpt>
      <trkpt lat="42.6651460" lon="11.5060770">
        <ele>294.00</ele>
      </trkpt>
      <trkpt lat="42.6649910" lon="11.5062680">
        <ele>292.25</ele>
      </trkpt>
      <trkpt lat="42.6648040" lon="11.5060020">
        <ele>291.00</ele>
      </trkpt>
      <trkpt lat="42.6645900" lon="11.5057650">
        <ele>290.75</ele>
      </trkpt>
      <trkpt lat="42.6647630" lon="11.5055340">
        <ele>292.25</ele>
      </trkpt>
      <trkpt lat="42.6645760" lon="11.5052270">
        <ele>292.00</ele>
      </trkpt>
      <trkpt lat="42.6646900" lon="11.5050840">
        <ele>292.50</ele>
      </trkpt>
      <trkpt lat="42.6646770" lon="11.5050580">
        <ele>292.75</ele>
      </trkpt>
      <trkpt lat="42.6646470" lon="11.5049810">
        <ele>293.00</ele>
      </trkpt>
      <trkpt lat="42.6646450" lon="11.5049150">
        <ele>293.25</ele>
      </trkpt>
      <trkpt lat="42.6646510" lon="11.5048070">
        <ele>293.50</ele>
      </trkpt>
      <trkpt lat="42.6646510" lon="11.5047600">
        <ele>293.75</ele>
      </trkpt>
      <trkpt lat="42.6646810" lon="11.5047610">
        <ele>293.75</ele>
      </trkpt>
      <trkpt lat="42.6647100" lon="11.5047610">
        <ele>293.75</ele>
      </trkpt>
      <trkpt lat="42.6647220" lon="11.5047060">
        <ele>293.75</ele>
      </trkpt>
      <trkpt lat="42.6649280" lon="11.5045030">
        <ele>293.00</ele>
      </trkpt>
      <trkpt lat="42.6649520" lon="11.5044370">
        <ele>293.00</ele>
      </trkpt>
      <trkpt lat="42.6650510" lon="11.5043380">
        <ele>292.75</ele>
      </trkpt>
      <trkpt lat="42.6651180" lon="11.5042700">
        <ele>292.50</ele>
      </trkpt>
      <trkpt lat="42.6652020" lon="11.5040750">
        <ele>292.25</ele>
      </trkpt>
      <trkpt lat="42.6652780" lon="11.5039580">
        <ele>291.75</ele>
      </trkpt>
      <trkpt lat="42.6654180" lon="11.5038170">
        <ele>291.25</ele>
      </trkpt>
      <trkpt lat="42.6654500" lon="11.5037730">
        <ele>291.25</ele>
      </trkpt>
      <trkpt lat="42.6654570" lon="11.5037380">
        <ele>291.25</ele>
      </trkpt>
      <trkpt lat="42.6654670" lon="11.5034030">
        <ele>290.25</ele>
      </trkpt>
      <trkpt lat="42.6654770" lon="11.5032860">
        <ele>289.50</ele>
      </trkpt>
      <trkpt lat="42.6654470" lon="11.5031030">
        <ele>288.50</ele>
      </trkpt>
      <trkpt lat="42.6654400" lon="11.5028000">
        <ele>285.00</ele>
      </trkpt>
      <trkpt lat="42.6654270" lon="11.5025860">
        <ele>282.50</ele>
      </trkpt>
      <trkpt lat="42.6653990" lon="11.5024820">
        <ele>281.00</ele>
      </trkpt>
      <trkpt lat="42.6653570" lon="11.5024100">
        <ele>279.25</ele>
      </trkpt>
      <trkpt lat="42.6652840" lon="11.5023410">
        <ele>278.25</ele>
      </trkpt>
      <trkpt lat="42.6652300" lon="11.5022770">
        <ele>278.00</ele>
      </trkpt>
      <trkpt lat="42.6651990" lon="11.5022010">
        <ele>277.00</ele>
      </trkpt>
      <trkpt lat="42.6650930" lon="11.5017630">
        <ele>269.50</ele>
      </trkpt>
      <trkpt lat="42.6650040" lon="11.5012800">
        <ele>263.25</ele>
      </trkpt>
      <trkpt lat="42.6650030" lon="11.5011770">
        <ele>261.75</ele>
      </trkpt>
      <trkpt lat="42.6650470" lon="11.5006200">
        <ele>258.50</ele>
      </trkpt>
      <trkpt lat="42.6650760" lon="11.4999490">
        <ele>251.25</ele>
      </trkpt>
      <trkpt lat="42.6650850" lon="11.4995120">
        <ele>247.75</ele>
      </trkpt>
      <trkpt lat="42.6650790" lon="11.4994050">
        <ele>247.25</ele>
      </trkpt>
      <trkpt lat="42.6650400" lon="11.4993070">
        <ele>247.25</ele>
      </trkpt>
      <trkpt lat="42.6649610" lon="11.4991810">
        <ele>247.50</ele>
      </trkpt>
      <trkpt lat="42.6646690" lon="11.4988050">
        <ele>247.25</ele>
      </trkpt>
      <trkpt lat="42.6645660" lon="11.4987410">
        <ele>247.00</ele>
      </trkpt>
      <trkpt lat="42.6644040" lon="11.4986760">
        <ele>246.75</ele>
      </trkpt>
      <trkpt lat="42.6641790" lon="11.4986050">
        <ele>244.75</ele>
      </trkpt>
      <trkpt lat="42.6640460" lon="11.4985430">
        <ele>244.50</ele>
      </trkpt>
      <trkpt lat="42.6637400" lon="11.4984180">
        <ele>243.75</ele>
      </trkpt>
      <trkpt lat="42.6635700" lon="11.4983580">
        <ele>242.50</ele>
      </trkpt>
      <trkpt lat="42.6633730" lon="11.4983270">
        <ele>240.25</ele>
      </trkpt>
      <trkpt lat="42.6628480" lon="11.4982250">
        <ele>236.75</ele>
      </trkpt>
      <trkpt lat="42.6627280" lon="11.4982220">
        <ele>236.00</ele>
      </trkpt>
      <trkpt lat="42.6625870" lon="11.4982720">
        <ele>236.25</ele>
      </trkpt>
      <trkpt lat="42.6621730" lon="11.4984100">
        <ele>232.25</ele>
      </trkpt>
      <trkpt lat="42.6620140" lon="11.4990160">
        <ele>233.25</ele>
      </trkpt>
      <trkpt lat="42.6621730" lon="11.4984100">
        <ele>232.25</ele>
      </trkpt>
      <trkpt lat="42.6625870" lon="11.4982720">
        <ele>236.25</ele>
      </trkpt>
      <trkpt lat="42.6624880" lon="11.4971970">
        <ele>229.50</ele>
      </trkpt>
      <trkpt lat="42.6624570" lon="11.4968180">
        <ele>227.00</ele>
      </trkpt>
      <trkpt lat="42.6624060" lon="11.4960350">
        <ele>222.25</ele>
      </trkpt>
      <trkpt lat="42.6623840" lon="11.4958020">
        <ele>220.50</ele>
      </trkpt>
      <trkpt lat="42.6622470" lon="11.4951560">
        <ele>213.50</ele>
      </trkpt>
      <trkpt lat="42.6619230" lon="11.4937850">
        <ele>201.25</ele>
      </trkpt>
      <trkpt lat="42.6617830" lon="11.4931680">
        <ele>198.75</ele>
      </trkpt>
      <trkpt lat="42.6615180" lon="11.4920610">
        <ele>185.50</ele>
      </trkpt>
      <trkpt lat="42.6613860" lon="11.4915830">
        <ele>185.75</ele>
      </trkpt>
      <trkpt lat="42.6613330" lon="11.4913340">
        <ele>186.75</ele>
      </trkpt>
      <trkpt lat="42.6613080" lon="11.4911310">
        <ele>187.50</ele>
      </trkpt>
      <trkpt lat="42.6613330" lon="11.4909690">
        <ele>188.25</ele>
      </trkpt>
      <trkpt lat="42.6614870" lon="11.4903890">
        <ele>187.50</ele>
      </trkpt>
      <trkpt lat="42.6615230" lon="11.4901650">
        <ele>186.50</ele>
      </trkpt>
      <trkpt lat="42.6615090" lon="11.4898970">
        <ele>183.75</ele>
      </trkpt>
      <trkpt lat="42.6614120" lon="11.4894240">
        <ele>181.25</ele>
      </trkpt>
      <trkpt lat="42.6613050" lon="11.4891280">
        <ele>178.50</ele>
      </trkpt>
      <trkpt lat="42.6604560" lon="11.4876130">
        <ele>153.25</ele>
      </trkpt>
      <trkpt lat="42.6604120" lon="11.4875180">
        <ele>151.75</ele>
      </trkpt>
      <trkpt lat="42.6603870" lon="11.4872670">
        <ele>143.00</ele>
      </trkpt>
      <trkpt lat="42.6603240" lon="11.4866130">
        <ele>143.00</ele>
      </trkpt>
      <trkpt lat="42.6602300" lon="11.4854490">
        <ele>133.25</ele>
      </trkpt>
      <trkpt lat="42.6602550" lon="11.4853050">
        <ele>132.25</ele>
      </trkpt>
      <trkpt lat="42.6603050" lon="11.4850840">
        <ele>131.25</ele>
      </trkpt>
      <trkpt lat="42.6609220" lon="11.4835250">
        <ele>128.00</ele>
      </trkpt>
      <trkpt lat="42.6613870" lon="11.4821980">
        <ele>126.00</ele>
      </trkpt>
      <trkpt lat="42.6614560" lon="11.4816760">
        <ele>126.00</ele>
      </trkpt>
      <trkpt lat="42.6614340" lon="11.4807560">
        <ele>125.00</ele>
      </trkpt>
      <trkpt lat="42.6614710" lon="11.4794520">
        <ele>124.00</ele>
      </trkpt>
      <trkpt lat="42.6614500" lon="11.4788520">
        <ele>123.00</ele>
      </trkpt>
      <trkpt lat="42.6614620" lon="11.4787260">
        <ele>123.00</ele>
      </trkpt>
      <trkpt lat="42.6617720" lon="11.4785140">
        <ele>123.00</ele>
      </trkpt>
      <trkpt lat="42.6618190" lon="11.4784500">
        <ele>123.00</ele>
      </trkpt>
      <trkpt lat="42.6618390" lon="11.4785860">
        <ele>123.00</ele>
      </trkpt>
      <trkpt lat="42.6618530" lon="11.4786340">
        <ele>123.00</ele>
      </trkpt>
      <trkpt lat="42.6618820" lon="11.4786130">
        <ele>123.00</ele>
      </trkpt>
      <trkpt lat="42.6618530" lon="11.4786340">
        <ele>123.00</ele>
      </trkpt>
      <trkpt lat="42.6618390" lon="11.4785860">
        <ele>123.00</ele>
      </trkpt>
      <trkpt lat="42.6618190" lon="11.4784500">
        <ele>123.00</ele>
      </trkpt>
      <trkpt lat="42.6619660" lon="11.4779810">
        <ele>123.00</ele>
      </trkpt>
      <trkpt lat="42.6619670" lon="11.4778680">
        <ele>123.00</ele>
      </trkpt>
      <trkpt lat="42.6618230" lon="11.4777170">
        <ele>123.00</ele>
      </trkpt>
      <trkpt lat="42.6616060" lon="11.4773970">
        <ele>122.25</ele>
      </trkpt>
      <trkpt lat="42.6614600" lon="11.4771190">
        <ele>122.00</ele>
      </trkpt>
      <trkpt lat="42.6613740" lon="11.4768210">
        <ele>122.00</ele>
      </trkpt>
      <trkpt lat="42.6613650" lon="11.4764930">
        <ele>122.00</ele>
      </trkpt>
      <trkpt lat="42.6613740" lon="11.4761020">
        <ele>121.75</ele>
      </trkpt>
      <trkpt lat="42.6614020" lon="11.4758570">
        <ele>122.00</ele>
      </trkpt>
      <trkpt lat="42.6615480" lon="11.4756040">
        <ele>122.25</ele>
      </trkpt>
      <trkpt lat="42.6616710" lon="11.4754000">
        <ele>122.50</ele>
      </trkpt>
      <trkpt lat="42.6617870" lon="11.4752730">
        <ele>123.25</ele>
      </trkpt>
      <trkpt lat="42.6625870" lon="11.4744940">
        <ele>127.00</ele>
      </trkpt>
      <trkpt lat="42.6626820" lon="11.4743900">
        <ele>127.50</ele>
      </trkpt>
      <trkpt lat="42.6627850" lon="11.4741580">
        <ele>128.00</ele>
      </trkpt>
      <trkpt lat="42.6628920" lon="11.4738330">
        <ele>128.25</ele>
      </trkpt>
      <trkpt lat="42.6630060" lon="11.4733920">
        <ele>128.50</ele>
      </trkpt>
      <trkpt lat="42.6631340" lon="11.4729940">
        <ele>129.25</ele>
      </trkpt>
      <trkpt lat="42.6632270" lon="11.4725740">
        <ele>129.50</ele>
      </trkpt>
      <trkpt lat="42.6633440" lon="11.4721420">
        <ele>128.50</ele>
      </trkpt>
      <trkpt lat="42.6637590" lon="11.4703820">
        <ele>129.00</ele>
      </trkpt>
      <trkpt lat="42.6638070" lon="11.4701200">
        <ele>128.00</ele>
      </trkpt>
      <trkpt lat="42.6638320" lon="11.4696470">
        <ele>126.75</ele>
      </trkpt>
      <trkpt lat="42.6638300" lon="11.4693250">
        <ele>127.25</ele>
      </trkpt>
      <trkpt lat="42.6638420" lon="11.4689730">
        <ele>126.25</ele>
      </trkpt>
      <trkpt lat="42.6638880" lon="11.4686640">
        <ele>126.00</ele>
      </trkpt>
      <trkpt lat="42.6639200" lon="11.4683060">
        <ele>126.00</ele>
      </trkpt>
      <trkpt lat="42.6639950" lon="11.4676800">
        <ele>127.25</ele>
      </trkpt>
      <trkpt lat="42.6641120" lon="11.4672400">
        <ele>128.50</ele>
      </trkpt>
      <trkpt lat="42.6643820" lon="11.4664340">
        <ele>128.25</ele>
      </trkpt>
      <trkpt lat="42.6645940" lon="11.4659210">
        <ele>129.50</ele>
      </trkpt>
      <trkpt lat="42.6648060" lon="11.4655410">
        <ele>129.50</ele>
      </trkpt>
      <trkpt lat="42.6653040" lon="11.4646910">
        <ele>131.50</ele>
      </trkpt>
      <trkpt lat="42.6656160" lon="11.4641720">
        <ele>139.50</ele>
      </trkpt>
      <trkpt lat="42.6657070" lon="11.4639640">
        <ele>141.00</ele>
      </trkpt>
      <trkpt lat="42.6658140" lon="11.4633990">
        <ele>141.75</ele>
      </trkpt>
      <trkpt lat="42.6658780" lon="11.4631990">
        <ele>143.50</ele>
      </trkpt>
      <trkpt lat="42.6660230" lon="11.4628820">
        <ele>144.50</ele>
      </trkpt>
      <trkpt lat="42.6662410" lon="11.4626040">
        <ele>144.50</ele>
      </trkpt>
      <trkpt lat="42.6664970" lon="11.4622920">
        <ele>144.50</ele>
      </trkpt>
      <trkpt lat="42.6669830" lon="11.4620250">
        <ele>146.50</ele>
      </trkpt>
      <trkpt lat="42.6672390" lon="11.4618410">
        <ele>148.00</ele>
      </trkpt>
      <trkpt lat="42.6676710" lon="11.4615460">
        <ele>150.00</ele>
      </trkpt>
      <trkpt lat="42.6681690" lon="11.4611880">
        <ele>153.00</ele>
      </trkpt>
      <trkpt lat="42.6686390" lon="11.4609370">
        <ele>156.25</ele>
      </trkpt>
      <trkpt lat="42.6691130" lon="11.4607460">
        <ele>159.00</ele>
      </trkpt>
      <trkpt lat="42.6691430" lon="11.4608000">
        <ele>159.00</ele>
      </trkpt>
      <trkpt lat="42.6691840" lon="11.4608720">
        <ele>158.75</ele>
      </trkpt>
      <trkpt lat="42.6692220" lon="11.4612190">
        <ele>158.75</ele>
      </trkpt>
      <trkpt lat="42.6691740" lon="11.4625100">
        <ele>160.25</ele>
      </trkpt>
      <trkpt lat="42.6692220" lon="11.4612190">
        <ele>158.75</ele>
      </trkpt>
      <trkpt lat="42.6691840" lon="11.4608720">
        <ele>158.75</ele>
      </trkpt>
      <trkpt lat="42.6691430" lon="11.4608000">
        <ele>159.00</ele>
      </trkpt>
      <trkpt lat="42.6693000" lon="11.4606780">
        <ele>159.25</ele>
      </trkpt>
      <trkpt lat="42.6695970" lon="11.4605080">
        <ele>159.50</ele>
      </trkpt>
      <trkpt lat="42.6697320" lon="11.4604560">
        <ele>159.00</ele>
      </trkpt>
      <trkpt lat="42.6698560" lon="11.4603910">
        <ele>157.50</ele>
      </trkpt>
      <trkpt lat="42.6700850" lon="11.4603010">
        <ele>156.00</ele>
      </trkpt>
      <trkpt lat="42.6701800" lon="11.4602140">
        <ele>155.75</ele>
      </trkpt>
      <trkpt lat="42.6702880" lon="11.4600840">
        <ele>154.50</ele>
      </trkpt>
      <trkpt lat="42.6704210" lon="11.4598430">
        <ele>152.75</ele>
      </trkpt>
      <trkpt lat="42.6705270" lon="11.4595710">
        <ele>150.00</ele>
      </trkpt>
      <trkpt lat="42.6705740" lon="11.4593620">
        <ele>148.50</ele>
      </trkpt>
      <trkpt lat="42.6706410" lon="11.4591540">
        <ele>147.75</ele>
      </trkpt>
      <trkpt lat="42.6706800" lon="11.4589580">
        <ele>146.75</ele>
      </trkpt>
      <trkpt lat="42.6708230" lon="11.4585150">
        <ele>144.50</ele>
      </trkpt>
      <trkpt lat="42.6708620" lon="11.4582550">
        <ele>143.50</ele>
      </trkpt>
      <trkpt lat="42.6709190" lon="11.4581380">
        <ele>143.25</ele>
      </trkpt>
      <trkpt lat="42.6709750" lon="11.4581480">
        <ele>143.25</ele>
      </trkpt>
      <trkpt lat="42.6712650" lon="11.4584220">
        <ele>144.75</ele>
      </trkpt>
      <trkpt lat="42.6713710" lon="11.4584890">
        <ele>145.25</ele>
      </trkpt>
      <trkpt lat="42.6714380" lon="11.4585420">
        <ele>145.75</ele>
      </trkpt>
      <trkpt lat="42.6715080" lon="11.4585800">
        <ele>145.75</ele>
      </trkpt>
      <trkpt lat="42.6715720" lon="11.4586380">
        <ele>146.00</ele>
      </trkpt>
      <trkpt lat="42.6718650" lon="11.4588010">
        <ele>146.50</ele>
      </trkpt>
      <trkpt lat="42.6722250" lon="11.4589450">
        <ele>147.00</ele>
      </trkpt>
      <trkpt lat="42.6723030" lon="11.4589830">
        <ele>147.25</ele>
      </trkpt>
      <trkpt lat="42.6725320" lon="11.4591610">
        <ele>147.75</ele>
      </trkpt>
      <trkpt lat="42.6725880" lon="11.4591990">
        <ele>148.00</ele>
      </trkpt>
      <trkpt lat="42.6727900" lon="11.4593720">
        <ele>148.50</ele>
      </trkpt>
      <trkpt lat="42.6728480" lon="11.4593540">
        <ele>148.50</ele>
      </trkpt>
      <trkpt lat="42.6729320" lon="11.4592260">
        <ele>148.50</ele>
      </trkpt>
      <trkpt lat="42.6729840" lon="11.4592230">
        <ele>148.50</ele>
      </trkpt>
      <trkpt lat="42.6731180" lon="11.4592810">
        <ele>148.75</ele>
      </trkpt>
      <trkpt lat="42.6731740" lon="11.4593190">
        <ele>149.00</ele>
      </trkpt>
      <trkpt lat="42.6733080" lon="11.4593770">
        <ele>149.75</ele>
      </trkpt>
      <trkpt lat="42.6735200" lon="11.4595450">
        <ele>149.75</ele>
      </trkpt>
      <trkpt lat="42.6736050" lon="11.4596360">
        <ele>149.75</ele>
      </trkpt>
      <trkpt lat="42.6737680" lon="11.4597710">
        <ele>150.00</ele>
      </trkpt>
      <trkpt lat="42.6739480" lon="11.4599340">
        <ele>150.00</ele>
      </trkpt>
      <trkpt lat="42.6740080" lon="11.4600060">
        <ele>150.25</ele>
      </trkpt>
      <trkpt lat="42.6741950" lon="11.4601640">
        <ele>150.25</ele>
      </trkpt>
      <trkpt lat="42.6743220" lon="11.4602840">
        <ele>150.50</ele>
      </trkpt>
      <trkpt lat="42.6744880" lon="11.4603850">
        <ele>150.50</ele>
      </trkpt>
      <trkpt lat="42.6745720" lon="11.4604480">
        <ele>150.50</ele>
      </trkpt>
      <trkpt lat="42.6746460" lon="11.4604520">
        <ele>150.75</ele>
      </trkpt>
      <trkpt lat="42.6747350" lon="11.4604280">
        <ele>151.00</ele>
      </trkpt>
      <trkpt lat="42.6747810" lon="11.4603800">
        <ele>151.00</ele>
      </trkpt>
      <trkpt lat="42.6748480" lon="11.4603320">
        <ele>151.25</ele>
      </trkpt>
      <trkpt lat="42.6749360" lon="11.4603320">
        <ele>151.75</ele>
      </trkpt>
      <trkpt lat="42.6750240" lon="11.4603470">
        <ele>152.00</ele>
      </trkpt>
      <trkpt lat="42.6751090" lon="11.4604000">
        <ele>152.00</ele>
      </trkpt>
      <trkpt lat="42.6753240" lon="11.4604620">
        <ele>152.50</ele>
      </trkpt>
      <trkpt lat="42.6755540" lon="11.4605920">
        <ele>152.75</ele>
      </trkpt>
      <trkpt lat="42.6756140" lon="11.4606450">
        <ele>152.75</ele>
      </trkpt>
      <trkpt lat="42.6757130" lon="11.4607120">
        <ele>153.00</ele>
      </trkpt>
      <trkpt lat="42.6758470" lon="11.4607410">
        <ele>153.25</ele>
      </trkpt>
      <trkpt lat="42.6759310" lon="11.4607690">
        <ele>153.50</ele>
      </trkpt>
      <trkpt lat="42.6761080" lon="11.4607600">
        <ele>154.50</ele>
      </trkpt>
      <trkpt lat="42.6762030" lon="11.4607410">
        <ele>154.75</ele>
      </trkpt>
      <trkpt lat="42.6762770" lon="11.4607170">
        <ele>155.25</ele>
      </trkpt>
      <trkpt lat="42.6765310" lon="11.4606830">
        <ele>156.25</ele>
      </trkpt>
      <trkpt lat="42.6766730" lon="11.4606350">
        <ele>156.50</ele>
      </trkpt>
      <trkpt lat="42.6767750" lon="11.4606210">
        <ele>157.00</ele>
      </trkpt>
      <trkpt lat="42.6769940" lon="11.4605440">
        <ele>157.75</ele>
      </trkpt>
      <trkpt lat="42.6771880" lon="11.4604380">
        <ele>158.25</ele>
      </trkpt>
      <trkpt lat="42.6773890" lon="11.4603130">
        <ele>159.00</ele>
      </trkpt>
      <trkpt lat="42.6774530" lon="11.4602410">
        <ele>159.25</ele>
      </trkpt>
      <trkpt lat="42.6775300" lon="11.4601790">
        <ele>159.50</ele>
      </trkpt>
      <trkpt lat="42.6776260" lon="11.4600780">
        <ele>160.00</ele>
      </trkpt>
      <trkpt lat="42.6778060" lon="11.4599440">
        <ele>160.25</ele>
      </trkpt>
      <trkpt lat="42.6779010" lon="11.4598520">
        <ele>160.75</ele>
      </trkpt>
      <trkpt lat="42.6779860" lon="11.4597850">
        <ele>160.75</ele>
      </trkpt>
      <trkpt lat="42.6780670" lon="11.4597080">
        <ele>161.00</ele>
      </trkpt>
      <trkpt lat="42.6780390" lon="11.4596360">
        <ele>162.50</ele>
      </trkpt>
      <trkpt lat="42.6779470" lon="11.4595590">
        <ele>164.25</ele>
      </trkpt>
      <trkpt lat="42.6778340" lon="11.4594350">
        <ele>166.75</ele>
      </trkpt>
      <trkpt lat="42.6779050" lon="11.4589500">
        <ele>173.75</ele>
      </trkpt>
      <trkpt lat="42.6779330" lon="11.4588150">
        <ele>176.00</ele>
      </trkpt>
      <trkpt lat="42.6779680" lon="11.4585660">
        <ele>179.75</ele>
      </trkpt>
      <trkpt lat="42.6779720" lon="11.4584360">
        <ele>180.75</ele>
      </trkpt>
      <trkpt lat="42.6779680" lon="11.4582730">
        <ele>182.25</ele>
      </trkpt>
      <trkpt lat="42.6779790" lon="11.4581570">
        <ele>183.50</ele>
      </trkpt>
      <trkpt lat="42.6779750" lon="11.4580280">
        <ele>184.75</ele>
      </trkpt>
      <trkpt lat="42.6779610" lon="11.4579270">
        <ele>186.00</ele>
      </trkpt>
      <trkpt lat="42.6779050" lon="11.4576820">
        <ele>189.00</ele>
      </trkpt>
      <trkpt lat="42.6778620" lon="11.4574320">
        <ele>193.00</ele>
      </trkpt>
      <trkpt lat="42.6778160" lon="11.4572740">
        <ele>196.00</ele>
      </trkpt>
      <trkpt lat="42.6777390" lon="11.4571400">
        <ele>198.50</ele>
      </trkpt>
      <trkpt lat="42.6776150" lon="11.4570340">
        <ele>200.25</ele>
      </trkpt>
      <trkpt lat="42.6775590" lon="11.4569330">
        <ele>202.25</ele>
      </trkpt>
      <trkpt lat="42.6774840" lon="11.4568470">
        <ele>203.75</ele>
      </trkpt>
      <trkpt lat="42.6774280" lon="11.4567460">
        <ele>205.25</ele>
      </trkpt>
      <trkpt lat="42.6773220" lon="11.4565150">
        <ele>207.50</ele>
      </trkpt>
      <trkpt lat="42.6773360" lon="11.4564390">
        <ele>208.75</ele>
      </trkpt>
      <trkpt lat="42.6773890" lon="11.4563670">
        <ele>210.75</ele>
      </trkpt>
      <trkpt lat="42.6774700" lon="11.4562950">
        <ele>212.75</ele>
      </trkpt>
      <trkpt lat="42.6775340" lon="11.4562610">
        <ele>214.00</ele>
      </trkpt>
      <trkpt lat="42.6776080" lon="11.4562030">
        <ele>215.75</ele>
      </trkpt>
      <trkpt lat="42.6776400" lon="11.4561600">
        <ele>216.75</ele>
      </trkpt>
      <trkpt lat="42.6777170" lon="11.4561170">
        <ele>218.25</ele>
      </trkpt>
      <trkpt lat="42.6777670" lon="11.4560500">
        <ele>219.75</ele>
      </trkpt>
      <trkpt lat="42.6778060" lon="11.4559580">
        <ele>221.25</ele>
      </trkpt>
      <trkpt lat="42.6777880" lon="11.4558960">
        <ele>222.00</ele>
      </trkpt>
      <trkpt lat="42.6777250" lon="11.4557470">
        <ele>224.25</ele>
      </trkpt>
      <trkpt lat="42.6775940" lon="11.4555020">
        <ele>228.50</ele>
      </trkpt>
      <trkpt lat="42.6775480" lon="11.4553920">
        <ele>229.75</ele>
      </trkpt>
      <trkpt lat="42.6774560" lon="11.4552190">
        <ele>230.50</ele>
      </trkpt>
      <trkpt lat="42.6774530" lon="11.4551280">
        <ele>231.00</ele>
      </trkpt>
      <trkpt lat="42.6775020" lon="11.4550460">
        <ele>232.50</ele>
      </trkpt>
      <trkpt lat="42.6776080" lon="11.4549020">
        <ele>234.75</ele>
      </trkpt>
      <trkpt lat="42.6776640" lon="11.4548590">
        <ele>236.25</ele>
      </trkpt>
      <trkpt lat="42.6777420" lon="11.4547770">
        <ele>238.50</ele>
      </trkpt>
      <trkpt lat="42.6777850" lon="11.4547050">
        <ele>239.75</ele>
      </trkpt>
      <trkpt lat="42.6779150" lon="11.4543360">
        <ele>241.25</ele>
      </trkpt>
      <trkpt lat="42.6780600" lon="11.4540960">
        <ele>243.25</ele>
      </trkpt>
      <trkpt lat="42.6781480" lon="11.4539710">
        <ele>244.00</ele>
      </trkpt>
      <trkpt lat="42.6782930" lon="11.4536870">
        <ele>246.50</ele>
      </trkpt>
      <trkpt lat="42.6783390" lon="11.4536200">
        <ele>247.75</ele>
      </trkpt>
      <trkpt lat="42.6783990" lon="11.4535150">
        <ele>247.75</ele>
      </trkpt>
      <trkpt lat="42.6784660" lon="11.4533510">
        <ele>249.25</ele>
      </trkpt>
      <trkpt lat="42.6785150" lon="11.4532120">
        <ele>250.50</ele>
      </trkpt>
      <trkpt lat="42.6785680" lon="11.4530540">
        <ele>252.00</ele>
      </trkpt>
      <trkpt lat="42.6785800" lon="11.4529770">
        <ele>252.50</ele>
      </trkpt>
      <trkpt lat="42.6785760" lon="11.4523450">
        <ele>255.75</ele>
      </trkpt>
      <trkpt lat="42.6785610" lon="11.4522430">
        <ele>256.00</ele>
      </trkpt>
      <trkpt lat="42.6785230" lon="11.4521400">
        <ele>256.50</ele>
      </trkpt>
      <trkpt lat="42.6784430" lon="11.4519560">
        <ele>258.00</ele>
      </trkpt>
      <trkpt lat="42.6783270" lon="11.4517290">
        <ele>260.00</ele>
      </trkpt>
      <trkpt lat="42.6781910" lon="11.4513930">
        <ele>261.75</ele>
      </trkpt>
      <trkpt lat="42.6780270" lon="11.4511340">
        <ele>262.00</ele>
      </trkpt>
      <trkpt lat="42.6780000" lon="11.4510480">
        <ele>262.25</ele>
      </trkpt>
      <trkpt lat="42.6779790" lon="11.4508550">
        <ele>263.25</ele>
      </trkpt>
      <trkpt lat="42.6779870" lon="11.4508170">
        <ele>263.50</ele>
      </trkpt>
      <trkpt lat="42.6780190" lon="11.4507440">
        <ele>263.75</ele>
      </trkpt>
      <trkpt lat="42.6780930" lon="11.4507050">
        <ele>265.00</ele>
      </trkpt>
      <trkpt lat="42.6781670" lon="11.4506860">
        <ele>266.25</ele>
      </trkpt>
      <trkpt lat="42.6782520" lon="11.4507290">
        <ele>268.00</ele>
      </trkpt>
      <trkpt lat="42.6783360" lon="11.4507580">
        <ele>269.75</ele>
      </trkpt>
      <trkpt lat="42.6785440" lon="11.4508590">
        <ele>272.00</ele>
      </trkpt>
      <trkpt lat="42.6788070" lon="11.4508830">
        <ele>274.50</ele>
      </trkpt>
      <trkpt lat="42.6790790" lon="11.4508660">
        <ele>278.75</ele>
      </trkpt>
      <trkpt lat="42.6793490" lon="11.4508660">
        <ele>282.50</ele>
      </trkpt>
      <trkpt lat="42.6795960" lon="11.4508850">
        <ele>285.75</ele>
      </trkpt>
      <trkpt lat="42.6796350" lon="11.4508460">
        <ele>286.50</ele>
      </trkpt>
      <trkpt lat="42.6798040" lon="11.4504340">
        <ele>289.25</ele>
      </trkpt>
      <trkpt lat="42.6798600" lon="11.4502740">
        <ele>289.75</ele>
      </trkpt>
      <trkpt lat="42.6800330" lon="11.4498990">
        <ele>290.50</ele>
      </trkpt>
      <trkpt lat="42.6802730" lon="11.4492940">
        <ele>290.75</ele>
      </trkpt>
      <trkpt lat="42.6803220" lon="11.4490970">
        <ele>290.25</ele>
      </trkpt>
      <trkpt lat="42.6803860" lon="11.4489250">
        <ele>289.75</ele>
      </trkpt>
      <trkpt lat="42.6804350" lon="11.4487330">
        <ele>290.00</ele>
      </trkpt>
      <trkpt lat="42.6805060" lon="11.4485640">
        <ele>291.25</ele>
      </trkpt>
      <trkpt lat="42.6805620" lon="11.4483720">
        <ele>291.75</ele>
      </trkpt>
      <trkpt lat="42.6806220" lon="11.4482090">
        <ele>291.25</ele>
      </trkpt>
      <trkpt lat="42.6806650" lon="11.4480270">
        <ele>291.00</ele>
      </trkpt>
      <trkpt lat="42.6806860" lon="11.4478780">
        <ele>291.50</ele>
      </trkpt>
      <trkpt lat="42.6806930" lon="11.4477100">
        <ele>292.50</ele>
      </trkpt>
      <trkpt lat="42.6807000" lon="11.4473980">
        <ele>296.25</ele>
      </trkpt>
      <trkpt lat="42.6806930" lon="11.4472680">
        <ele>297.75</ele>
      </trkpt>
      <trkpt lat="42.6806930" lon="11.4470570">
        <ele>300.75</ele>
      </trkpt>
      <trkpt lat="42.6807420" lon="11.4468890">
        <ele>303.25</ele>
      </trkpt>
      <trkpt lat="42.6807320" lon="11.4466920">
        <ele>306.00</ele>
      </trkpt>
      <trkpt lat="42.6807210" lon="11.4461210">
        <ele>311.00</ele>
      </trkpt>
      <trkpt lat="42.6808130" lon="11.4452950">
        <ele>316.00</ele>
      </trkpt>
      <trkpt lat="42.6809190" lon="11.4448720">
        <ele>317.75</ele>
      </trkpt>
      <trkpt lat="42.6809900" lon="11.4445510">
        <ele>318.00</ele>
      </trkpt>
      <trkpt lat="42.6810350" lon="11.4444210">
        <ele>318.25</ele>
      </trkpt>
      <trkpt lat="42.6810880" lon="11.4442870">
        <ele>319.00</ele>
      </trkpt>
      <trkpt lat="42.6810920" lon="11.4442800">
        <ele>319.00</ele>
      </trkpt>
      <trkpt lat="42.6812440" lon="11.4440700">
        <ele>320.00</ele>
      </trkpt>
      <trkpt lat="42.6812930" lon="11.4439360">
        <ele>321.00</ele>
      </trkpt>
      <trkpt lat="42.6813280" lon="11.4437300">
        <ele>322.75</ele>
      </trkpt>
      <trkpt lat="42.6813390" lon="11.4436100">
        <ele>323.75</ele>
      </trkpt>
      <trkpt lat="42.6816140" lon="11.4426540">
        <ele>331.00</ele>
      </trkpt>
      <trkpt lat="42.6825050" lon="11.4417530">
        <ele>340.75</ele>
      </trkpt>
      <trkpt lat="42.6829650" lon="11.4411910">
        <ele>348.00</ele>
      </trkpt>
      <trkpt lat="42.6830000" lon="11.4410590">
        <ele>349.25</ele>
      </trkpt>
      <trkpt lat="42.6831530" lon="11.4406430">
        <ele>354.50</ele>
      </trkpt>
      <trkpt lat="42.6834420" lon="11.4401360">
        <ele>364.00</ele>
      </trkpt>
      <trkpt lat="42.6835360" lon="11.4398300">
        <ele>366.75</ele>
      </trkpt>
      <trkpt lat="42.6840510" lon="11.4393090">
        <ele>378.75</ele>
      </trkpt>
      <trkpt lat="42.6842400" lon="11.4390950">
        <ele>383.00</ele>
      </trkpt>
      <trkpt lat="42.6847180" lon="11.4377550">
        <ele>401.50</ele>
      </trkpt>
      <trkpt lat="42.6852070" lon="11.4365240">
        <ele>406.50</ele>
      </trkpt>
      <trkpt lat="42.6854160" lon="11.4358160">
        <ele>412.50</ele>
      </trkpt>
      <trkpt lat="42.6854920" lon="11.4357180">
        <ele>415.00</ele>
      </trkpt>
      <trkpt lat="42.6858790" lon="11.4354300">
        <ele>424.75</ele>
      </trkpt>
      <trkpt lat="42.6861880" lon="11.4350240">
        <ele>431.00</ele>
      </trkpt>
      <trkpt lat="42.6865890" lon="11.4342640">
        <ele>436.50</ele>
      </trkpt>
      <trkpt lat="42.6872250" lon="11.4334830">
        <ele>450.25</ele>
      </trkpt>
      <trkpt lat="42.6875400" lon="11.4329050">
        <ele>455.50</ele>
      </trkpt>
      <trkpt lat="42.6876990" lon="11.4325150">
        <ele>459.75</ele>
      </trkpt>
      <trkpt lat="42.6880310" lon="11.4307550">
        <ele>468.00</ele>
      </trkpt>
      <trkpt lat="42.6881460" lon="11.4303780">
        <ele>466.75</ele>
      </trkpt>
      <trkpt lat="42.6884980" lon="11.4299330">
        <ele>466.25</ele>
      </trkpt>
      <trkpt lat="42.6887070" lon="11.4295260">
        <ele>465.50</ele>
      </trkpt>
      <trkpt lat="42.6890970" lon="11.4286520">
        <ele>463.50</ele>
      </trkpt>
      <trkpt lat="42.6893280" lon="11.4282200">
        <ele>462.75</ele>
      </trkpt>
      <trkpt lat="42.6894160" lon="11.4280740">
        <ele>462.75</ele>
      </trkpt>
      <trkpt lat="42.6899910" lon="11.4281330">
        <ele>465.75</ele>
      </trkpt>
      <trkpt lat="42.6900710" lon="11.4281340">
        <ele>466.25</ele>
      </trkpt>
      <trkpt lat="42.6900810" lon="11.4282230">
        <ele>465.25</ele>
      </trkpt>
      <trkpt lat="42.6900240" lon="11.4283720">
        <ele>462.75</ele>
      </trkpt>
      <trkpt lat="42.6899710" lon="11.4284250">
        <ele>461.50</ele>
      </trkpt>
      <trkpt lat="42.6897900" lon="11.4285320">
        <ele>459.25</ele>
      </trkpt>
      <trkpt lat="42.6896010" lon="11.4286040">
        <ele>458.75</ele>
      </trkpt>
      <trkpt lat="42.6895410" lon="11.4286450">
        <ele>459.00</ele>
      </trkpt>
      <trkpt lat="42.6895140" lon="11.4287220">
        <ele>458.50</ele>
      </trkpt>
      <trkpt lat="42.6895190" lon="11.4290330">
        <ele>456.00</ele>
      </trkpt>
      <trkpt lat="42.6894790" lon="11.4291990">
        <ele>455.50</ele>
      </trkpt>
      <trkpt lat="42.6894340" lon="11.4292770">
        <ele>455.50</ele>
      </trkpt>
      <trkpt lat="42.6893640" lon="11.4293650">
        <ele>455.00</ele>
      </trkpt>
      <trkpt lat="42.6892410" lon="11.4294640">
        <ele>455.75</ele>
      </trkpt>
      <trkpt lat="42.6891760" lon="11.4295530">
        <ele>456.25</ele>
      </trkpt>
      <trkpt lat="42.6891570" lon="11.4297110">
        <ele>456.00</ele>
      </trkpt>
      <trkpt lat="42.6891450" lon="11.4297640">
        <ele>455.75</ele>
      </trkpt>
      <trkpt lat="42.6891570" lon="11.4297110">
        <ele>456.00</ele>
      </trkpt>
      <trkpt lat="42.6891760" lon="11.4295530">
        <ele>456.25</ele>
      </trkpt>
      <trkpt lat="42.6892410" lon="11.4294640">
        <ele>455.75</ele>
      </trkpt>
      <trkpt lat="42.6893640" lon="11.4293650">
        <ele>455.00</ele>
      </trkpt>
      <trkpt lat="42.6894340" lon="11.4292770">
        <ele>455.50</ele>
      </trkpt>
      <trkpt lat="42.6894790" lon="11.4291990">
        <ele>455.50</ele>
      </trkpt>
      <trkpt lat="42.6895190" lon="11.4290330">
        <ele>456.00</ele>
      </trkpt>
      <trkpt lat="42.6895140" lon="11.4287220">
        <ele>458.50</ele>
      </trkpt>
      <trkpt lat="42.6895410" lon="11.4286450">
        <ele>459.00</ele>
      </trkpt>
      <trkpt lat="42.6896010" lon="11.4286040">
        <ele>458.75</ele>
      </trkpt>
      <trkpt lat="42.6897900" lon="11.4285320">
        <ele>459.25</ele>
      </trkpt>
      <trkpt lat="42.6899710" lon="11.4284250">
        <ele>461.50</ele>
      </trkpt>
      <trkpt lat="42.6900240" lon="11.4283720">
        <ele>462.75</ele>
      </trkpt>
      <trkpt lat="42.6900810" lon="11.4282230">
        <ele>465.25</ele>
      </trkpt>
      <trkpt lat="42.6900710" lon="11.4281340">
        <ele>466.25</ele>
      </trkpt>
      <trkpt lat="42.6905020" lon="11.4279850">
        <ele>468.50</ele>
      </trkpt>
      <trkpt lat="42.6910750" lon="11.4277400">
        <ele>470.50</ele>
      </trkpt>
      <trkpt lat="42.6915330" lon="11.4274010">
        <ele>470.25</ele>
      </trkpt>
      <trkpt lat="42.6919100" lon="11.4272140">
        <ele>471.50</ele>
      </trkpt>
      <trkpt lat="42.6922970" lon="11.4265170">
        <ele>469.75</ele>
      </trkpt>
      <trkpt lat="42.6924700" lon="11.4264380">
        <ele>467.00</ele>
      </trkpt>
      <trkpt lat="42.6929970" lon="11.4262000">
        <ele>467.00</ele>
      </trkpt>
      <trkpt lat="42.6933740" lon="11.4259610">
        <ele>463.50</ele>
      </trkpt>
      <trkpt lat="42.6937640" lon="11.4254730">
        <ele>459.00</ele>
      </trkpt>
      <trkpt lat="42.6941690" lon="11.4250550">
        <ele>457.75</ele>
      </trkpt>
      <trkpt lat="42.6946060" lon="11.4245820">
        <ele>452.50</ele>
      </trkpt>
      <trkpt lat="42.6953650" lon="11.4234430">
        <ele>450.25</ele>
      </trkpt>
      <trkpt lat="42.6968640" lon="11.4218220">
        <ele>424.00</ele>
      </trkpt>
      <trkpt lat="42.6973150" lon="11.4213960">
        <ele>418.50</ele>
      </trkpt>
      <trkpt lat="42.6977410" lon="11.4212770">
        <ele>420.00</ele>
      </trkpt>
      <trkpt lat="42.6981080" lon="11.4214560">
        <ele>422.50</ele>
      </trkpt>
      <trkpt lat="42.6983090" lon="11.4214860">
        <ele>423.00</ele>
      </trkpt>
      <trkpt lat="42.6987980" lon="11.4214450">
        <ele>426.25</ele>
      </trkpt>
      <trkpt lat="42.6993560" lon="11.4214590">
        <ele>426.50</ele>
      </trkpt>
      <trkpt lat="42.7001050" lon="11.4212450">
        <ele>428.00</ele>
      </trkpt>
      <trkpt lat="42.7004620" lon="11.4211710">
        <ele>429.00</ele>
      </trkpt>
      <trkpt lat="42.7007690" lon="11.4211220">
        <ele>429.75</ele>
      </trkpt>
      <trkpt lat="42.7010000" lon="11.4210190">
        <ele>429.00</ele>
      </trkpt>
      <trkpt lat="42.7019580" lon="11.4208690">
        <ele>428.25</ele>
      </trkpt>
      <trkpt lat="42.7021050" lon="11.4208460">
        <ele>428.25</ele>
      </trkpt>
      <trkpt lat="42.7026870" lon="11.4207810">
        <ele>428.50</ele>
      </trkpt>
      <trkpt lat="42.7032250" lon="11.4203740">
        <ele>428.75</ele>
      </trkpt>
      <trkpt lat="42.7036630" lon="11.4201880">
        <ele>432.00</ele>
      </trkpt>
      <trkpt lat="42.7040710" lon="11.4202390">
        <ele>434.25</ele>
      </trkpt>
      <trkpt lat="42.7042890" lon="11.4202250">
        <ele>437.00</ele>
      </trkpt>
      <trkpt lat="42.7046190" lon="11.4201140">
        <ele>442.25</ele>
      </trkpt>
      <trkpt lat="42.7055810" lon="11.4199250">
        <ele>454.00</ele>
      </trkpt>
      <trkpt lat="42.7061420" lon="11.4198990">
        <ele>458.25</ele>
      </trkpt>
      <trkpt lat="42.7061760" lon="11.4198970">
        <ele>458.25</ele>
      </trkpt>
      <trkpt lat="42.7065390" lon="11.4199470">
        <ele>461.25</ele>
      </trkpt>
      <trkpt lat="42.7071770" lon="11.4196940">
        <ele>467.75</ele>
      </trkpt>
      <trkpt lat="42.7075330" lon="11.4196560">
        <ele>471.50</ele>
      </trkpt>
      <trkpt lat="42.7079250" lon="11.4196930">
        <ele>474.75</ele>
      </trkpt>
      <trkpt lat="42.7084930" lon="11.4195560">
        <ele>480.25</ele>
      </trkpt>
      <trkpt lat="42.7090640" lon="11.4192960">
        <ele>482.75</ele>
      </trkpt>
      <trkpt lat="42.7098640" lon="11.4187670">
        <ele>489.25</ele>
      </trkpt>
      <trkpt lat="42.7102500" lon="11.4185890">
        <ele>493.50</ele>
      </trkpt>
      <trkpt lat="42.7104080" lon="11.4185820">
        <ele>493.25</ele>
      </trkpt>
      <trkpt lat="42.7106970" lon="11.4186500">
        <ele>492.75</ele>
      </trkpt>
      <trkpt lat="42.7108070" lon="11.4186500">
        <ele>492.50</ele>
      </trkpt>
      <trkpt lat="42.7108680" lon="11.4186410">
        <ele>492.00</ele>
      </trkpt>
      <trkpt lat="42.7111060" lon="11.4184990">
        <ele>489.50</ele>
      </trkpt>
      <trkpt lat="42.7111810" lon="11.4184200">
        <ele>489.25</ele>
      </trkpt>
      <trkpt lat="42.7119630" lon="11.4183890">
        <ele>491.75</ele>
      </trkpt>
      <trkpt lat="42.7123840" lon="11.4182870">
        <ele>491.75</ele>
      </trkpt>
      <trkpt lat="42.7128470" lon="11.4178610">
        <ele>490.25</ele>
      </trkpt>
      <trkpt lat="42.7129500" lon="11.4177620">
        <ele>484.50</ele>
      </trkpt>
      <trkpt lat="42.7135640" lon="11.4171790">
        <ele>484.50</ele>
      </trkpt>
      <trkpt lat="42.7139270" lon="11.4168090">
        <ele>482.50</ele>
      </trkpt>
      <trkpt lat="42.7139680" lon="11.4164470">
        <ele>481.25</ele>
      </trkpt>
      <trkpt lat="42.7141450" lon="11.4158520">
        <ele>479.25</ele>
      </trkpt>
      <trkpt lat="42.7145440" lon="11.4153790">
        <ele>480.50</ele>
      </trkpt>
      <trkpt lat="42.7146890" lon="11.4151320">
        <ele>478.25</ele>
      </trkpt>
      <trkpt lat="42.7147790" lon="11.4150520">
        <ele>477.25</ele>
      </trkpt>
      <trkpt lat="42.7151330" lon="11.4148290">
        <ele>472.75</ele>
      </trkpt>
      <trkpt lat="42.7156940" lon="11.4146080">
        <ele>474.00</ele>
      </trkpt>
      <trkpt lat="42.7160260" lon="11.4143610">
        <ele>475.75</ele>
      </trkpt>
      <trkpt lat="42.7165190" lon="11.4138800">
        <ele>480.75</ele>
      </trkpt>
      <trkpt lat="42.7170430" lon="11.4135160">
        <ele>485.25</ele>
      </trkpt>
      <trkpt lat="42.7173380" lon="11.4131340">
        <ele>483.50</ele>
      </trkpt>
      <trkpt lat="42.7180330" lon="11.4125160">
        <ele>485.50</ele>
      </trkpt>
      <trkpt lat="42.7186350" lon="11.4120660">
        <ele>492.50</ele>
      </trkpt>
      <trkpt lat="42.7192360" lon="11.4117560">
        <ele>497.25</ele>
      </trkpt>
      <trkpt lat="42.7194720" lon="11.4116560">
        <ele>499.00</ele>
      </trkpt>
      <trkpt lat="42.7197700" lon="11.4113220">
        <ele>501.00</ele>
      </trkpt>
      <trkpt lat="42.7202030" lon="11.4108010">
        <ele>506.00</ele>
      </trkpt>
      <trkpt lat="42.7206260" lon="11.4104530">
        <ele>509.50</ele>
      </trkpt>
      <trkpt lat="42.7210870" lon="11.4102370">
        <ele>512.75</ele>
      </trkpt>
      <trkpt lat="42.7212400" lon="11.4101570">
        <ele>513.50</ele>
      </trkpt>
      <trkpt lat="42.7214940" lon="11.4097420">
        <ele>515.00</ele>
      </trkpt>
      <trkpt lat="42.7215610" lon="11.4094440">
        <ele>517.50</ele>
      </trkpt>
      <trkpt lat="42.7215010" lon="11.4092610">
        <ele>520.25</ele>
      </trkpt>
      <trkpt lat="42.7213340" lon="11.4090650">
        <ele>520.25</ele>
      </trkpt>
      <trkpt lat="42.7212980" lon="11.4087970">
        <ele>523.00</ele>
      </trkpt>
      <trkpt lat="42.7213080" lon="11.4086310">
        <ele>524.50</ele>
      </trkpt>
      <trkpt lat="42.7214070" lon="11.4083820">
        <ele>527.00</ele>
      </trkpt>
      <trkpt lat="42.7215520" lon="11.4083640">
        <ele>529.75</ele>
      </trkpt>
      <trkpt lat="42.7220580" lon="11.4081410">
        <ele>532.00</ele>
      </trkpt>
      <trkpt lat="42.7221930" lon="11.4080510">
        <ele>531.50</ele>
      </trkpt>
      <trkpt lat="42.7224570" lon="11.4078760">
        <ele>531.50</ele>
      </trkpt>
      <trkpt lat="42.7232570" lon="11.4074630">
        <ele>532.50</ele>
      </trkpt>
      <trkpt lat="42.7233520" lon="11.4073880">
        <ele>532.25</ele>
      </trkpt>
      <trkpt lat="42.7235030" lon="11.4072670">
        <ele>533.25</ele>
      </trkpt>
      <trkpt lat="42.7235900" lon="11.4071840">
        <ele>534.25</ele>
      </trkpt>
      <trkpt lat="42.7235030" lon="11.4072670">
        <ele>533.25</ele>
      </trkpt>
      <trkpt lat="42.7233520" lon="11.4073880">
        <ele>532.25</ele>
      </trkpt>
      <trkpt lat="42.7232570" lon="11.4074630">
        <ele>532.50</ele>
      </trkpt>
      <trkpt lat="42.7224570" lon="11.4078760">
        <ele>531.50</ele>
      </trkpt>
      <trkpt lat="42.7221930" lon="11.4080510">
        <ele>531.50</ele>
      </trkpt>
      <trkpt lat="42.7220580" lon="11.4081410">
        <ele>532.00</ele>
      </trkpt>
      <trkpt lat="42.7215520" lon="11.4083640">
        <ele>529.75</ele>
      </trkpt>
      <trkpt lat="42.7214070" lon="11.4083820">
        <ele>527.00</ele>
      </trkpt>
      <trkpt lat="42.7213080" lon="11.4086310">
        <ele>524.50</ele>
      </trkpt>
      <trkpt lat="42.7212980" lon="11.4087970">
        <ele>523.00</ele>
      </trkpt>
      <trkpt lat="42.7213340" lon="11.4090650">
        <ele>520.25</ele>
      </trkpt>
      <trkpt lat="42.7215010" lon="11.4092610">
        <ele>520.25</ele>
      </trkpt>
      <trkpt lat="42.7215610" lon="11.4094440">
        <ele>517.50</ele>
      </trkpt>
      <trkpt lat="42.7214940" lon="11.4097420">
        <ele>515.00</ele>
      </trkpt>
      <trkpt lat="42.7212400" lon="11.4101570">
        <ele>513.50</ele>
      </trkpt>
      <trkpt lat="42.7210870" lon="11.4102370">
        <ele>512.75</ele>
      </trkpt>
      <trkpt lat="42.7206260" lon="11.4104530">
        <ele>509.50</ele>
      </trkpt>
      <trkpt lat="42.7202030" lon="11.4108010">
        <ele>506.00</ele>
      </trkpt>
      <trkpt lat="42.7197700" lon="11.4113220">
        <ele>501.00</ele>
      </trkpt>
      <trkpt lat="42.7194720" lon="11.4116560">
        <ele>499.00</ele>
      </trkpt>
      <trkpt lat="42.7192360" lon="11.4117560">
        <ele>497.25</ele>
      </trkpt>
      <trkpt lat="42.7186350" lon="11.4120660">
        <ele>492.50</ele>
      </trkpt>
      <trkpt lat="42.7180330" lon="11.4125160">
        <ele>485.50</ele>
      </trkpt>
      <trkpt lat="42.7173380" lon="11.4131340">
        <ele>483.50</ele>
      </trkpt>
      <trkpt lat="42.7170430" lon="11.4135160">
        <ele>485.25</ele>
      </trkpt>
      <trkpt lat="42.7165190" lon="11.4138800">
        <ele>480.75</ele>
      </trkpt>
      <trkpt lat="42.7160260" lon="11.4143610">
        <ele>475.75</ele>
      </trkpt>
      <trkpt lat="42.7156940" lon="11.4146080">
        <ele>474.00</ele>
      </trkpt>
      <trkpt lat="42.7151330" lon="11.4148290">
        <ele>472.75</ele>
      </trkpt>
      <trkpt lat="42.7147790" lon="11.4150520">
        <ele>477.25</ele>
      </trkpt>
      <trkpt lat="42.7146890" lon="11.4151320">
        <ele>478.25</ele>
      </trkpt>
      <trkpt lat="42.7145440" lon="11.4153790">
        <ele>480.50</ele>
      </trkpt>
      <trkpt lat="42.7141450" lon="11.4158520">
        <ele>479.25</ele>
      </trkpt>
      <trkpt lat="42.7139680" lon="11.4164470">
        <ele>481.25</ele>
      </trkpt>
      <trkpt lat="42.7139270" lon="11.4168090">
        <ele>482.50</ele>
      </trkpt>
      <trkpt lat="42.7135640" lon="11.4171790">
        <ele>484.50</ele>
      </trkpt>
      <trkpt lat="42.7128470" lon="11.4178610">
        <ele>490.25</ele>
      </trkpt>
      <trkpt lat="42.7123840" lon="11.4182870">
        <ele>491.75</ele>
      </trkpt>
      <trkpt lat="42.7119630" lon="11.4183890">
        <ele>491.75</ele>
      </trkpt>
      <trkpt lat="42.7111810" lon="11.4184200">
        <ele>489.25</ele>
      </trkpt>
      <trkpt lat="42.7111060" lon="11.4184990">
        <ele>489.50</ele>
      </trkpt>
      <trkpt lat="42.7108680" lon="11.4186410">
        <ele>492.00</ele>
      </trkpt>
      <trkpt lat="42.7108070" lon="11.4186500">
        <ele>492.50</ele>
      </trkpt>
      <trkpt lat="42.7106970" lon="11.4186500">
        <ele>492.75</ele>
      </trkpt>
      <trkpt lat="42.7104080" lon="11.4185820">
        <ele>493.25</ele>
      </trkpt>
      <trkpt lat="42.7102500" lon="11.4185890">
        <ele>493.50</ele>
      </trkpt>
      <trkpt lat="42.7098640" lon="11.4187670">
        <ele>489.25</ele>
      </trkpt>
      <trkpt lat="42.7090640" lon="11.4192960">
        <ele>482.75</ele>
      </trkpt>
      <trkpt lat="42.7084930" lon="11.4195560">
        <ele>480.25</ele>
      </trkpt>
      <trkpt lat="42.7079250" lon="11.4196930">
        <ele>474.75</ele>
      </trkpt>
      <trkpt lat="42.7075330" lon="11.4196560">
        <ele>471.50</ele>
      </trkpt>
      <trkpt lat="42.7071770" lon="11.4196940">
        <ele>467.75</ele>
      </trkpt>
      <trkpt lat="42.7065390" lon="11.4199470">
        <ele>461.25</ele>
      </trkpt>
      <trkpt lat="42.7061760" lon="11.4198970">
        <ele>458.25</ele>
      </trkpt>
      <trkpt lat="42.7061420" lon="11.4198990">
        <ele>458.25</ele>
      </trkpt>
      <trkpt lat="42.7055810" lon="11.4199250">
        <ele>454.00</ele>
      </trkpt>
      <trkpt lat="42.7046190" lon="11.4201140">
        <ele>442.25</ele>
      </trkpt>
      <trkpt lat="42.7042890" lon="11.4202250">
        <ele>437.00</ele>
      </trkpt>
      <trkpt lat="42.7040710" lon="11.4202390">
        <ele>434.25</ele>
      </trkpt>
      <trkpt lat="42.7036630" lon="11.4201880">
        <ele>432.00</ele>
      </trkpt>
      <trkpt lat="42.7032250" lon="11.4203740">
        <ele>428.75</ele>
      </trkpt>
      <trkpt lat="42.7026870" lon="11.4207810">
        <ele>428.50</ele>
      </trkpt>
      <trkpt lat="42.7021050" lon="11.4208460">
        <ele>428.25</ele>
      </trkpt>
      <trkpt lat="42.7010000" lon="11.4210190">
        <ele>429.00</ele>
      </trkpt>
      <trkpt lat="42.7007690" lon="11.4211220">
        <ele>429.75</ele>
      </trkpt>
      <trkpt lat="42.7004620" lon="11.4211710">
        <ele>429.00</ele>
      </trkpt>
      <trkpt lat="42.7001050" lon="11.4212450">
        <ele>428.00</ele>
      </trkpt>
      <trkpt lat="42.6993560" lon="11.4214590">
        <ele>426.50</ele>
      </trkpt>
      <trkpt lat="42.6987980" lon="11.4214450">
        <ele>426.25</ele>
      </trkpt>
      <trkpt lat="42.6983090" lon="11.4214860">
        <ele>423.00</ele>
      </trkpt>
      <trkpt lat="42.6981080" lon="11.4214560">
        <ele>422.50</ele>
      </trkpt>
      <trkpt lat="42.6977410" lon="11.4212770">
        <ele>420.00</ele>
      </trkpt>
      <trkpt lat="42.6973150" lon="11.4213960">
        <ele>418.50</ele>
      </trkpt>
      <trkpt lat="42.6968640" lon="11.4218220">
        <ele>424.00</ele>
      </trkpt>
      <trkpt lat="42.6953650" lon="11.4234430">
        <ele>450.25</ele>
      </trkpt>
      <trkpt lat="42.6946060" lon="11.4245820">
        <ele>452.50</ele>
      </trkpt>
      <trkpt lat="42.6941690" lon="11.4250550">
        <ele>457.75</ele>
      </trkpt>
      <trkpt lat="42.6937640" lon="11.4254730">
        <ele>459.00</ele>
      </trkpt>
      <trkpt lat="42.6933740" lon="11.4259610">
        <ele>463.50</ele>
      </trkpt>
      <trkpt lat="42.6929970" lon="11.4262000">
        <ele>467.00</ele>
      </trkpt>
      <trkpt lat="42.6922970" lon="11.4265170">
        <ele>469.75</ele>
      </trkpt>
      <trkpt lat="42.6919100" lon="11.4272140">
        <ele>471.50</ele>
      </trkpt>
      <trkpt lat="42.6915330" lon="11.4274010">
        <ele>470.25</ele>
      </trkpt>
      <trkpt lat="42.6910750" lon="11.4277400">
        <ele>470.50</ele>
      </trkpt>
      <trkpt lat="42.6905020" lon="11.4279850">
        <ele>468.50</ele>
      </trkpt>
      <trkpt lat="42.6900710" lon="11.4281340">
        <ele>466.25</ele>
      </trkpt>
      <trkpt lat="42.6899910" lon="11.4281330">
        <ele>465.75</ele>
      </trkpt>
      <trkpt lat="42.6894160" lon="11.4280740">
        <ele>462.75</ele>
      </trkpt>
      <trkpt lat="42.6893280" lon="11.4282200">
        <ele>462.75</ele>
      </trkpt>
      <trkpt lat="42.6890970" lon="11.4286520">
        <ele>463.50</ele>
      </trkpt>
      <trkpt lat="42.6887070" lon="11.4295260">
        <ele>465.50</ele>
      </trkpt>
      <trkpt lat="42.6884980" lon="11.4299330">
        <ele>466.25</ele>
      </trkpt>
      <trkpt lat="42.6881460" lon="11.4303780">
        <ele>466.75</ele>
      </trkpt>
      <trkpt lat="42.6880310" lon="11.4307550">
        <ele>468.00</ele>
      </trkpt>
      <trkpt lat="42.6876990" lon="11.4325150">
        <ele>459.75</ele>
      </trkpt>
      <trkpt lat="42.6875400" lon="11.4329050">
        <ele>455.50</ele>
      </trkpt>
      <trkpt lat="42.6872250" lon="11.4334830">
        <ele>450.25</ele>
      </trkpt>
      <trkpt lat="42.6865890" lon="11.4342640">
        <ele>436.50</ele>
      </trkpt>
      <trkpt lat="42.6861880" lon="11.4350240">
        <ele>431.00</ele>
      </trkpt>
      <trkpt lat="42.6858790" lon="11.4354300">
        <ele>424.75</ele>
      </trkpt>
      <trkpt lat="42.6854920" lon="11.4357180">
        <ele>415.00</ele>
      </trkpt>
      <trkpt lat="42.6854160" lon="11.4358160">
        <ele>412.50</ele>
      </trkpt>
      <trkpt lat="42.6852070" lon="11.4365240">
        <ele>406.50</ele>
      </trkpt>
      <trkpt lat="42.6847180" lon="11.4377550">
        <ele>401.50</ele>
      </trkpt>
      <trkpt lat="42.6842400" lon="11.4390950">
        <ele>383.00</ele>
      </trkpt>
      <trkpt lat="42.6840510" lon="11.4393090">
        <ele>378.75</ele>
      </trkpt>
      <trkpt lat="42.6835360" lon="11.4398300">
        <ele>366.75</ele>
      </trkpt>
      <trkpt lat="42.6834420" lon="11.4401360">
        <ele>364.00</ele>
      </trkpt>
      <trkpt lat="42.6831530" lon="11.4406430">
        <ele>354.50</ele>
      </trkpt>
      <trkpt lat="42.6830000" lon="11.4410590">
        <ele>349.25</ele>
      </trkpt>
      <trkpt lat="42.6829650" lon="11.4411910">
        <ele>348.00</ele>
      </trkpt>
      <trkpt lat="42.6825050" lon="11.4417530">
        <ele>340.75</ele>
      </trkpt>
      <trkpt lat="42.6816140" lon="11.4426540">
        <ele>331.00</ele>
      </trkpt>
      <trkpt lat="42.6813390" lon="11.4436100">
        <ele>323.75</ele>
      </trkpt>
      <trkpt lat="42.6813280" lon="11.4437300">
        <ele>322.75</ele>
      </trkpt>
      <trkpt lat="42.6812930" lon="11.4439360">
        <ele>321.00</ele>
      </trkpt>
      <trkpt lat="42.6812440" lon="11.4440700">
        <ele>320.00</ele>
      </trkpt>
      <trkpt lat="42.6810880" lon="11.4442870">
        <ele>319.00</ele>
      </trkpt>
      <trkpt lat="42.6810350" lon="11.4444210">
        <ele>318.25</ele>
      </trkpt>
      <trkpt lat="42.6809900" lon="11.4445510">
        <ele>318.00</ele>
      </trkpt>
      <trkpt lat="42.6809190" lon="11.4448720">
        <ele>317.75</ele>
      </trkpt>
      <trkpt lat="42.6808130" lon="11.4452950">
        <ele>316.00</ele>
      </trkpt>
      <trkpt lat="42.6807210" lon="11.4461210">
        <ele>311.00</ele>
      </trkpt>
      <trkpt lat="42.6807320" lon="11.4466920">
        <ele>306.00</ele>
      </trkpt>
      <trkpt lat="42.6807420" lon="11.4468890">
        <ele>303.25</ele>
      </trkpt>
      <trkpt lat="42.6806930" lon="11.4470570">
        <ele>300.75</ele>
      </trkpt>
      <trkpt lat="42.6806930" lon="11.4472680">
        <ele>297.75</ele>
      </trkpt>
      <trkpt lat="42.6807000" lon="11.4473980">
        <ele>296.25</ele>
      </trkpt>
      <trkpt lat="42.6806930" lon="11.4477100">
        <ele>292.50</ele>
      </trkpt>
      <trkpt lat="42.6806860" lon="11.4478780">
        <ele>291.50</ele>
      </trkpt>
      <trkpt lat="42.6806650" lon="11.4480270">
        <ele>291.00</ele>
      </trkpt>
      <trkpt lat="42.6806220" lon="11.4482090">
        <ele>291.25</ele>
      </trkpt>
      <trkpt lat="42.6805620" lon="11.4483720">
        <ele>291.75</ele>
      </trkpt>
      <trkpt lat="42.6805060" lon="11.4485640">
        <ele>291.25</ele>
      </trkpt>
      <trkpt lat="42.6804350" lon="11.4487330">
        <ele>290.00</ele>
      </trkpt>
      <trkpt lat="42.6803860" lon="11.4489250">
        <ele>289.75</ele>
      </trkpt>
      <trkpt lat="42.6803220" lon="11.4490970">
        <ele>290.25</ele>
      </trkpt>
      <trkpt lat="42.6802730" lon="11.4492940">
        <ele>290.75</ele>
      </trkpt>
      <trkpt lat="42.6800330" lon="11.4498990">
        <ele>290.50</ele>
      </trkpt>
      <trkpt lat="42.6798600" lon="11.4502740">
        <ele>289.75</ele>
      </trkpt>
      <trkpt lat="42.6798040" lon="11.4504340">
        <ele>289.25</ele>
      </trkpt>
      <trkpt lat="42.6796350" lon="11.4508460">
        <ele>286.50</ele>
      </trkpt>
      <trkpt lat="42.6795960" lon="11.4508850">
        <ele>285.75</ele>
      </trkpt>
      <trkpt lat="42.6793490" lon="11.4508660">
        <ele>282.50</ele>
      </trkpt>
      <trkpt lat="42.6790790" lon="11.4508660">
        <ele>278.75</ele>
      </trkpt>
      <trkpt lat="42.6788070" lon="11.4508830">
        <ele>274.50</ele>
      </trkpt>
      <trkpt lat="42.6785440" lon="11.4508590">
        <ele>272.00</ele>
      </trkpt>
      <trkpt lat="42.6783360" lon="11.4507580">
        <ele>269.75</ele>
      </trkpt>
      <trkpt lat="42.6782520" lon="11.4507290">
        <ele>268.00</ele>
      </trkpt>
      <trkpt lat="42.6781670" lon="11.4506860">
        <ele>266.25</ele>
      </trkpt>
      <trkpt lat="42.6780930" lon="11.4507050">
        <ele>265.00</ele>
      </trkpt>
      <trkpt lat="42.6780190" lon="11.4507440">
        <ele>263.75</ele>
      </trkpt>
      <trkpt lat="42.6779870" lon="11.4508170">
        <ele>263.50</ele>
      </trkpt>
      <trkpt lat="42.6779790" lon="11.4508550">
        <ele>263.25</ele>
      </trkpt>
      <trkpt lat="42.6780000" lon="11.4510480">
        <ele>262.25</ele>
      </trkpt>
      <trkpt lat="42.6780270" lon="11.4511340">
        <ele>262.00</ele>
      </trkpt>
      <trkpt lat="42.6781910" lon="11.4513930">
        <ele>261.75</ele>
      </trkpt>
      <trkpt lat="42.6783270" lon="11.4517290">
        <ele>260.00</ele>
      </trkpt>
      <trkpt lat="42.6784430" lon="11.4519560">
        <ele>258.00</ele>
      </trkpt>
      <trkpt lat="42.6785080" lon="11.4521060">
        <ele>256.50</ele>
      </trkpt>
      <trkpt lat="42.6785230" lon="11.4521400">
        <ele>256.50</ele>
      </trkpt>
      <trkpt lat="42.6785610" lon="11.4522430">
        <ele>256.00</ele>
      </trkpt>
      <trkpt lat="42.6785760" lon="11.4523450">
        <ele>255.75</ele>
      </trkpt>
      <trkpt lat="42.6785800" lon="11.4529770">
        <ele>252.50</ele>
      </trkpt>
      <trkpt lat="42.6785680" lon="11.4530540">
        <ele>252.00</ele>
      </trkpt>
      <trkpt lat="42.6785150" lon="11.4532120">
        <ele>250.50</ele>
      </trkpt>
      <trkpt lat="42.6784660" lon="11.4533510">
        <ele>249.25</ele>
      </trkpt>
      <trkpt lat="42.6783990" lon="11.4535150">
        <ele>247.75</ele>
      </trkpt>
      <trkpt lat="42.6783390" lon="11.4536200">
        <ele>247.75</ele>
      </trkpt>
      <trkpt lat="42.6782930" lon="11.4536870">
        <ele>246.50</ele>
      </trkpt>
      <trkpt lat="42.6781480" lon="11.4539710">
        <ele>244.00</ele>
      </trkpt>
      <trkpt lat="42.6780600" lon="11.4540960">
        <ele>243.25</ele>
      </trkpt>
      <trkpt lat="42.6779150" lon="11.4543360">
        <ele>241.25</ele>
      </trkpt>
      <trkpt lat="42.6777850" lon="11.4547050">
        <ele>239.75</ele>
      </trkpt>
      <trkpt lat="42.6777420" lon="11.4547770">
        <ele>238.50</ele>
      </trkpt>
      <trkpt lat="42.6776640" lon="11.4548590">
        <ele>236.25</ele>
      </trkpt>
      <trkpt lat="42.6776080" lon="11.4549020">
        <ele>234.75</ele>
      </trkpt>
      <trkpt lat="42.6775020" lon="11.4550460">
        <ele>232.50</ele>
      </trkpt>
      <trkpt lat="42.6774530" lon="11.4551280">
        <ele>231.00</ele>
      </trkpt>
      <trkpt lat="42.6774560" lon="11.4552190">
        <ele>230.50</ele>
      </trkpt>
      <trkpt lat="42.6775480" lon="11.4553920">
        <ele>229.75</ele>
      </trkpt>
      <trkpt lat="42.6775940" lon="11.4555020">
        <ele>228.50</ele>
      </trkpt>
      <trkpt lat="42.6777250" lon="11.4557470">
        <ele>224.25</ele>
      </trkpt>
      <trkpt lat="42.6777880" lon="11.4558960">
        <ele>222.00</ele>
      </trkpt>
      <trkpt lat="42.6778060" lon="11.4559580">
        <ele>221.25</ele>
      </trkpt>
      <trkpt lat="42.6777670" lon="11.4560500">
        <ele>219.75</ele>
      </trkpt>
      <trkpt lat="42.6777170" lon="11.4561170">
        <ele>218.25</ele>
      </trkpt>
      <trkpt lat="42.6776400" lon="11.4561600">
        <ele>216.75</ele>
      </trkpt>
      <trkpt lat="42.6776080" lon="11.4562030">
        <ele>215.75</ele>
      </trkpt>
      <trkpt lat="42.6775340" lon="11.4562610">
        <ele>214.00</ele>
      </trkpt>
      <trkpt lat="42.6774700" lon="11.4562950">
        <ele>212.75</ele>
      </trkpt>
      <trkpt lat="42.6773890" lon="11.4563670">
        <ele>210.75</ele>
      </trkpt>
      <trkpt lat="42.6773360" lon="11.4564390">
        <ele>208.75</ele>
      </trkpt>
      <trkpt lat="42.6773220" lon="11.4565150">
        <ele>207.50</ele>
      </trkpt>
      <trkpt lat="42.6774280" lon="11.4567460">
        <ele>205.25</ele>
      </trkpt>
      <trkpt lat="42.6774840" lon="11.4568470">
        <ele>203.75</ele>
      </trkpt>
      <trkpt lat="42.6775590" lon="11.4569330">
        <ele>202.25</ele>
      </trkpt>
      <trkpt lat="42.6776150" lon="11.4570340">
        <ele>200.25</ele>
      </trkpt>
      <trkpt lat="42.6777390" lon="11.4571400">
        <ele>198.50</ele>
      </trkpt>
      <trkpt lat="42.6778160" lon="11.4572740">
        <ele>196.00</ele>
      </trkpt>
      <trkpt lat="42.6778620" lon="11.4574320">
        <ele>193.00</ele>
      </trkpt>
      <trkpt lat="42.6779050" lon="11.4576820">
        <ele>189.00</ele>
      </trkpt>
      <trkpt lat="42.6779610" lon="11.4579270">
        <ele>186.00</ele>
      </trkpt>
      <trkpt lat="42.6779750" lon="11.4580280">
        <ele>184.75</ele>
      </trkpt>
      <trkpt lat="42.6779790" lon="11.4581570">
        <ele>183.50</ele>
      </trkpt>
      <trkpt lat="42.6779680" lon="11.4582730">
        <ele>182.25</ele>
      </trkpt>
      <trkpt lat="42.6779720" lon="11.4584360">
        <ele>180.75</ele>
      </trkpt>
      <trkpt lat="42.6779680" lon="11.4585660">
        <ele>179.75</ele>
      </trkpt>
      <trkpt lat="42.6779330" lon="11.4588150">
        <ele>176.00</ele>
      </trkpt>
      <trkpt lat="42.6779050" lon="11.4589500">
        <ele>173.75</ele>
      </trkpt>
      <trkpt lat="42.6778340" lon="11.4594350">
        <ele>166.75</ele>
      </trkpt>
      <trkpt lat="42.6779470" lon="11.4595590">
        <ele>164.25</ele>
      </trkpt>
      <trkpt lat="42.6780390" lon="11.4596360">
        <ele>162.50</ele>
      </trkpt>
      <trkpt lat="42.6780670" lon="11.4597080">
        <ele>161.00</ele>
      </trkpt>
      <trkpt lat="42.6779860" lon="11.4597850">
        <ele>160.75</ele>
      </trkpt>
      <trkpt lat="42.6779010" lon="11.4598520">
        <ele>160.75</ele>
      </trkpt>
      <trkpt lat="42.6778060" lon="11.4599440">
        <ele>160.25</ele>
      </trkpt>
      <trkpt lat="42.6776260" lon="11.4600780">
        <ele>160.00</ele>
      </trkpt>
      <trkpt lat="42.6775300" lon="11.4601790">
        <ele>159.50</ele>
      </trkpt>
      <trkpt lat="42.6774530" lon="11.4602410">
        <ele>159.25</ele>
      </trkpt>
      <trkpt lat="42.6773890" lon="11.4603130">
        <ele>159.00</ele>
      </trkpt>
      <trkpt lat="42.6771880" lon="11.4604380">
        <ele>158.25</ele>
      </trkpt>
      <trkpt lat="42.6769940" lon="11.4605440">
        <ele>157.75</ele>
      </trkpt>
      <trkpt lat="42.6767750" lon="11.4606210">
        <ele>157.00</ele>
      </trkpt>
      <trkpt lat="42.6766730" lon="11.4606350">
        <ele>156.50</ele>
      </trkpt>
      <trkpt lat="42.6765310" lon="11.4606830">
        <ele>156.25</ele>
      </trkpt>
      <trkpt lat="42.6762770" lon="11.4607170">
        <ele>155.25</ele>
      </trkpt>
      <trkpt lat="42.6762030" lon="11.4607410">
        <ele>154.75</ele>
      </trkpt>
      <trkpt lat="42.6761080" lon="11.4607600">
        <ele>154.50</ele>
      </trkpt>
      <trkpt lat="42.6759310" lon="11.4607690">
        <ele>153.50</ele>
      </trkpt>
      <trkpt lat="42.6758470" lon="11.4607410">
        <ele>153.25</ele>
      </trkpt>
      <trkpt lat="42.6757130" lon="11.4607120">
        <ele>153.00</ele>
      </trkpt>
      <trkpt lat="42.6756140" lon="11.4606450">
        <ele>152.75</ele>
      </trkpt>
      <trkpt lat="42.6755540" lon="11.4605920">
        <ele>152.75</ele>
      </trkpt>
      <trkpt lat="42.6753240" lon="11.4604620">
        <ele>152.50</ele>
      </trkpt>
      <trkpt lat="42.6751090" lon="11.4604000">
        <ele>152.00</ele>
      </trkpt>
      <trkpt lat="42.6750240" lon="11.4603470">
        <ele>152.00</ele>
      </trkpt>
      <trkpt lat="42.6749360" lon="11.4603320">
        <ele>151.75</ele>
      </trkpt>
      <trkpt lat="42.6748480" lon="11.4603320">
        <ele>151.25</ele>
      </trkpt>
      <trkpt lat="42.6747810" lon="11.4603800">
        <ele>151.00</ele>
      </trkpt>
      <trkpt lat="42.6747350" lon="11.4604280">
        <ele>151.00</ele>
      </trkpt>
      <trkpt lat="42.6746460" lon="11.4604520">
        <ele>150.75</ele>
      </trkpt>
      <trkpt lat="42.6745720" lon="11.4604480">
        <ele>150.50</ele>
      </trkpt>
      <trkpt lat="42.6744880" lon="11.4603850">
        <ele>150.50</ele>
      </trkpt>
      <trkpt lat="42.6743220" lon="11.4602840">
        <ele>150.50</ele>
      </trkpt>
      <trkpt lat="42.6741950" lon="11.4601640">
        <ele>150.25</ele>
      </trkpt>
      <trkpt lat="42.6740080" lon="11.4600060">
        <ele>150.25</ele>
      </trkpt>
      <trkpt lat="42.6739480" lon="11.4599340">
        <ele>150.00</ele>
      </trkpt>
      <trkpt lat="42.6737680" lon="11.4597710">
        <ele>150.00</ele>
      </trkpt>
      <trkpt lat="42.6736050" lon="11.4596360">
        <ele>149.75</ele>
      </trkpt>
      <trkpt lat="42.6735200" lon="11.4595450">
        <ele>149.75</ele>
      </trkpt>
      <trkpt lat="42.6733080" lon="11.4593770">
        <ele>149.75</ele>
      </trkpt>
      <trkpt lat="42.6731740" lon="11.4593190">
        <ele>149.00</ele>
      </trkpt>
      <trkpt lat="42.6731180" lon="11.4592810">
        <ele>148.75</ele>
      </trkpt>
      <trkpt lat="42.6729840" lon="11.4592230">
        <ele>148.50</ele>
      </trkpt>
      <trkpt lat="42.6729320" lon="11.4592260">
        <ele>148.50</ele>
      </trkpt>
      <trkpt lat="42.6728480" lon="11.4593540">
        <ele>148.50</ele>
      </trkpt>
      <trkpt lat="42.6727900" lon="11.4593720">
        <ele>148.50</ele>
      </trkpt>
      <trkpt lat="42.6725880" lon="11.4591990">
        <ele>148.00</ele>
      </trkpt>
      <trkpt lat="42.6725320" lon="11.4591610">
        <ele>147.75</ele>
      </trkpt>
      <trkpt lat="42.6723030" lon="11.4589830">
        <ele>147.25</ele>
      </trkpt>
      <trkpt lat="42.6722250" lon="11.4589450">
        <ele>147.00</ele>
      </trkpt>
      <trkpt lat="42.6718650" lon="11.4588010">
        <ele>146.50</ele>
      </trkpt>
      <trkpt lat="42.6715720" lon="11.4586380">
        <ele>146.00</ele>
      </trkpt>
      <trkpt lat="42.6715080" lon="11.4585800">
        <ele>145.75</ele>
      </trkpt>
      <trkpt lat="42.6714380" lon="11.4585420">
        <ele>145.75</ele>
      </trkpt>
      <trkpt lat="42.6713710" lon="11.4584890">
        <ele>145.25</ele>
      </trkpt>
      <trkpt lat="42.6712650" lon="11.4584220">
        <ele>144.75</ele>
      </trkpt>
      <trkpt lat="42.6709750" lon="11.4581480">
        <ele>143.25</ele>
      </trkpt>
      <trkpt lat="42.6709190" lon="11.4581380">
        <ele>143.25</ele>
      </trkpt>
      <trkpt lat="42.6708620" lon="11.4582550">
        <ele>143.50</ele>
      </trkpt>
      <trkpt lat="42.6708230" lon="11.4585150">
        <ele>144.50</ele>
      </trkpt>
      <trkpt lat="42.6706800" lon="11.4589580">
        <ele>146.75</ele>
      </trkpt>
      <trkpt lat="42.6706410" lon="11.4591540">
        <ele>147.75</ele>
      </trkpt>
      <trkpt lat="42.6705740" lon="11.4593620">
        <ele>148.50</ele>
      </trkpt>
      <trkpt lat="42.6705270" lon="11.4595710">
        <ele>150.00</ele>
      </trkpt>
      <trkpt lat="42.6704210" lon="11.4598430">
        <ele>152.75</ele>
      </trkpt>
      <trkpt lat="42.6702880" lon="11.4600840">
        <ele>154.50</ele>
      </trkpt>
      <trkpt lat="42.6701800" lon="11.4602140">
        <ele>155.75</ele>
      </trkpt>
      <trkpt lat="42.6700850" lon="11.4603010">
        <ele>156.00</ele>
      </trkpt>
      <trkpt lat="42.6698560" lon="11.4603910">
        <ele>157.50</ele>
      </trkpt>
      <trkpt lat="42.6697320" lon="11.4604560">
        <ele>159.00</ele>
      </trkpt>
      <trkpt lat="42.6695970" lon="11.4605080">
        <ele>159.50</ele>
      </trkpt>
      <trkpt lat="42.6693000" lon="11.4606780">
        <ele>159.25</ele>
      </trkpt>
      <trkpt lat="42.6691430" lon="11.4608000">
        <ele>159.00</ele>
      </trkpt>
      <trkpt lat="42.6691130" lon="11.4607460">
        <ele>159.00</ele>
      </trkpt>
      <trkpt lat="42.6686390" lon="11.4609370">
        <ele>156.25</ele>
      </trkpt>
      <trkpt lat="42.6681690" lon="11.4611880">
        <ele>153.00</ele>
      </trkpt>
      <trkpt lat="42.6676710" lon="11.4615460">
        <ele>150.00</ele>
      </trkpt>
      <trkpt lat="42.6672390" lon="11.4618410">
        <ele>148.00</ele>
      </trkpt>
      <trkpt lat="42.6669830" lon="11.4620250">
        <ele>146.50</ele>
      </trkpt>
      <trkpt lat="42.6664970" lon="11.4622920">
        <ele>144.50</ele>
      </trkpt>
      <trkpt lat="42.6662410" lon="11.4626040">
        <ele>144.50</ele>
      </trkpt>
      <trkpt lat="42.6660230" lon="11.4628820">
        <ele>144.50</ele>
      </trkpt>
      <trkpt lat="42.6658780" lon="11.4631990">
        <ele>143.50</ele>
      </trkpt>
      <trkpt lat="42.6658140" lon="11.4633990">
        <ele>141.75</ele>
      </trkpt>
      <trkpt lat="42.6657070" lon="11.4639640">
        <ele>141.00</ele>
      </trkpt>
      <trkpt lat="42.6656160" lon="11.4641720">
        <ele>139.50</ele>
      </trkpt>
      <trkpt lat="42.6653040" lon="11.4646910">
        <ele>131.50</ele>
      </trkpt>
      <trkpt lat="42.6648060" lon="11.4655410">
        <ele>129.50</ele>
      </trkpt>
      <trkpt lat="42.6645940" lon="11.4659210">
        <ele>129.50</ele>
      </trkpt>
      <trkpt lat="42.6643820" lon="11.4664340">
        <ele>128.25</ele>
      </trkpt>
      <trkpt lat="42.6641120" lon="11.4672400">
        <ele>128.50</ele>
      </trkpt>
      <trkpt lat="42.6639950" lon="11.4676800">
        <ele>127.25</ele>
      </trkpt>
      <trkpt lat="42.6639200" lon="11.4683060">
        <ele>126.00</ele>
      </trkpt>
      <trkpt lat="42.6638880" lon="11.4686640">
        <ele>126.00</ele>
      </trkpt>
      <trkpt lat="42.6638420" lon="11.4689730">
        <ele>126.25</ele>
      </trkpt>
      <trkpt lat="42.6638300" lon="11.4693250">
        <ele>127.25</ele>
      </trkpt>
      <trkpt lat="42.6638320" lon="11.4696470">
        <ele>126.75</ele>
      </trkpt>
      <trkpt lat="42.6638070" lon="11.4701200">
        <ele>128.00</ele>
      </trkpt>
      <trkpt lat="42.6637590" lon="11.4703820">
        <ele>129.00</ele>
      </trkpt>
      <trkpt lat="42.6633440" lon="11.4721420">
        <ele>128.50</ele>
      </trkpt>
      <trkpt lat="42.6632270" lon="11.4725740">
        <ele>129.50</ele>
      </trkpt>
      <trkpt lat="42.6631340" lon="11.4729940">
        <ele>129.25</ele>
      </trkpt>
      <trkpt lat="42.6630060" lon="11.4733920">
        <ele>128.50</ele>
      </trkpt>
      <trkpt lat="42.6628920" lon="11.4738330">
        <ele>128.25</ele>
      </trkpt>
      <trkpt lat="42.6627850" lon="11.4741580">
        <ele>128.00</ele>
      </trkpt>
      <trkpt lat="42.6626820" lon="11.4743900">
        <ele>127.50</ele>
      </trkpt>
      <trkpt lat="42.6625870" lon="11.4744940">
        <ele>127.00</ele>
      </trkpt>
      <trkpt lat="42.6617870" lon="11.4752730">
        <ele>123.25</ele>
      </trkpt>
      <trkpt lat="42.6616710" lon="11.4754000">
        <ele>122.50</ele>
      </trkpt>
      <trkpt lat="42.6615480" lon="11.4756040">
        <ele>122.25</ele>
      </trkpt>
      <trkpt lat="42.6614020" lon="11.4758570">
        <ele>122.00</ele>
      </trkpt>
      <trkpt lat="42.6613740" lon="11.4761020">
        <ele>121.75</ele>
      </trkpt>
      <trkpt lat="42.6613650" lon="11.4764930">
        <ele>122.00</ele>
      </trkpt>
      <trkpt lat="42.6613740" lon="11.4768210">
        <ele>122.00</ele>
      </trkpt>
      <trkpt lat="42.6614600" lon="11.4771190">
        <ele>122.00</ele>
      </trkpt>
      <trkpt lat="42.6616060" lon="11.4773970">
        <ele>122.25</ele>
      </trkpt>
      <trkpt lat="42.6618230" lon="11.4777170">
        <ele>123.00</ele>
      </trkpt>
      <trkpt lat="42.6619670" lon="11.4778680">
        <ele>123.00</ele>
      </trkpt>
      <trkpt lat="42.6619660" lon="11.4779810">
        <ele>123.00</ele>
      </trkpt>
      <trkpt lat="42.6618190" lon="11.4784500">
        <ele>123.00</ele>
      </trkpt>
      <trkpt lat="42.6617720" lon="11.4785140">
        <ele>123.00</ele>
      </trkpt>
      <trkpt lat="42.6614620" lon="11.4787260">
        <ele>123.00</ele>
      </trkpt>
      <trkpt lat="42.6614500" lon="11.4788520">
        <ele>123.00</ele>
      </trkpt>
      <trkpt lat="42.6614710" lon="11.4794520">
        <ele>124.00</ele>
      </trkpt>
      <trkpt lat="42.6614340" lon="11.4807560">
        <ele>125.00</ele>
      </trkpt>
      <trkpt lat="42.6614560" lon="11.4816760">
        <ele>126.00</ele>
      </trkpt>
      <trkpt lat="42.6613870" lon="11.4821980">
        <ele>126.00</ele>
      </trkpt>
      <trkpt lat="42.6609220" lon="11.4835250">
        <ele>128.00</ele>
      </trkpt>
      <trkpt lat="42.6603050" lon="11.4850840">
        <ele>131.25</ele>
      </trkpt>
      <trkpt lat="42.6602550" lon="11.4853050">
        <ele>132.25</ele>
      </trkpt>
      <trkpt lat="42.6602300" lon="11.4854490">
        <ele>133.25</ele>
      </trkpt>
      <trkpt lat="42.6603240" lon="11.4866130">
        <ele>143.00</ele>
      </trkpt>
      <trkpt lat="42.6604120" lon="11.4875180">
        <ele>151.75</ele>
      </trkpt>
      <trkpt lat="42.6604560" lon="11.4876130">
        <ele>153.25</ele>
      </trkpt>
      <trkpt lat="42.6613050" lon="11.4891280">
        <ele>178.50</ele>
      </trkpt>
      <trkpt lat="42.6614120" lon="11.4894240">
        <ele>181.25</ele>
      </trkpt>
      <trkpt lat="42.6615090" lon="11.4898970">
        <ele>183.75</ele>
      </trkpt>
      <trkpt lat="42.6615230" lon="11.4901650">
        <ele>186.50</ele>
      </trkpt>
      <trkpt lat="42.6614870" lon="11.4903890">
        <ele>187.50</ele>
      </trkpt>
      <trkpt lat="42.6613330" lon="11.4909690">
        <ele>188.25</ele>
      </trkpt>
      <trkpt lat="42.6613080" lon="11.4911310">
        <ele>187.50</ele>
      </trkpt>
      <trkpt lat="42.6613330" lon="11.4913340">
        <ele>186.75</ele>
      </trkpt>
      <trkpt lat="42.6613860" lon="11.4915830">
        <ele>185.75</ele>
      </trkpt>
      <trkpt lat="42.6615180" lon="11.4920610">
        <ele>185.50</ele>
      </trkpt>
      <trkpt lat="42.6617830" lon="11.4931680">
        <ele>198.75</ele>
      </trkpt>
      <trkpt lat="42.6619230" lon="11.4937850">
        <ele>201.25</ele>
      </trkpt>
      <trkpt lat="42.6622470" lon="11.4951560">
        <ele>213.50</ele>
      </trkpt>
      <trkpt lat="42.6623840" lon="11.4958020">
        <ele>220.50</ele>
      </trkpt>
      <trkpt lat="42.6624060" lon="11.4960350">
        <ele>222.25</ele>
      </trkpt>
      <trkpt lat="42.6624570" lon="11.4968180">
        <ele>227.00</ele>
      </trkpt>
      <trkpt lat="42.6624880" lon="11.4971970">
        <ele>229.50</ele>
      </trkpt>
      <trkpt lat="42.6625870" lon="11.4982720">
        <ele>236.25</ele>
      </trkpt>
      <trkpt lat="42.6621730" lon="11.4984100">
        <ele>232.25</ele>
      </trkpt>
      <trkpt lat="42.6620540" lon="11.4984200">
        <ele>230.25</ele>
      </trkpt>
      <trkpt lat="42.6618850" lon="11.4984090">
        <ele>227.75</ele>
      </trkpt>
      <trkpt lat="42.6617460" lon="11.4983750">
        <ele>226.00</ele>
      </trkpt>
      <trkpt lat="42.6616590" lon="11.4983120">
        <ele>224.50</ele>
      </trkpt>
      <trkpt lat="42.6615190" lon="11.4981670">
        <ele>221.50</ele>
      </trkpt>
      <trkpt lat="42.6613270" lon="11.4978530">
        <ele>216.75</ele>
      </trkpt>
      <trkpt lat="42.6612380" lon="11.4977210">
        <ele>214.75</ele>
      </trkpt>
      <trkpt lat="42.6609520" lon="11.4974110">
        <ele>209.25</ele>
      </trkpt>
      <trkpt lat="42.6602720" lon="11.4968260">
        <ele>197.50</ele>
      </trkpt>
      <trkpt lat="42.6596890" lon="11.4963040">
        <ele>187.50</ele>
      </trkpt>
      <trkpt lat="42.6589500" lon="11.4956180">
        <ele>176.75</ele>
      </trkpt>
      <trkpt lat="42.6587730" lon="11.4954990">
        <ele>175.50</ele>
      </trkpt>
      <trkpt lat="42.6586970" lon="11.4956910">
        <ele>174.75</ele>
      </trkpt>
      <trkpt lat="42.6585090" lon="11.4960350">
        <ele>173.75</ele>
      </trkpt>
      <trkpt lat="42.6582360" lon="11.4964740">
        <ele>172.75</ele>
      </trkpt>
      <trkpt lat="42.6580780" lon="11.4968620">
        <ele>172.75</ele>
      </trkpt>
      <trkpt lat="42.6582360" lon="11.4964740">
        <ele>172.75</ele>
      </trkpt>
      <trkpt lat="42.6585090" lon="11.4960350">
        <ele>173.75</ele>
      </trkpt>
      <trkpt lat="42.6586970" lon="11.4956910">
        <ele>174.75</ele>
      </trkpt>
      <trkpt lat="42.6587730" lon="11.4954990">
        <ele>175.50</ele>
      </trkpt>
      <trkpt lat="42.6586150" lon="11.4954070">
        <ele>176.50</ele>
      </trkpt>
      <trkpt lat="42.6582290" lon="11.4953570">
        <ele>176.75</ele>
      </trkpt>
      <trkpt lat="42.6581380" lon="11.4953390">
        <ele>177.00</ele>
      </trkpt>
      <trkpt lat="42.6580510" lon="11.4952970">
        <ele>177.75</ele>
      </trkpt>
      <trkpt lat="42.6579410" lon="11.4953510">
        <ele>178.25</ele>
      </trkpt>
      <trkpt lat="42.6578220" lon="11.4953930">
        <ele>179.00</ele>
      </trkpt>
      <trkpt lat="42.6572210" lon="11.4953810">
        <ele>182.75</ele>
      </trkpt>
      <trkpt lat="42.6569980" lon="11.4953180">
        <ele>181.25</ele>
      </trkpt>
      <trkpt lat="42.6567450" lon="11.4952040">
        <ele>177.25</ele>
      </trkpt>
      <trkpt lat="42.6565610" lon="11.4950820">
        <ele>174.75</ele>
      </trkpt>
      <trkpt lat="42.6563550" lon="11.4949220">
        <ele>173.00</ele>
      </trkpt>
      <trkpt lat="42.6562180" lon="11.4948730">
        <ele>173.25</ele>
      </trkpt>
      <trkpt lat="42.6560610" lon="11.4948820">
        <ele>172.50</ele>
      </trkpt>
      <trkpt lat="42.6558060" lon="11.4949680">
        <ele>171.50</ele>
      </trkpt>
      <trkpt lat="42.6555390" lon="11.4950060">
        <ele>171.75</ele>
      </trkpt>
      <trkpt lat="42.6553600" lon="11.4949680">
        <ele>170.75</ele>
      </trkpt>
      <trkpt lat="42.6551940" lon="11.4948930">
        <ele>169.50</ele>
      </trkpt>
      <trkpt lat="42.6546480" lon="11.4945440">
        <ele>161.25</ele>
      </trkpt>
      <trkpt lat="42.6545160" lon="11.4944280">
        <ele>160.00</ele>
      </trkpt>
      <trkpt lat="42.6544100" lon="11.4944260">
        <ele>159.00</ele>
      </trkpt>
      <trkpt lat="42.6540430" lon="11.4944500">
        <ele>157.00</ele>
      </trkpt>
      <trkpt lat="42.6527940" lon="11.4942780">
        <ele>153.50</ele>
      </trkpt>
      <trkpt lat="42.6522730" lon="11.4941450">
        <ele>153.00</ele>
      </trkpt>
      <trkpt lat="42.6520400" lon="11.4941080">
        <ele>151.50</ele>
      </trkpt>
      <trkpt lat="42.6518300" lon="11.4941370">
        <ele>150.50</ele>
      </trkpt>
      <trkpt lat="42.6516750" lon="11.4942100">
        <ele>149.50</ele>
      </trkpt>
      <trkpt lat="42.6511220" lon="11.4946300">
        <ele>145.00</ele>
      </trkpt>
      <trkpt lat="42.6510330" lon="11.4946530">
        <ele>143.75</ele>
      </trkpt>
      <trkpt lat="42.6509390" lon="11.4946450">
        <ele>142.25</ele>
      </trkpt>
      <trkpt lat="42.6508780" lon="11.4946100">
        <ele>141.25</ele>
      </trkpt>
      <trkpt lat="42.6504810" lon="11.4940760">
        <ele>133.75</ele>
      </trkpt>
      <trkpt lat="42.6501760" lon="11.4936060">
        <ele>130.00</ele>
      </trkpt>
      <trkpt lat="42.6501120" lon="11.4934570">
        <ele>129.75</ele>
      </trkpt>
      <trkpt lat="42.6500820" lon="11.4933490">
        <ele>129.50</ele>
      </trkpt>
      <trkpt lat="42.6500640" lon="11.4932350">
        <ele>128.75</ele>
      </trkpt>
      <trkpt lat="42.6500800" lon="11.4927770">
        <ele>124.25</ele>
      </trkpt>
      <trkpt lat="42.6501030" lon="11.4925990">
        <ele>123.25</ele>
      </trkpt>
      <trkpt lat="42.6501590" lon="11.4922900">
        <ele>122.50</ele>
      </trkpt>
      <trkpt lat="42.6501580" lon="11.4922540">
        <ele>122.25</ele>
      </trkpt>
      <trkpt lat="42.6501480" lon="11.4922130">
        <ele>122.00</ele>
      </trkpt>
      <trkpt lat="42.6501330" lon="11.4921810">
        <ele>122.25</ele>
      </trkpt>
      <trkpt lat="42.6497930" lon="11.4918230">
        <ele>122.50</ele>
      </trkpt>
      <trkpt lat="42.6496590" lon="11.4915960">
        <ele>122.50</ele>
      </trkpt>
      <trkpt lat="42.6494940" lon="11.4913910">
        <ele>120.75</ele>
      </trkpt>
      <trkpt lat="42.6494760" lon="11.4912850">
        <ele>120.50</ele>
      </trkpt>
      <trkpt lat="42.6494660" lon="11.4911500">
        <ele>120.50</ele>
      </trkpt>
      <trkpt lat="42.6494630" lon="11.4908850">
        <ele>121.25</ele>
      </trkpt>
      <trkpt lat="42.6494370" lon="11.4907370">
        <ele>121.25</ele>
      </trkpt>
      <trkpt lat="42.6493970" lon="11.4905590">
        <ele>121.25</ele>
      </trkpt>
      <trkpt lat="42.6493830" lon="11.4904580">
        <ele>121.00</ele>
      </trkpt>
      <trkpt lat="42.6497850" lon="11.4901340">
        <ele>124.75</ele>
      </trkpt>
      <trkpt lat="42.6498230" lon="11.4900590">
        <ele>124.50</ele>
      </trkpt>
      <trkpt lat="42.6498230" lon="11.4900350">
        <ele>124.50</ele>
      </trkpt>
      <trkpt lat="42.6498170" lon="11.4895410">
        <ele>127.75</ele>
      </trkpt>
      <trkpt lat="42.6496580" lon="11.4889530">
        <ele>126.50</ele>
      </trkpt>
      <trkpt lat="42.6496210" lon="11.4888120">
        <ele>125.50</ele>
      </trkpt>
      <trkpt lat="42.6495010" lon="11.4882590">
        <ele>124.50</ele>
      </trkpt>
      <trkpt lat="42.6491500" lon="11.4871760">
        <ele>124.75</ele>
      </trkpt>
      <trkpt lat="42.6490590" lon="11.4870970">
        <ele>124.00</ele>
      </trkpt>
      <trkpt lat="42.6489930" lon="11.4871110">
        <ele>123.25</ele>
      </trkpt>
      <trkpt lat="42.6467360" lon="11.4877630">
        <ele>117.00</ele>
      </trkpt>
      <trkpt lat="42.6466270" lon="11.4877630">
        <ele>116.75</ele>
      </trkpt>
      <trkpt lat="42.6465820" lon="11.4877710">
        <ele>116.50</ele>
      </trkpt>
      <trkpt lat="42.6464650" lon="11.4877990">
        <ele>116.25</ele>
      </trkpt>
      <trkpt lat="42.6463230" lon="11.4879580">
        <ele>117.50</ele>
      </trkpt>
      <trkpt lat="42.6462930" lon="11.4882470">
        <ele>119.50</ele>
      </trkpt>
      <trkpt lat="42.6463330" lon="11.4889680">
        <ele>122.25</ele>
      </trkpt>
      <trkpt lat="42.6463350" lon="11.4891160">
        <ele>123.00</ele>
      </trkpt>
      <trkpt lat="42.6462900" lon="11.4891920">
        <ele>123.75</ele>
      </trkpt>
      <trkpt lat="42.6462030" lon="11.4892290">
        <ele>124.50</ele>
      </trkpt>
      <trkpt lat="42.6457900" lon="11.4891280">
        <ele>129.25</ele>
      </trkpt>
      <trkpt lat="42.6454140" lon="11.4890560">
        <ele>133.25</ele>
      </trkpt>
      <trkpt lat="42.6451190" lon="11.4889670">
        <ele>136.25</ele>
      </trkpt>
      <trkpt lat="42.6445860" lon="11.4887390">
        <ele>141.25</ele>
      </trkpt>
      <trkpt lat="42.6443990" lon="11.4887190">
        <ele>142.75</ele>
      </trkpt>
      <trkpt lat="42.6441690" lon="11.4886650">
        <ele>145.25</ele>
      </trkpt>
      <trkpt lat="42.6436900" lon="11.4887380">
        <ele>151.00</ele>
      </trkpt>
      <trkpt lat="42.6432750" lon="11.4887250">
        <ele>155.25</ele>
      </trkpt>
      <trkpt lat="42.6423330" lon="11.4887560">
        <ele>169.50</ele>
      </trkpt>
      <trkpt lat="42.6422820" lon="11.4888870">
        <ele>171.25</ele>
      </trkpt>
      <trkpt lat="42.6422710" lon="11.4892420">
        <ele>173.00</ele>
      </trkpt>
      <trkpt lat="42.6422250" lon="11.4895120">
        <ele>175.25</ele>
      </trkpt>
      <trkpt lat="42.6421230" lon="11.4896050">
        <ele>176.75</ele>
      </trkpt>
      <trkpt lat="42.6419020" lon="11.4896200">
        <ele>178.50</ele>
      </trkpt>
      <trkpt lat="42.6415150" lon="11.4897880">
        <ele>181.00</ele>
      </trkpt>
      <trkpt lat="42.6412270" lon="11.4900400">
        <ele>182.00</ele>
      </trkpt>
      <trkpt lat="42.6411130" lon="11.4901870">
        <ele>182.50</ele>
      </trkpt>
      <trkpt lat="42.6408070" lon="11.4903450">
        <ele>183.00</ele>
      </trkpt>
      <trkpt lat="42.6405490" lon="11.4905830">
        <ele>183.00</ele>
      </trkpt>
      <trkpt lat="42.6403350" lon="11.4907620">
        <ele>183.50</ele>
      </trkpt>
      <trkpt lat="42.6398210" lon="11.4910580">
        <ele>184.50</ele>
      </trkpt>
      <trkpt lat="42.6394280" lon="11.4912010">
        <ele>185.00</ele>
      </trkpt>
      <trkpt lat="42.6391860" lon="11.4914000">
        <ele>184.75</ele>
      </trkpt>
      <trkpt lat="42.6390730" lon="11.4919890">
        <ele>185.00</ele>
      </trkpt>
      <trkpt lat="42.6383710" lon="11.4938120">
        <ele>187.50</ele>
      </trkpt>
      <trkpt lat="42.6373600" lon="11.4960870">
        <ele>197.75</ele>
      </trkpt>
      <trkpt lat="42.6368550" lon="11.4964950">
        <ele>201.25</ele>
      </trkpt>
      <trkpt lat="42.6361610" lon="11.4969020">
        <ele>209.00</ele>
      </trkpt>
      <trkpt lat="42.6353080" lon="11.4978040">
        <ele>215.25</ele>
      </trkpt>
      <trkpt lat="42.6351190" lon="11.4982540">
        <ele>217.00</ele>
      </trkpt>
      <trkpt lat="42.6345900" lon="11.4987370">
        <ele>214.25</ele>
      </trkpt>
      <trkpt lat="42.6336630" lon="11.4993290">
        <ele>210.50</ele>
      </trkpt>
      <trkpt lat="42.6331700" lon="11.4996070">
        <ele>212.00</ele>
      </trkpt>
      <trkpt lat="42.6324140" lon="11.4999440">
        <ele>216.50</ele>
      </trkpt>
      <trkpt lat="42.6321780" lon="11.5001000">
        <ele>219.50</ele>
      </trkpt>
      <trkpt lat="42.6324320" lon="11.5001480">
        <ele>217.00</ele>
      </trkpt>
      <trkpt lat="42.6325970" lon="11.5001980">
        <ele>216.25</ele>
      </trkpt>
      <trkpt lat="42.6327650" lon="11.5002990">
        <ele>216.00</ele>
      </trkpt>
      <trkpt lat="42.6329010" lon="11.5004060">
        <ele>215.50</ele>
      </trkpt>
      <trkpt lat="42.6328830" lon="11.5004660">
        <ele>215.50</ele>
      </trkpt>
      <trkpt lat="42.6320210" lon="11.5032610">
        <ele>222.25</ele>
      </trkpt>
      <trkpt lat="42.6313370" lon="11.5054590">
        <ele>228.00</ele>
      </trkpt>
      <trkpt lat="42.6313060" lon="11.5057120">
        <ele>229.00</ele>
      </trkpt>
      <trkpt lat="42.6312110" lon="11.5062640">
        <ele>235.75</ele>
      </trkpt>
      <trkpt lat="42.6311670" lon="11.5064330">
        <ele>238.00</ele>
      </trkpt>
      <trkpt lat="42.6310550" lon="11.5065430">
        <ele>240.00</ele>
      </trkpt>
      <trkpt lat="42.6293450" lon="11.5067020">
        <ele>253.00</ele>
      </trkpt>
      <trkpt lat="42.6284230" lon="11.5067770">
        <ele>252.00</ele>
      </trkpt>
      <trkpt lat="42.6279620" lon="11.5069550">
        <ele>252.00</ele>
      </trkpt>
      <trkpt lat="42.6276450" lon="11.5072210">
        <ele>251.50</ele>
      </trkpt>
      <trkpt lat="42.6274210" lon="11.5074910">
        <ele>251.50</ele>
      </trkpt>
      <trkpt lat="42.6261340" lon="11.5095500">
        <ele>249.00</ele>
      </trkpt>
      <trkpt lat="42.6254840" lon="11.5106450">
        <ele>245.25</ele>
      </trkpt>
      <trkpt lat="42.6244840" lon="11.5125100">
        <ele>242.00</ele>
      </trkpt>
      <trkpt lat="42.6243170" lon="11.5127950">
        <ele>241.50</ele>
      </trkpt>
      <trkpt lat="42.6241400" lon="11.5130610">
        <ele>240.75</ele>
      </trkpt>
      <trkpt lat="42.6238480" lon="11.5134210">
        <ele>241.00</ele>
      </trkpt>
      <trkpt lat="42.6237020" lon="11.5135640">
        <ele>241.50</ele>
      </trkpt>
      <trkpt lat="42.6230990" lon="11.5137350">
        <ele>239.00</ele>
      </trkpt>
      <trkpt lat="42.6225350" lon="11.5139270">
        <ele>239.75</ele>
      </trkpt>
      <trkpt lat="42.6220470" lon="11.5146080">
        <ele>240.00</ele>
      </trkpt>
      <trkpt lat="42.6214980" lon="11.5152380">
        <ele>240.75</ele>
      </trkpt>
      <trkpt lat="42.6210100" lon="11.5155750">
        <ele>242.50</ele>
      </trkpt>
      <trkpt lat="42.6207800" lon="11.5151210">
        <ele>246.00</ele>
      </trkpt>
      <trkpt lat="42.6205470" lon="11.5146940">
        <ele>250.25</ele>
      </trkpt>
      <trkpt lat="42.6205290" lon="11.5146030">
        <ele>251.00</ele>
      </trkpt>
      <trkpt lat="42.6204490" lon="11.5141860">
        <ele>253.50</ele>
      </trkpt>
      <trkpt lat="42.6203300" lon="11.5140530">
        <ele>254.75</ele>
      </trkpt>
      <trkpt lat="42.6201800" lon="11.5137380">
        <ele>256.50</ele>
      </trkpt>
      <trkpt lat="42.6200300" lon="11.5133510">
        <ele>258.50</ele>
      </trkpt>
      <trkpt lat="42.6199550" lon="11.5126380">
        <ele>262.25</ele>
      </trkpt>
      <trkpt lat="42.6199030" lon="11.5118850">
        <ele>253.75</ele>
      </trkpt>
      <trkpt lat="42.6197600" lon="11.5114170">
        <ele>250.00</ele>
      </trkpt>
      <trkpt lat="42.6194980" lon="11.5112240">
        <ele>253.75</ele>
      </trkpt>
      <trkpt lat="42.6191090" lon="11.5111320">
        <ele>257.50</ele>
      </trkpt>
      <trkpt lat="42.6185470" lon="11.5111520">
        <ele>259.75</ele>
      </trkpt>
      <trkpt lat="42.6180380" lon="11.5112030">
        <ele>270.50</ele>
      </trkpt>
      <trkpt lat="42.6177380" lon="11.5113050">
        <ele>276.75</ele>
      </trkpt>
      <trkpt lat="42.6176500" lon="11.5112570">
        <ele>278.25</ele>
      </trkpt>
      <trkpt lat="42.6175360" lon="11.5111930">
        <ele>280.00</ele>
      </trkpt>
      <trkpt lat="42.6174910" lon="11.5107150">
        <ele>278.00</ele>
      </trkpt>
      <trkpt lat="42.6177770" lon="11.5105530">
        <ele>274.00</ele>
      </trkpt>
      <trkpt lat="42.6180260" lon="11.5103340">
        <ele>272.50</ele>
      </trkpt>
      <trkpt lat="42.6184190" lon="11.5098060">
        <ele>277.25</ele>
      </trkpt>
      <trkpt lat="42.6175130" lon="11.5100530">
        <ele>286.75</ele>
      </trkpt>
      <trkpt lat="42.6173840" lon="11.5100120">
        <ele>289.25</ele>
      </trkpt>
      <trkpt lat="42.6173640" lon="11.5098140">
        <ele>293.25</ele>
      </trkpt>
      <trkpt lat="42.6172660" lon="11.5097270">
        <ele>296.25</ele>
      </trkpt>
      <trkpt lat="42.6175730" lon="11.5093100">
        <ele>299.50</ele>
      </trkpt>
      <trkpt lat="42.6177610" lon="11.5088420">
        <ele>306.25</ele>
      </trkpt>
      <trkpt lat="42.6177380" lon="11.5083430">
        <ele>317.50</ele>
      </trkpt>
      <trkpt lat="42.6170640" lon="11.5083940">
        <ele>330.50</ele>
      </trkpt>
      <trkpt lat="42.6169660" lon="11.5084960">
        <ele>330.50</ele>
      </trkpt>
      <trkpt lat="42.6168300" lon="11.5084350">
        <ele>333.50</ele>
      </trkpt>
      <trkpt lat="42.6166520" lon="11.5081900">
        <ele>339.50</ele>
      </trkpt>
      <trkpt lat="42.6164530" lon="11.5081740">
        <ele>341.50</ele>
      </trkpt>
      <trkpt lat="42.6162720" lon="11.5077830">
        <ele>345.25</ele>
      </trkpt>
      <trkpt lat="42.6161360" lon="11.5077190">
        <ele>346.25</ele>
      </trkpt>
      <trkpt lat="42.6157870" lon="11.5078240">
        <ele>349.75</ele>
      </trkpt>
      <trkpt lat="42.6151780" lon="11.5076490">
        <ele>346.75</ele>
      </trkpt>
      <trkpt lat="42.6148640" lon="11.5075310">
        <ele>345.25</ele>
      </trkpt>
      <trkpt lat="42.6147330" lon="11.5074290">
        <ele>345.00</ele>
      </trkpt>
      <trkpt lat="42.6144890" lon="11.5072920">
        <ele>343.00</ele>
      </trkpt>
      <trkpt lat="42.6138920" lon="11.5072590">
        <ele>341.75</ele>
      </trkpt>
      <trkpt lat="42.6138300" lon="11.5072530">
        <ele>342.25</ele>
      </trkpt>
      <trkpt lat="42.6137230" lon="11.5072160">
        <ele>343.00</ele>
      </trkpt>
      <trkpt lat="42.6135540" lon="11.5071960">
        <ele>344.25</ele>
      </trkpt>
      <trkpt lat="42.6131300" lon="11.5072360">
        <ele>350.00</ele>
      </trkpt>
      <trkpt lat="42.6126690" lon="11.5071610">
        <ele>357.75</ele>
      </trkpt>
      <trkpt lat="42.6125030" lon="11.5070200">
        <ele>358.75</ele>
      </trkpt>
      <trkpt lat="42.6123530" lon="11.5070060">
        <ele>361.00</ele>
      </trkpt>
      <trkpt lat="42.6120010" lon="11.5070820">
        <ele>363.50</ele>
      </trkpt>
      <trkpt lat="42.6118020" lon="11.5069930">
        <ele>364.25</ele>
      </trkpt>
      <trkpt lat="42.6117580" lon="11.5069120">
        <ele>364.75</ele>
      </trkpt>
      <trkpt lat="42.6114080" lon="11.5071070">
        <ele>364.50</ele>
      </trkpt>
      <trkpt lat="42.6110890" lon="11.5073060">
        <ele>367.25</ele>
      </trkpt>
      <trkpt lat="42.6106210" lon="11.5078880">
        <ele>369.50</ele>
      </trkpt>
      <trkpt lat="42.6099220" lon="11.5086770">
        <ele>376.50</ele>
      </trkpt>
      <trkpt lat="42.6098260" lon="11.5089320">
        <ele>380.50</ele>
      </trkpt>
      <trkpt lat="42.6097920" lon="11.5097300">
        <ele>389.75</ele>
      </trkpt>
      <trkpt lat="42.6097150" lon="11.5103780">
        <ele>395.00</ele>
      </trkpt>
      <trkpt lat="42.6095070" lon="11.5109410">
        <ele>397.25</ele>
      </trkpt>
      <trkpt lat="42.6092190" lon="11.5114930">
        <ele>404.50</ele>
      </trkpt>
      <trkpt lat="42.6086510" lon="11.5122090">
        <ele>412.00</ele>
      </trkpt>
      <trkpt lat="42.6084150" lon="11.5124240">
        <ele>413.75</ele>
      </trkpt>
      <trkpt lat="42.6082450" lon="11.5125130">
        <ele>414.50</ele>
      </trkpt>
      <trkpt lat="42.6080470" lon="11.5125720">
        <ele>414.50</ele>
      </trkpt>
      <trkpt lat="42.6075270" lon="11.5125410">
        <ele>415.25</ele>
      </trkpt>
      <trkpt lat="42.6072930" lon="11.5126680">
        <ele>417.75</ele>
      </trkpt>
      <trkpt lat="42.6069850" lon="11.5130340">
        <ele>418.25</ele>
      </trkpt>
      <trkpt lat="42.6055930" lon="11.5148000">
        <ele>418.50</ele>
      </trkpt>
      <trkpt lat="42.6044960" lon="11.5161640">
        <ele>432.25</ele>
      </trkpt>
      <trkpt lat="42.6037070" lon="11.5172980">
        <ele>435.00</ele>
      </trkpt>
      <trkpt lat="42.6033500" lon="11.5177760">
        <ele>435.75</ele>
      </trkpt>
      <trkpt lat="42.6028800" lon="11.5181170">
        <ele>432.25</ele>
      </trkpt>
      <trkpt lat="42.6011750" lon="11.5189810">
        <ele>432.75</ele>
      </trkpt>
      <trkpt lat="42.6007890" lon="11.5192000">
        <ele>432.00</ele>
      </trkpt>
      <trkpt lat="42.5995690" lon="11.5197440">
        <ele>424.75</ele>
      </trkpt>
      <trkpt lat="42.5993460" lon="11.5198890">
        <ele>423.75</ele>
      </trkpt>
      <trkpt lat="42.5988720" lon="11.5203640">
        <ele>420.25</ele>
      </trkpt>
      <trkpt lat="42.5983920" lon="11.5207440">
        <ele>416.75</ele>
      </trkpt>
      <trkpt lat="42.5979330" lon="11.5210310">
        <ele>415.00</ele>
      </trkpt>
      <trkpt lat="42.5978690" lon="11.5210790">
        <ele>415.00</ele>
      </trkpt>
      <trkpt lat="42.5975270" lon="11.5212550">
        <ele>412.25</ele>
      </trkpt>
      <trkpt lat="42.5967330" lon="11.5216970">
        <ele>411.25</ele>
      </trkpt>
      <trkpt lat="42.5963010" lon="11.5218700">
        <ele>408.50</ele>
      </trkpt>
      <trkpt lat="42.5958400" lon="11.5220130">
        <ele>403.25</ele>
      </trkpt>
      <trkpt lat="42.5954060" lon="11.5219070">
        <ele>400.25</ele>
      </trkpt>
      <trkpt lat="42.5948370" lon="11.5217900">
        <ele>396.00</ele>
      </trkpt>
      <trkpt lat="42.5945790" lon="11.5216620">
        <ele>390.75</ele>
      </trkpt>
      <trkpt lat="42.5943220" lon="11.5214880">
        <ele>385.75</ele>
      </trkpt>
      <trkpt lat="42.5932110" lon="11.5207420">
        <ele>372.25</ele>
      </trkpt>
      <trkpt lat="42.5931790" lon="11.5207050">
        <ele>372.25</ele>
      </trkpt>
      <trkpt lat="42.5931580" lon="11.5206800">
        <ele>372.25</ele>
      </trkpt>
      <trkpt lat="42.5931110" lon="11.5206500">
        <ele>372.00</ele>
      </trkpt>
      <trkpt lat="42.5930990" lon="11.5206400">
        <ele>372.00</ele>
      </trkpt>
      <trkpt lat="42.5930480" lon="11.5206000">
        <ele>371.75</ele>
      </trkpt>
      <trkpt lat="42.5929080" lon="11.5204930">
        <ele>371.50</ele>
      </trkpt>
      <trkpt lat="42.5925360" lon="11.5204430">
        <ele>371.75</ele>
      </trkpt>
      <trkpt lat="42.5925320" lon="11.5202840">
        <ele>371.75</ele>
      </trkpt>
      <trkpt lat="42.5926100" lon="11.5195520">
        <ele>366.50</ele>
      </trkpt>
      <trkpt lat="42.5926180" lon="11.5194030">
        <ele>365.50</ele>
      </trkpt>
      <trkpt lat="42.5920080" lon="11.5192950">
        <ele>377.25</ele>
      </trkpt>
      <trkpt lat="42.5919500" lon="11.5195320">
        <ele>377.75</ele>
      </trkpt>
      <trkpt lat="42.5919020" lon="11.5203520">
        <ele>373.50</ele>
      </trkpt>
      <trkpt lat="42.5916120" lon="11.5203050">
        <ele>374.75</ele>
      </trkpt>
      <trkpt lat="42.5911340" lon="11.5202400">
        <ele>377.00</ele>
      </trkpt>
      <trkpt lat="42.5911530" lon="11.5201040">
        <ele>378.00</ele>
      </trkpt>
      <trkpt lat="42.5912660" lon="11.5198740">
        <ele>379.50</ele>
      </trkpt>
      <trkpt lat="42.5914570" lon="11.5195240">
        <ele>380.50</ele>
      </trkpt>
      <trkpt lat="42.5914730" lon="11.5194050">
        <ele>381.00</ele>
      </trkpt>
      <trkpt lat="42.5912760" lon="11.5196010">
        <ele>380.75</ele>
      </trkpt>
      <trkpt lat="42.5911770" lon="11.5196580">
        <ele>380.75</ele>
      </trkpt>
      <trkpt lat="42.5910750" lon="11.5196840">
        <ele>381.00</ele>
      </trkpt>
      <trkpt lat="42.5907040" lon="11.5196730">
        <ele>381.50</ele>
      </trkpt>
      <trkpt lat="42.5904590" lon="11.5196180">
        <ele>383.25</ele>
      </trkpt>
      <trkpt lat="42.5901710" lon="11.5194390">
        <ele>385.75</ele>
      </trkpt>
      <trkpt lat="42.5898500" lon="11.5193250">
        <ele>385.00</ele>
      </trkpt>
      <trkpt lat="42.5898070" lon="11.5194990">
        <ele>386.50</ele>
      </trkpt>
      <trkpt lat="42.5897240" lon="11.5196560">
        <ele>388.25</ele>
      </trkpt>
      <trkpt lat="42.5895050" lon="11.5195510">
        <ele>387.75</ele>
      </trkpt>
      <trkpt lat="42.5894160" lon="11.5195160">
        <ele>387.75</ele>
      </trkpt>
      <trkpt lat="42.5890160" lon="11.5194110">
        <ele>388.25</ele>
      </trkpt>
      <trkpt lat="42.5886990" lon="11.5193390">
        <ele>390.00</ele>
      </trkpt>
      <trkpt lat="42.5885740" lon="11.5192860">
        <ele>390.25</ele>
      </trkpt>
      <trkpt lat="42.5884200" lon="11.5191810">
        <ele>389.75</ele>
      </trkpt>
      <trkpt lat="42.5883960" lon="11.5191260">
        <ele>389.75</ele>
      </trkpt>
      <trkpt lat="42.5883720" lon="11.5190980">
        <ele>390.00</ele>
      </trkpt>
      <trkpt lat="42.5883120" lon="11.5190720">
        <ele>390.25</ele>
      </trkpt>
      <trkpt lat="42.5882510" lon="11.5190240">
        <ele>390.50</ele>
      </trkpt>
      <trkpt lat="42.5881640" lon="11.5189670">
        <ele>390.50</ele>
      </trkpt>
      <trkpt lat="42.5882100" lon="11.5191340">
        <ele>390.00</ele>
      </trkpt>
      <trkpt lat="42.5881930" lon="11.5191730">
        <ele>390.00</ele>
      </trkpt>
      <trkpt lat="42.5881840" lon="11.5192160">
        <ele>390.25</ele>
      </trkpt>
      <trkpt lat="42.5881280" lon="11.5192970">
        <ele>391.00</ele>
      </trkpt>
      <trkpt lat="42.5880380" lon="11.5194350">
        <ele>391.75</ele>
      </trkpt>
      <trkpt lat="42.5879560" lon="11.5194810">
        <ele>391.75</ele>
      </trkpt>
      <trkpt lat="42.5876920" lon="11.5196480">
        <ele>392.00</ele>
      </trkpt>
      <trkpt lat="42.5874200" lon="11.5197670">
        <ele>391.25</ele>
      </trkpt>
      <trkpt lat="42.5871780" lon="11.5198020">
        <ele>388.50</ele>
      </trkpt>
      <trkpt lat="42.5867690" lon="11.5197670">
        <ele>384.75</ele>
      </trkpt>
      <trkpt lat="42.5849630" lon="11.5195340">
        <ele>383.00</ele>
      </trkpt>
      <trkpt lat="42.5847630" lon="11.5195390">
        <ele>382.75</ele>
      </trkpt>
      <trkpt lat="42.5846100" lon="11.5196970">
        <ele>383.50</ele>
      </trkpt>
      <trkpt lat="42.5845170" lon="11.5199020">
        <ele>384.25</ele>
      </trkpt>
      <trkpt lat="42.5845170" lon="11.5201740">
        <ele>385.50</ele>
      </trkpt>
      <trkpt lat="42.5847540" lon="11.5206660">
        <ele>387.25</ele>
      </trkpt>
      <trkpt lat="42.5851380" lon="11.5211820">
        <ele>388.25</ele>
      </trkpt>
      <trkpt lat="42.5852590" lon="11.5214240">
        <ele>389.00</ele>
      </trkpt>
      <trkpt lat="42.5853080" lon="11.5217980">
        <ele>386.50</ele>
      </trkpt>
      <trkpt lat="42.5852550" lon="11.5223970">
        <ele>385.75</ele>
      </trkpt>
      <trkpt lat="42.5851720" lon="11.5227730">
        <ele>388.50</ele>
      </trkpt>
      <trkpt lat="42.5850220" lon="11.5231550">
        <ele>384.50</ele>
      </trkpt>
      <trkpt lat="42.5845940" lon="11.5240760">
        <ele>377.50</ele>
      </trkpt>
      <trkpt lat="42.5843810" lon="11.5244800">
        <ele>375.75</ele>
      </trkpt>
      <trkpt lat="42.5838590" lon="11.5251100">
        <ele>367.25</ele>
      </trkpt>
      <trkpt lat="42.5833950" lon="11.5256030">
        <ele>363.75</ele>
      </trkpt>
      <trkpt lat="42.5832280" lon="11.5257340">
        <ele>363.75</ele>
      </trkpt>
      <trkpt lat="42.5830770" lon="11.5257970">
        <ele>363.25</ele>
      </trkpt>
      <trkpt lat="42.5829120" lon="11.5258190">
        <ele>362.00</ele>
      </trkpt>
      <trkpt lat="42.5824980" lon="11.5258010">
        <ele>358.25</ele>
      </trkpt>
      <trkpt lat="42.5823760" lon="11.5260690">
        <ele>356.50</ele>
      </trkpt>
      <trkpt lat="42.5820500" lon="11.5266510">
        <ele>354.50</ele>
      </trkpt>
      <trkpt lat="42.5815540" lon="11.5275610">
        <ele>356.00</ele>
      </trkpt>
      <trkpt lat="42.5813480" lon="11.5278930">
        <ele>354.75</ele>
      </trkpt>
      <trkpt lat="42.5811030" lon="11.5283120">
        <ele>355.50</ele>
      </trkpt>
      <trkpt lat="42.5809450" lon="11.5284510">
        <ele>355.75</ele>
      </trkpt>
      <trkpt lat="42.5807110" lon="11.5285530">
        <ele>355.75</ele>
      </trkpt>
      <trkpt lat="42.5805280" lon="11.5286520">
        <ele>356.50</ele>
      </trkpt>
      <trkpt lat="42.5801930" lon="11.5289650">
        <ele>360.00</ele>
      </trkpt>
      <trkpt lat="42.5799970" lon="11.5291110">
        <ele>362.00</ele>
      </trkpt>
      <trkpt lat="42.5797920" lon="11.5292120">
        <ele>364.50</ele>
      </trkpt>
      <trkpt lat="42.5796180" lon="11.5293480">
        <ele>367.50</ele>
      </trkpt>
      <trkpt lat="42.5794470" lon="11.5295520">
        <ele>368.75</ele>
      </trkpt>
      <trkpt lat="42.5790760" lon="11.5300150">
        <ele>368.25</ele>
      </trkpt>
      <trkpt lat="42.5789160" lon="11.5301800">
        <ele>369.25</ele>
      </trkpt>
      <trkpt lat="42.5787860" lon="11.5302850">
        <ele>370.25</ele>
      </trkpt>
      <trkpt lat="42.5786770" lon="11.5304140">
        <ele>370.75</ele>
      </trkpt>
      <trkpt lat="42.5786200" lon="11.5306150">
        <ele>372.50</ele>
      </trkpt>
      <trkpt lat="42.5785670" lon="11.5311160">
        <ele>374.75</ele>
      </trkpt>
      <trkpt lat="42.5785260" lon="11.5312800">
        <ele>374.75</ele>
      </trkpt>
      <trkpt lat="42.5784870" lon="11.5313610">
        <ele>374.25</ele>
      </trkpt>
      <trkpt lat="42.5783390" lon="11.5315510">
        <ele>372.25</ele>
      </trkpt>
      <trkpt lat="42.5781480" lon="11.5317020">
        <ele>371.75</ele>
      </trkpt>
      <trkpt lat="42.5777920" lon="11.5318080">
        <ele>368.00</ele>
      </trkpt>
      <trkpt lat="42.5774760" lon="11.5319330">
        <ele>365.50</ele>
      </trkpt>
      <trkpt lat="42.5773910" lon="11.5319880">
        <ele>365.00</ele>
      </trkpt>
      <trkpt lat="42.5773470" lon="11.5320610">
        <ele>364.50</ele>
      </trkpt>
      <trkpt lat="42.5772930" lon="11.5321020">
        <ele>364.00</ele>
      </trkpt>
      <trkpt lat="42.5771870" lon="11.5322650">
        <ele>362.25</ele>
      </trkpt>
      <trkpt lat="42.5767660" lon="11.5328480">
        <ele>356.75</ele>
      </trkpt>
      <trkpt lat="42.5765190" lon="11.5330290">
        <ele>354.50</ele>
      </trkpt>
      <trkpt lat="42.5762760" lon="11.5332850">
        <ele>352.50</ele>
      </trkpt>
      <trkpt lat="42.5759330" lon="11.5336730">
        <ele>347.75</ele>
      </trkpt>
      <trkpt lat="42.5757230" lon="11.5338490">
        <ele>346.00</ele>
      </trkpt>
      <trkpt lat="42.5754530" lon="11.5339890">
        <ele>344.00</ele>
      </trkpt>
      <trkpt lat="42.5748470" lon="11.5341570">
        <ele>341.75</ele>
      </trkpt>
      <trkpt lat="42.5740530" lon="11.5342670">
        <ele>333.50</ele>
      </trkpt>
      <trkpt lat="42.5737440" lon="11.5343980">
        <ele>331.00</ele>
      </trkpt>
      <trkpt lat="42.5735060" lon="11.5345770">
        <ele>328.25</ele>
      </trkpt>
      <trkpt lat="42.5734120" lon="11.5346870">
        <ele>326.00</ele>
      </trkpt>
      <trkpt lat="42.5734050" lon="11.5348180">
        <ele>324.25</ele>
      </trkpt>
      <trkpt lat="42.5734400" lon="11.5350340">
        <ele>322.25</ele>
      </trkpt>
      <trkpt lat="42.5735780" lon="11.5354720">
        <ele>318.50</ele>
      </trkpt>
      <trkpt lat="42.5735690" lon="11.5355820">
        <ele>317.50</ele>
      </trkpt>
      <trkpt lat="42.5735040" lon="11.5357100">
        <ele>316.25</ele>
      </trkpt>
      <trkpt lat="42.5730070" lon="11.5363300">
        <ele>308.50</ele>
      </trkpt>
      <trkpt lat="42.5725730" lon="11.5361150">
        <ele>304.00</ele>
      </trkpt>
      <trkpt lat="42.5717630" lon="11.5355650">
        <ele>296.50</ele>
      </trkpt>
      <trkpt lat="42.5716640" lon="11.5355570">
        <ele>294.75</ele>
      </trkpt>
      <trkpt lat="42.5717440" lon="11.5357870">
        <ele>294.25</ele>
      </trkpt>
      <trkpt lat="42.5716540" lon="11.5356940">
        <ele>293.75</ele>
      </trkpt>
      <trkpt lat="42.5715690" lon="11.5356620">
        <ele>293.25</ele>
      </trkpt>
      <trkpt lat="42.5714330" lon="11.5356510">
        <ele>292.00</ele>
      </trkpt>
      <trkpt lat="42.5713430" lon="11.5357080">
        <ele>291.00</ele>
      </trkpt>
      <trkpt lat="42.5712630" lon="11.5357200">
        <ele>290.50</ele>
      </trkpt>
      <trkpt lat="42.5711540" lon="11.5357080">
        <ele>289.75</ele>
      </trkpt>
      <trkpt lat="42.5704790" lon="11.5350570">
        <ele>289.25</ele>
      </trkpt>
      <trkpt lat="42.5703100" lon="11.5348880">
        <ele>289.25</ele>
      </trkpt>
      <trkpt lat="42.5702740" lon="11.5349700">
        <ele>288.75</ele>
      </trkpt>
      <trkpt lat="42.5701400" lon="11.5351190">
        <ele>287.25</ele>
      </trkpt>
      <trkpt lat="42.5700240" lon="11.5351980">
        <ele>286.50</ele>
      </trkpt>
      <trkpt lat="42.5698910" lon="11.5352180">
        <ele>286.25</ele>
      </trkpt>
      <trkpt lat="42.5697180" lon="11.5351990">
        <ele>285.75</ele>
      </trkpt>
      <trkpt lat="42.5696440" lon="11.5352070">
        <ele>285.50</ele>
      </trkpt>
      <trkpt lat="42.5695050" lon="11.5351860">
        <ele>285.00</ele>
      </trkpt>
      <trkpt lat="42.5690400" lon="11.5350570">
        <ele>282.00</ele>
      </trkpt>
      <trkpt lat="42.5688060" lon="11.5349150">
        <ele>282.50</ele>
      </trkpt>
      <trkpt lat="42.5685160" lon="11.5346560">
        <ele>282.25</ele>
      </trkpt>
      <trkpt lat="42.5683430" lon="11.5345840">
        <ele>282.25</ele>
      </trkpt>
      <trkpt lat="42.5681200" lon="11.5346320">
        <ele>282.00</ele>
      </trkpt>
      <trkpt lat="42.5676640" lon="11.5349340">
        <ele>280.25</ele>
      </trkpt>
      <trkpt lat="42.5670910" lon="11.5353860">
        <ele>275.00</ele>
      </trkpt>
      <trkpt lat="42.5666630" lon="11.5357650">
        <ele>270.00</ele>
      </trkpt>
      <trkpt lat="42.5663200" lon="11.5359330">
        <ele>269.75</ele>
      </trkpt>
      <trkpt lat="42.5657010" lon="11.5359810">
        <ele>266.25</ele>
      </trkpt>
      <trkpt lat="42.5652170" lon="11.5359910">
        <ele>262.00</ele>
      </trkpt>
      <trkpt lat="42.5647220" lon="11.5358370">
        <ele>257.75</ele>
      </trkpt>
      <trkpt lat="42.5641600" lon="11.5358130">
        <ele>253.75</ele>
      </trkpt>
      <trkpt lat="42.5633430" lon="11.5359330">
        <ele>250.50</ele>
      </trkpt>
      <trkpt lat="42.5625010" lon="11.5360670">
        <ele>244.00</ele>
      </trkpt>
      <trkpt lat="42.5621400" lon="11.5361010">
        <ele>241.75</ele>
      </trkpt>
      <trkpt lat="42.5616650" lon="11.5361730">
        <ele>238.25</ele>
      </trkpt>
      <trkpt lat="42.5614720" lon="11.5362020">
        <ele>236.75</ele>
      </trkpt>
      <trkpt lat="42.5610620" lon="11.5360820">
        <ele>235.00</ele>
      </trkpt>
      <trkpt lat="42.5608640" lon="11.5361300">
        <ele>234.75</ele>
      </trkpt>
      <trkpt lat="42.5603650" lon="11.5361440">
        <ele>233.75</ele>
      </trkpt>
      <trkpt lat="42.5598740" lon="11.5365570">
        <ele>231.75</ele>
      </trkpt>
      <trkpt lat="42.5585230" lon="11.5370660">
        <ele>234.00</ele>
      </trkpt>
      <trkpt lat="42.5582960" lon="11.5370710">
        <ele>234.00</ele>
      </trkpt>
      <trkpt lat="42.5559070" lon="11.5379960">
        <ele>226.50</ele>
      </trkpt>
      <trkpt lat="42.5558230" lon="11.5381230">
        <ele>225.75</ele>
      </trkpt>
      <trkpt lat="42.5555820" lon="11.5385390">
        <ele>227.75</ele>
      </trkpt>
      <trkpt lat="42.5553730" lon="11.5388230">
        <ele>229.75</ele>
      </trkpt>
      <trkpt lat="42.5552170" lon="11.5389330">
        <ele>231.00</ele>
      </trkpt>
      <trkpt lat="42.5547140" lon="11.5388340">
        <ele>232.00</ele>
      </trkpt>
      <trkpt lat="42.5538620" lon="11.5385600">
        <ele>231.75</ele>
      </trkpt>
      <trkpt lat="42.5535580" lon="11.5385550">
        <ele>233.25</ele>
      </trkpt>
      <trkpt lat="42.5528250" lon="11.5386900">
        <ele>238.75</ele>
      </trkpt>
      <trkpt lat="42.5519730" lon="11.5388720">
        <ele>239.75</ele>
      </trkpt>
      <trkpt lat="42.5512060" lon="11.5389870">
        <ele>244.00</ele>
      </trkpt>
      <trkpt lat="42.5501060" lon="11.5389200">
        <ele>246.75</ele>
      </trkpt>
      <trkpt lat="42.5497870" lon="11.5390690">
        <ele>247.00</ele>
      </trkpt>
      <trkpt lat="42.5490760" lon="11.5395870">
        <ele>242.25</ele>
      </trkpt>
      <trkpt lat="42.5484220" lon="11.5399570">
        <ele>240.75</ele>
      </trkpt>
      <trkpt lat="42.5475590" lon="11.5402600">
        <ele>243.50</ele>
      </trkpt>
      <trkpt lat="42.5462160" lon="11.5410230">
        <ele>247.50</ele>
      </trkpt>
      <trkpt lat="42.5459720" lon="11.5411810">
        <ele>248.75</ele>
      </trkpt>
      <trkpt lat="42.5459220" lon="11.5417620">
        <ele>251.50</ele>
      </trkpt>
      <trkpt lat="42.5454230" lon="11.5424490">
        <ele>256.75</ele>
      </trkpt>
      <trkpt lat="42.5448170" lon="11.5427020">
        <ele>261.25</ele>
      </trkpt>
      <trkpt lat="42.5445440" lon="11.5420120">
        <ele>258.50</ele>
      </trkpt>
      <trkpt lat="42.5444650" lon="11.5418270">
        <ele>257.00</ele>
      </trkpt>
      <trkpt lat="42.5438760" lon="11.5407610">
        <ele>251.50</ele>
      </trkpt>
      <trkpt lat="42.5432550" lon="11.5395480">
        <ele>252.00</ele>
      </trkpt>
      <trkpt lat="42.5429870" lon="11.5392040">
        <ele>250.75</ele>
      </trkpt>
      <trkpt lat="42.5429260" lon="11.5391400">
        <ele>250.25</ele>
      </trkpt>
      <trkpt lat="42.5422330" lon="11.5394700">
        <ele>252.25</ele>
      </trkpt>
      <trkpt lat="42.5420030" lon="11.5395510">
        <ele>254.50</ele>
      </trkpt>
      <trkpt lat="42.5417450" lon="11.5396810">
        <ele>257.25</ele>
      </trkpt>
      <trkpt lat="42.5407750" lon="11.5400790">
        <ele>264.00</ele>
      </trkpt>
      <trkpt lat="42.5404710" lon="11.5402190">
        <ele>264.00</ele>
      </trkpt>
      <trkpt lat="42.5398020" lon="11.5405070">
        <ele>263.75</ele>
      </trkpt>
      <trkpt lat="42.5394880" lon="11.5406600">
        <ele>264.75</ele>
      </trkpt>
      <trkpt lat="42.5391410" lon="11.5408090">
        <ele>264.75</ele>
      </trkpt>
      <trkpt lat="42.5389070" lon="11.5409390">
        <ele>265.25</ele>
      </trkpt>
      <trkpt lat="42.5388440" lon="11.5410690">
        <ele>266.00</ele>
      </trkpt>
      <trkpt lat="42.5387230" lon="11.5414430">
        <ele>265.25</ele>
      </trkpt>
      <trkpt lat="42.5386770" lon="11.5416640">
        <ele>263.25</ele>
      </trkpt>
      <trkpt lat="42.5386030" lon="11.5419660">
        <ele>261.00</ele>
      </trkpt>
      <trkpt lat="42.5384860" lon="11.5422060">
        <ele>260.75</ele>
      </trkpt>
      <trkpt lat="42.5383880" lon="11.5423050">
        <ele>260.75</ele>
      </trkpt>
      <trkpt lat="42.5382900" lon="11.5426230">
        <ele>259.50</ele>
      </trkpt>
      <trkpt lat="42.5382470" lon="11.5428500">
        <ele>259.25</ele>
      </trkpt>
      <trkpt lat="42.5382530" lon="11.5430080">
        <ele>258.25</ele>
      </trkpt>
      <trkpt lat="42.5382810" lon="11.5432720">
        <ele>255.75</ele>
      </trkpt>
      <trkpt lat="42.5382990" lon="11.5433880">
        <ele>254.50</ele>
      </trkpt>
      <trkpt lat="42.5382950" lon="11.5436420">
        <ele>253.50</ele>
      </trkpt>
      <trkpt lat="42.5382710" lon="11.5437430">
        <ele>253.75</ele>
      </trkpt>
      <trkpt lat="42.5382600" lon="11.5439300">
        <ele>253.25</ele>
      </trkpt>
      <trkpt lat="42.5382210" lon="11.5441080">
        <ele>253.50</ele>
      </trkpt>
      <trkpt lat="42.5382140" lon="11.5442660">
        <ele>253.25</ele>
      </trkpt>
      <trkpt lat="42.5381960" lon="11.5444010">
        <ele>252.50</ele>
      </trkpt>
      <trkpt lat="42.5382140" lon="11.5445010">
        <ele>251.75</ele>
      </trkpt>
      <trkpt lat="42.5382600" lon="11.5446260">
        <ele>251.00</ele>
      </trkpt>
      <trkpt lat="42.5383270" lon="11.5447220">
        <ele>250.75</ele>
      </trkpt>
      <trkpt lat="42.5384010" lon="11.5447940">
        <ele>249.75</ele>
      </trkpt>
      <trkpt lat="42.5385610" lon="11.5449770">
        <ele>248.00</ele>
      </trkpt>
      <trkpt lat="42.5387550" lon="11.5452310">
        <ele>243.75</ele>
      </trkpt>
      <trkpt lat="42.5388680" lon="11.5453270">
        <ele>242.50</ele>
      </trkpt>
      <trkpt lat="42.5389360" lon="11.5454860">
        <ele>240.75</ele>
      </trkpt>
      <trkpt lat="42.5389390" lon="11.5455820">
        <ele>240.00</ele>
      </trkpt>
      <trkpt lat="42.5388920" lon="11.5456440">
        <ele>239.25</ele>
      </trkpt>
      <trkpt lat="42.5388240" lon="11.5456930">
        <ele>238.00</ele>
      </trkpt>
      <trkpt lat="42.5387450" lon="11.5457140">
        <ele>237.25</ele>
      </trkpt>
      <trkpt lat="42.5384540" lon="11.5456980">
        <ele>235.00</ele>
      </trkpt>
      <trkpt lat="42.5383170" lon="11.5456660">
        <ele>234.25</ele>
      </trkpt>
      <trkpt lat="42.5381030" lon="11.5455840">
        <ele>234.00</ele>
      </trkpt>
      <trkpt lat="42.5380040" lon="11.5455600">
        <ele>233.00</ele>
      </trkpt>
      <trkpt lat="42.5379400" lon="11.5455800">
        <ele>232.25</ele>
      </trkpt>
      <trkpt lat="42.5379040" lon="11.5456370">
        <ele>231.75</ele>
      </trkpt>
      <trkpt lat="42.5379070" lon="11.5457400">
        <ele>232.00</ele>
      </trkpt>
      <trkpt lat="42.5379460" lon="11.5459100">
        <ele>233.75</ele>
      </trkpt>
      <trkpt lat="42.5380690" lon="11.5462920">
        <ele>242.25</ele>
      </trkpt>
      <trkpt lat="42.5381330" lon="11.5464510">
        <ele>244.50</ele>
      </trkpt>
      <trkpt lat="42.5382000" lon="11.5465950">
        <ele>245.50</ele>
      </trkpt>
      <trkpt lat="42.5381940" lon="11.5467030">
        <ele>246.75</ele>
      </trkpt>
      <trkpt lat="42.5381500" lon="11.5468210">
        <ele>247.75</ele>
      </trkpt>
      <trkpt lat="42.5380410" lon="11.5469390">
        <ele>248.00</ele>
      </trkpt>
      <trkpt lat="42.5378600" lon="11.5471670">
        <ele>251.25</ele>
      </trkpt>
      <trkpt lat="42.5377840" lon="11.5473050">
        <ele>251.75</ele>
      </trkpt>
      <trkpt lat="42.5376980" lon="11.5474800">
        <ele>252.75</ele>
      </trkpt>
      <trkpt lat="42.5376260" lon="11.5476560">
        <ele>254.25</ele>
      </trkpt>
      <trkpt lat="42.5375840" lon="11.5478370">
        <ele>255.50</ele>
      </trkpt>
      <trkpt lat="42.5375370" lon="11.5479990">
        <ele>256.50</ele>
      </trkpt>
      <trkpt lat="42.5374900" lon="11.5481020">
        <ele>257.25</ele>
      </trkpt>
      <trkpt lat="42.5372960" lon="11.5484360">
        <ele>260.25</ele>
      </trkpt>
      <trkpt lat="42.5372020" lon="11.5485730">
        <ele>262.00</ele>
      </trkpt>
      <trkpt lat="42.5370990" lon="11.5486360">
        <ele>264.25</ele>
      </trkpt>
      <trkpt lat="42.5368080" lon="11.5487010">
        <ele>269.00</ele>
      </trkpt>
      <trkpt lat="42.5366540" lon="11.5487910">
        <ele>271.50</ele>
      </trkpt>
      <trkpt lat="42.5365470" lon="11.5488210">
        <ele>273.50</ele>
      </trkpt>
      <trkpt lat="42.5364710" lon="11.5488200">
        <ele>274.75</ele>
      </trkpt>
      <trkpt lat="42.5362800" lon="11.5487720">
        <ele>278.75</ele>
      </trkpt>
      <trkpt lat="42.5357810" lon="11.5485950">
        <ele>286.75</ele>
      </trkpt>
      <trkpt lat="42.5356170" lon="11.5485010">
        <ele>289.00</ele>
      </trkpt>
      <trkpt lat="42.5355180" lon="11.5484150">
        <ele>289.75</ele>
      </trkpt>
      <trkpt lat="42.5353300" lon="11.5482720">
        <ele>290.75</ele>
      </trkpt>
      <trkpt lat="42.5352670" lon="11.5482660">
        <ele>291.50</ele>
      </trkpt>
      <trkpt lat="42.5352000" lon="11.5483520">
        <ele>292.00</ele>
      </trkpt>
      <trkpt lat="42.5351560" lon="11.5484770">
        <ele>292.75</ele>
      </trkpt>
      <trkpt lat="42.5350000" lon="11.5490660">
        <ele>294.50</ele>
      </trkpt>
      <trkpt lat="42.5348280" lon="11.5494970">
        <ele>297.00</ele>
      </trkpt>
      <trkpt lat="42.5345980" lon="11.5499510">
        <ele>301.50</ele>
      </trkpt>
      <trkpt lat="42.5345190" lon="11.5501260">
        <ele>302.75</ele>
      </trkpt>
      <trkpt lat="42.5344360" lon="11.5503690">
        <ele>304.50</ele>
      </trkpt>
      <trkpt lat="42.5342450" lon="11.5508150">
        <ele>306.00</ele>
      </trkpt>
      <trkpt lat="42.5341140" lon="11.5510890">
        <ele>306.50</ele>
      </trkpt>
      <trkpt lat="42.5336540" lon="11.5519100">
        <ele>305.75</ele>
      </trkpt>
      <trkpt lat="42.5335260" lon="11.5520630">
        <ele>305.75</ele>
      </trkpt>
      <trkpt lat="42.5333320" lon="11.5523320">
        <ele>306.75</ele>
      </trkpt>
      <trkpt lat="42.5332010" lon="11.5525440">
        <ele>307.25</ele>
      </trkpt>
      <trkpt lat="42.5330490" lon="11.5528270">
        <ele>309.00</ele>
      </trkpt>
      <trkpt lat="42.5328930" lon="11.5531000">
        <ele>310.50</ele>
      </trkpt>
      <trkpt lat="42.5326420" lon="11.5534750">
        <ele>312.25</ele>
      </trkpt>
      <trkpt lat="42.5326010" lon="11.5535810">
        <ele>312.25</ele>
      </trkpt>
      <trkpt lat="42.5325210" lon="11.5537590">
        <ele>311.50</ele>
      </trkpt>
      <trkpt lat="42.5324300" lon="11.5539360">
        <ele>311.50</ele>
      </trkpt>
      <trkpt lat="42.5323590" lon="11.5540410">
        <ele>311.50</ele>
      </trkpt>
      <trkpt lat="42.5321720" lon="11.5542520">
        <ele>311.25</ele>
      </trkpt>
      <trkpt lat="42.5321000" lon="11.5543870">
        <ele>310.50</ele>
      </trkpt>
      <trkpt lat="42.5320900" lon="11.5545360">
        <ele>309.50</ele>
      </trkpt>
      <trkpt lat="42.5320900" lon="11.5546370">
        <ele>309.25</ele>
      </trkpt>
      <trkpt lat="42.5321010" lon="11.5548280">
        <ele>309.25</ele>
      </trkpt>
      <trkpt lat="42.5321330" lon="11.5551400">
        <ele>310.00</ele>
      </trkpt>
      <trkpt lat="42.5321430" lon="11.5553170">
        <ele>310.00</ele>
      </trkpt>
      <trkpt lat="42.5321370" lon="11.5554150">
        <ele>310.00</ele>
      </trkpt>
      <trkpt lat="42.5320620" lon="11.5556300">
        <ele>311.25</ele>
      </trkpt>
      <trkpt lat="42.5320580" lon="11.5557480">
        <ele>311.25</ele>
      </trkpt>
      <trkpt lat="42.5321750" lon="11.5560730">
        <ele>309.50</ele>
      </trkpt>
      <trkpt lat="42.5322560" lon="11.5562170">
        <ele>309.00</ele>
      </trkpt>
      <trkpt lat="42.5323390" lon="11.5563370">
        <ele>308.75</ele>
      </trkpt>
      <trkpt lat="42.5324200" lon="11.5564040">
        <ele>308.50</ele>
      </trkpt>
      <trkpt lat="42.5325890" lon="11.5564880">
        <ele>308.75</ele>
      </trkpt>
      <trkpt lat="42.5326790" lon="11.5565490">
        <ele>309.25</ele>
      </trkpt>
      <trkpt lat="42.5327410" lon="11.5566250">
        <ele>309.75</ele>
      </trkpt>
      <trkpt lat="42.5328330" lon="11.5566100">
        <ele>310.50</ele>
      </trkpt>
      <trkpt lat="42.5329690" lon="11.5565620">
        <ele>311.75</ele>
      </trkpt>
      <trkpt lat="42.5330820" lon="11.5566810">
        <ele>313.50</ele>
      </trkpt>
      <trkpt lat="42.5331410" lon="11.5567890">
        <ele>311.75</ele>
      </trkpt>
      <trkpt lat="42.5332180" lon="11.5569700">
        <ele>309.25</ele>
      </trkpt>
      <trkpt lat="42.5333210" lon="11.5572250">
        <ele>307.00</ele>
      </trkpt>
      <trkpt lat="42.5335120" lon="11.5577190">
        <ele>306.25</ele>
      </trkpt>
      <trkpt lat="42.5336780" lon="11.5580460">
        <ele>304.00</ele>
      </trkpt>
      <trkpt lat="42.5337280" lon="11.5582570">
        <ele>303.00</ele>
      </trkpt>
      <trkpt lat="42.5337850" lon="11.5584590">
        <ele>301.25</ele>
      </trkpt>
      <trkpt lat="42.5338160" lon="11.5586650">
        <ele>299.25</ele>
      </trkpt>
      <trkpt lat="42.5338480" lon="11.5590300">
        <ele>294.75</ele>
      </trkpt>
      <trkpt lat="42.5339010" lon="11.5595820">
        <ele>292.75</ele>
      </trkpt>
      <trkpt lat="42.5339690" lon="11.5599420">
        <ele>290.50</ele>
      </trkpt>
      <trkpt lat="42.5339930" lon="11.5601540">
        <ele>289.00</ele>
      </trkpt>
      <trkpt lat="42.5340430" lon="11.5603270">
        <ele>288.25</ele>
      </trkpt>
      <trkpt lat="42.5340920" lon="11.5606050">
        <ele>285.75</ele>
      </trkpt>
      <trkpt lat="42.5341030" lon="11.5608260">
        <ele>284.00</ele>
      </trkpt>
      <trkpt lat="42.5341280" lon="11.5609600">
        <ele>283.25</ele>
      </trkpt>
      <trkpt lat="42.5341950" lon="11.5611480">
        <ele>281.75</ele>
      </trkpt>
      <trkpt lat="42.5342980" lon="11.5613780">
        <ele>280.00</ele>
      </trkpt>
      <trkpt lat="42.5343290" lon="11.5615220">
        <ele>280.75</ele>
      </trkpt>
      <trkpt lat="42.5343390" lon="11.5617120">
        <ele>282.25</ele>
      </trkpt>
      <trkpt lat="42.5343260" lon="11.5617990">
        <ele>283.00</ele>
      </trkpt>
      <trkpt lat="42.5343440" lon="11.5618610">
        <ele>283.25</ele>
      </trkpt>
      <trkpt lat="42.5343840" lon="11.5619410">
        <ele>283.50</ele>
      </trkpt>
      <trkpt lat="42.5344930" lon="11.5620580">
        <ele>281.50</ele>
      </trkpt>
      <trkpt lat="42.5346140" lon="11.5621740">
        <ele>279.25</ele>
      </trkpt>
      <trkpt lat="42.5346830" lon="11.5622700">
        <ele>277.75</ele>
      </trkpt>
      <trkpt lat="42.5348010" lon="11.5623980">
        <ele>275.50</ele>
      </trkpt>
      <trkpt lat="42.5349060" lon="11.5625060">
        <ele>273.50</ele>
      </trkpt>
      <trkpt lat="42.5349920" lon="11.5626170">
        <ele>271.75</ele>
      </trkpt>
      <trkpt lat="42.5351400" lon="11.5627440">
        <ele>270.25</ele>
      </trkpt>
      <trkpt lat="42.5353820" lon="11.5630080">
        <ele>268.50</ele>
      </trkpt>
      <trkpt lat="42.5354430" lon="11.5631170">
        <ele>268.00</ele>
      </trkpt>
      <trkpt lat="42.5354760" lon="11.5631910">
        <ele>267.50</ele>
      </trkpt>
      <trkpt lat="42.5355270" lon="11.5634060">
        <ele>266.50</ele>
      </trkpt>
      <trkpt lat="42.5355750" lon="11.5635110">
        <ele>265.75</ele>
      </trkpt>
      <trkpt lat="42.5356980" lon="11.5635410">
        <ele>262.25</ele>
      </trkpt>
      <trkpt lat="42.5357810" lon="11.5634990">
        <ele>260.00</ele>
      </trkpt>
      <trkpt lat="42.5360250" lon="11.5631520">
        <ele>257.50</ele>
      </trkpt>
      <trkpt lat="42.5361590" lon="11.5630800">
        <ele>256.00</ele>
      </trkpt>
      <trkpt lat="42.5366410" lon="11.5630850">
        <ele>248.75</ele>
      </trkpt>
      <trkpt lat="42.5367730" lon="11.5629440">
        <ele>247.25</ele>
      </trkpt>
      <trkpt lat="42.5369000" lon="11.5627890">
        <ele>246.75</ele>
      </trkpt>
      <trkpt lat="42.5370650" lon="11.5626720">
        <ele>245.50</ele>
      </trkpt>
      <trkpt lat="42.5372960" lon="11.5626110">
        <ele>243.75</ele>
      </trkpt>
      <trkpt lat="42.5373330" lon="11.5626010">
        <ele>243.50</ele>
      </trkpt>
      <trkpt lat="42.5374690" lon="11.5626660">
        <ele>242.00</ele>
      </trkpt>
      <trkpt lat="42.5382210" lon="11.5629490">
        <ele>231.25</ele>
      </trkpt>
      <trkpt lat="42.5385210" lon="11.5629710">
        <ele>228.00</ele>
      </trkpt>
      <trkpt lat="42.5385570" lon="11.5629970">
        <ele>227.75</ele>
      </trkpt>
      <trkpt lat="42.5386080" lon="11.5630350">
        <ele>227.50</ele>
      </trkpt>
      <trkpt lat="42.5386160" lon="11.5631850">
        <ele>225.50</ele>
      </trkpt>
      <trkpt lat="42.5385210" lon="11.5633140">
        <ele>223.50</ele>
      </trkpt>
      <trkpt lat="42.5383250" lon="11.5634630">
        <ele>220.75</ele>
      </trkpt>
      <trkpt lat="42.5379240" lon="11.5638520">
        <ele>216.00</ele>
      </trkpt>
      <trkpt lat="42.5378420" lon="11.5639510">
        <ele>215.00</ele>
      </trkpt>
      <trkpt lat="42.5378110" lon="11.5640340">
        <ele>214.00</ele>
      </trkpt>
      <trkpt lat="42.5378180" lon="11.5641460">
        <ele>211.75</ele>
      </trkpt>
      <trkpt lat="42.5379240" lon="11.5644920">
        <ele>205.75</ele>
      </trkpt>
      <trkpt lat="42.5379310" lon="11.5645570">
        <ele>204.75</ele>
      </trkpt>
      <trkpt lat="42.5378670" lon="11.5647770">
        <ele>203.00</ele>
      </trkpt>
      <trkpt lat="42.5378270" lon="11.5648280">
        <ele>203.00</ele>
      </trkpt>
      <trkpt lat="42.5376610" lon="11.5648980">
        <ele>205.00</ele>
      </trkpt>
      <trkpt lat="42.5376010" lon="11.5649650">
        <ele>205.25</ele>
      </trkpt>
      <trkpt lat="42.5375580" lon="11.5650510">
        <ele>205.75</ele>
      </trkpt>
      <trkpt lat="42.5375500" lon="11.5651580">
        <ele>206.00</ele>
      </trkpt>
      <trkpt lat="42.5375700" lon="11.5652440">
        <ele>205.50</ele>
      </trkpt>
      <trkpt lat="42.5377870" lon="11.5654960">
        <ele>204.00</ele>
      </trkpt>
      <trkpt lat="42.5379280" lon="11.5657820">
        <ele>203.75</ele>
      </trkpt>
      <trkpt lat="42.5380050" lon="11.5661180">
        <ele>203.25</ele>
      </trkpt>
      <trkpt lat="42.5380560" lon="11.5663990">
        <ele>199.75</ele>
      </trkpt>
      <trkpt lat="42.5380240" lon="11.5667540">
        <ele>198.50</ele>
      </trkpt>
      <trkpt lat="42.5380340" lon="11.5669390">
        <ele>197.50</ele>
      </trkpt>
      <trkpt lat="42.5380140" lon="11.5672740">
        <ele>193.75</ele>
      </trkpt>
      <trkpt lat="42.5379280" lon="11.5675200">
        <ele>190.75</ele>
      </trkpt>
      <trkpt lat="42.5378120" lon="11.5677320">
        <ele>189.25</ele>
      </trkpt>
      <trkpt lat="42.5375920" lon="11.5679490">
        <ele>187.75</ele>
      </trkpt>
      <trkpt lat="42.5374890" lon="11.5681480">
        <ele>184.75</ele>
      </trkpt>
      <trkpt lat="42.5375800" lon="11.5688930">
        <ele>177.00</ele>
      </trkpt>
      <trkpt lat="42.5375650" lon="11.5692900">
        <ele>177.25</ele>
      </trkpt>
      <trkpt lat="42.5376590" lon="11.5693220">
        <ele>175.75</ele>
      </trkpt>
      <trkpt lat="42.5378960" lon="11.5695260">
        <ele>172.50</ele>
      </trkpt>
      <trkpt lat="42.5380780" lon="11.5698590">
        <ele>170.00</ele>
      </trkpt>
      <trkpt lat="42.5381890" lon="11.5708030">
        <ele>166.50</ele>
      </trkpt>
      <trkpt lat="42.5382520" lon="11.5710180">
        <ele>163.50</ele>
      </trkpt>
      <trkpt lat="42.5381570" lon="11.5714570">
        <ele>161.75</ele>
      </trkpt>
      <trkpt lat="42.5381500" lon="11.5719720">
        <ele>157.50</ele>
      </trkpt>
      <trkpt lat="42.5382680" lon="11.5725410">
        <ele>154.00</ele>
      </trkpt>
      <trkpt lat="42.5386400" lon="11.5728410">
        <ele>146.50</ele>
      </trkpt>
      <trkpt lat="42.5389320" lon="11.5730990">
        <ele>142.50</ele>
      </trkpt>
      <trkpt lat="42.5391530" lon="11.5731100">
        <ele>138.50</ele>
      </trkpt>
      <trkpt lat="42.5396280" lon="11.5729700">
        <ele>131.25</ele>
      </trkpt>
      <trkpt lat="42.5399520" lon="11.5731310">
        <ele>125.25</ele>
      </trkpt>
      <trkpt lat="42.5402760" lon="11.5734640">
        <ele>121.00</ele>
      </trkpt>
      <trkpt lat="42.5404770" lon="11.5733940">
        <ele>121.00</ele>
      </trkpt>
      <trkpt lat="42.5407980" lon="11.5734850">
        <ele>123.75</ele>
      </trkpt>
      <trkpt lat="42.5410270" lon="11.5737640">
        <ele>126.25</ele>
      </trkpt>
      <trkpt lat="42.5412400" lon="11.5738500">
        <ele>129.75</ele>
      </trkpt>
      <trkpt lat="42.5414300" lon="11.5737960">
        <ele>134.00</ele>
      </trkpt>
      <trkpt lat="42.5415990" lon="11.5739260">
        <ele>136.00</ele>
      </trkpt>
      <trkpt lat="42.5416480" lon="11.5741310">
        <ele>134.00</ele>
      </trkpt>
      <trkpt lat="42.5417780" lon="11.5745010">
        <ele>132.25</ele>
      </trkpt>
      <trkpt lat="42.5418080" lon="11.5746460">
        <ele>131.50</ele>
      </trkpt>
      <trkpt lat="42.5417980" lon="11.5748710">
        <ele>129.50</ele>
      </trkpt>
      <trkpt lat="42.5417240" lon="11.5752000">
        <ele>125.25</ele>
      </trkpt>
      <trkpt lat="42.5416900" lon="11.5753320">
        <ele>124.00</ele>
      </trkpt>
      <trkpt lat="42.5414640" lon="11.5762120">
        <ele>120.25</ele>
      </trkpt>
      <trkpt lat="42.5408840" lon="11.5785510">
        <ele>114.75</ele>
      </trkpt>
      <trkpt lat="42.5408040" lon="11.5788480">
        <ele>114.75</ele>
      </trkpt>
      <trkpt lat="42.5405430" lon="11.5799050">
        <ele>112.00</ele>
      </trkpt>
      <trkpt lat="42.5400990" lon="11.5816300">
        <ele>109.75</ele>
      </trkpt>
      <trkpt lat="42.5393480" lon="11.5846380">
        <ele>106.75</ele>
      </trkpt>
      <trkpt lat="42.5393020" lon="11.5847630">
        <ele>106.50</ele>
      </trkpt>
      <trkpt lat="42.5391890" lon="11.5849420">
        <ele>107.25</ele>
      </trkpt>
      <trkpt lat="42.5391040" lon="11.5850360">
        <ele>108.25</ele>
      </trkpt>
      <trkpt lat="42.5378000" lon="11.5862940">
        <ele>111.50</ele>
      </trkpt>
      <trkpt lat="42.5377200" lon="11.5863940">
        <ele>111.75</ele>
      </trkpt>
      <trkpt lat="42.5376270" lon="11.5865440">
        <ele>111.75</ele>
      </trkpt>
      <trkpt lat="42.5375350" lon="11.5867350">
        <ele>111.50</ele>
      </trkpt>
      <trkpt lat="42.5370960" lon="11.5877120">
        <ele>110.75</ele>
      </trkpt>
      <trkpt lat="42.5370300" lon="11.5878310">
        <ele>111.00</ele>
      </trkpt>
      <trkpt lat="42.5369650" lon="11.5879060">
        <ele>111.50</ele>
      </trkpt>
      <trkpt lat="42.5368890" lon="11.5879480">
        <ele>111.75</ele>
      </trkpt>
      <trkpt lat="42.5368180" lon="11.5879760">
        <ele>111.75</ele>
      </trkpt>
      <trkpt lat="42.5362060" lon="11.5880900">
        <ele>110.00</ele>
      </trkpt>
      <trkpt lat="42.5360280" lon="11.5881840">
        <ele>109.75</ele>
      </trkpt>
      <trkpt lat="42.5359240" lon="11.5882620">
        <ele>109.75</ele>
      </trkpt>
      <trkpt lat="42.5351930" lon="11.5890240">
        <ele>109.75</ele>
      </trkpt>
      <trkpt lat="42.5345770" lon="11.5896870">
        <ele>113.25</ele>
      </trkpt>
      <trkpt lat="42.5343810" lon="11.5898240">
        <ele>113.50</ele>
      </trkpt>
      <trkpt lat="42.5342860" lon="11.5898550">
        <ele>114.50</ele>
      </trkpt>
      <trkpt lat="42.5338530" lon="11.5899070">
        <ele>118.25</ele>
      </trkpt>
      <trkpt lat="42.5335330" lon="11.5898990">
        <ele>121.00</ele>
      </trkpt>
      <trkpt lat="42.5332110" lon="11.5898750">
        <ele>123.50</ele>
      </trkpt>
      <trkpt lat="42.5330230" lon="11.5899310">
        <ele>123.50</ele>
      </trkpt>
      <trkpt lat="42.5321600" lon="11.5904160">
        <ele>128.00</ele>
      </trkpt>
      <trkpt lat="42.5311290" lon="11.5920300">
        <ele>117.25</ele>
      </trkpt>
      <trkpt lat="42.5302310" lon="11.5933170">
        <ele>117.25</ele>
      </trkpt>
      <trkpt lat="42.5300000" lon="11.5937840">
        <ele>116.25</ele>
      </trkpt>
      <trkpt lat="42.5297530" lon="11.5952350">
        <ele>119.50</ele>
      </trkpt>
      <trkpt lat="42.5293960" lon="11.5959250">
        <ele>119.75</ele>
      </trkpt>
      <trkpt lat="42.5292990" lon="11.5971570">
        <ele>120.00</ele>
      </trkpt>
      <trkpt lat="42.5290100" lon="11.5979090">
        <ele>119.25</ele>
      </trkpt>
      <trkpt lat="42.5285040" lon="11.5986300">
        <ele>120.50</ele>
      </trkpt>
      <trkpt lat="42.5282710" lon="11.5989890">
        <ele>120.75</ele>
      </trkpt>
      <trkpt lat="42.5281880" lon="11.5994540">
        <ele>117.00</ele>
      </trkpt>
      <trkpt lat="42.5274380" lon="11.6009670">
        <ele>119.75</ele>
      </trkpt>
      <trkpt lat="42.5273980" lon="11.6011170">
        <ele>119.25</ele>
      </trkpt>
      <trkpt lat="42.5273940" lon="11.6011980">
        <ele>118.00</ele>
      </trkpt>
      <trkpt lat="42.5273290" lon="11.6013350">
        <ele>117.75</ele>
      </trkpt>
      <trkpt lat="42.5272840" lon="11.6015300">
        <ele>115.75</ele>
      </trkpt>
      <trkpt lat="42.5271830" lon="11.6016970">
        <ele>116.25</ele>
      </trkpt>
      <trkpt lat="42.5271270" lon="11.6018040">
        <ele>115.50</ele>
      </trkpt>
      <trkpt lat="42.5269920" lon="11.6022760">
        <ele>110.00</ele>
      </trkpt>
      <trkpt lat="42.5267220" lon="11.6030910">
        <ele>108.25</ele>
      </trkpt>
      <trkpt lat="42.5265910" lon="11.6033820">
        <ele>108.25</ele>
      </trkpt>
      <trkpt lat="42.5262560" lon="11.6039510">
        <ele>109.25</ele>
      </trkpt>
      <trkpt lat="42.5259250" lon="11.6047960">
        <ele>103.50</ele>
      </trkpt>
      <trkpt lat="42.5250960" lon="11.6061040">
        <ele>105.25</ele>
      </trkpt>
      <trkpt lat="42.5247240" lon="11.6061780">
        <ele>108.25</ele>
      </trkpt>
      <trkpt lat="42.5242200" lon="11.6060820">
        <ele>110.25</ele>
      </trkpt>
      <trkpt lat="42.5240180" lon="11.6060520">
        <ele>111.25</ele>
      </trkpt>
      <trkpt lat="42.5228440" lon="11.6065490">
        <ele>105.50</ele>
      </trkpt>
      <trkpt lat="42.5222810" lon="11.6064570">
        <ele>104.25</ele>
      </trkpt>
      <trkpt lat="42.5218950" lon="11.6062730">
        <ele>105.25</ele>
      </trkpt>
      <trkpt lat="42.5215440" lon="11.6062340">
        <ele>104.50</ele>
      </trkpt>
      <trkpt lat="42.5210340" lon="11.6062720">
        <ele>98.75</ele>
      </trkpt>
      <trkpt lat="42.5208820" lon="11.6062390">
        <ele>97.75</ele>
      </trkpt>
      <trkpt lat="42.5208300" lon="11.6061840">
        <ele>98.00</ele>
      </trkpt>
      <trkpt lat="42.5203410" lon="11.6064080">
        <ele>103.50</ele>
      </trkpt>
      <trkpt lat="42.5199770" lon="11.6066870">
        <ele>106.50</ele>
      </trkpt>
      <trkpt lat="42.5195500" lon="11.6071590">
        <ele>109.25</ele>
      </trkpt>
      <trkpt lat="42.5191940" lon="11.6075770">
        <ele>114.75</ele>
      </trkpt>
      <trkpt lat="42.5188700" lon="11.6081670">
        <ele>111.75</ele>
      </trkpt>
      <trkpt lat="42.5185930" lon="11.6085110">
        <ele>112.00</ele>
      </trkpt>
      <trkpt lat="42.5179770" lon="11.6088430">
        <ele>109.25</ele>
      </trkpt>
      <trkpt lat="42.5176510" lon="11.6087710">
        <ele>114.25</ele>
      </trkpt>
      <trkpt lat="42.5173450" lon="11.6088220">
        <ele>115.00</ele>
      </trkpt>
      <trkpt lat="42.5166490" lon="11.6090070">
        <ele>111.75</ele>
      </trkpt>
      <trkpt lat="42.5159380" lon="11.6094530">
        <ele>113.50</ele>
      </trkpt>
      <trkpt lat="42.5154500" lon="11.6095040">
        <ele>116.25</ele>
      </trkpt>
      <trkpt lat="42.5146030" lon="11.6101740">
        <ele>122.25</ele>
      </trkpt>
      <trkpt lat="42.5141780" lon="11.6106380">
        <ele>120.50</ele>
      </trkpt>
      <trkpt lat="42.5135830" lon="11.6112140">
        <ele>118.50</ele>
      </trkpt>
      <trkpt lat="42.5133250" lon="11.6117190">
        <ele>115.50</ele>
      </trkpt>
      <trkpt lat="42.5131000" lon="11.6121380">
        <ele>114.25</ele>
      </trkpt>
      <trkpt lat="42.5128490" lon="11.6124980">
        <ele>114.00</ele>
      </trkpt>
      <trkpt lat="42.5125470" lon="11.6127000">
        <ele>115.25</ele>
      </trkpt>
      <trkpt lat="42.5123460" lon="11.6126990">
        <ele>116.00</ele>
      </trkpt>
      <trkpt lat="42.5119110" lon="11.6124360">
        <ele>119.00</ele>
      </trkpt>
      <trkpt lat="42.5117840" lon="11.6124130">
        <ele>119.00</ele>
      </trkpt>
      <trkpt lat="42.5115980" lon="11.6124760">
        <ele>118.75</ele>
      </trkpt>
      <trkpt lat="42.5112720" lon="11.6127580">
        <ele>121.25</ele>
      </trkpt>
      <trkpt lat="42.5105800" lon="11.6131760">
        <ele>122.75</ele>
      </trkpt>
      <trkpt lat="42.5101920" lon="11.6132770">
        <ele>123.50</ele>
      </trkpt>
      <trkpt lat="42.5099380" lon="11.6131670">
        <ele>125.25</ele>
      </trkpt>
      <trkpt lat="42.5092490" lon="11.6126120">
        <ele>132.25</ele>
      </trkpt>
      <trkpt lat="42.5087340" lon="11.6122930">
        <ele>133.25</ele>
      </trkpt>
      <trkpt lat="42.5081940" lon="11.6118620">
        <ele>134.00</ele>
      </trkpt>
      <trkpt lat="42.5079100" lon="11.6115060">
        <ele>135.50</ele>
      </trkpt>
      <trkpt lat="42.5075110" lon="11.6108510">
        <ele>135.00</ele>
      </trkpt>
      <trkpt lat="42.5072610" lon="11.6103190">
        <ele>135.50</ele>
      </trkpt>
      <trkpt lat="42.5070620" lon="11.6100360">
        <ele>136.50</ele>
      </trkpt>
      <trkpt lat="42.5068900" lon="11.6096900">
        <ele>138.00</ele>
      </trkpt>
      <trkpt lat="42.5067010" lon="11.6095100">
        <ele>138.50</ele>
      </trkpt>
      <trkpt lat="42.5062910" lon="11.6093600">
        <ele>140.75</ele>
      </trkpt>
      <trkpt lat="42.5061590" lon="11.6092590">
        <ele>141.50</ele>
      </trkpt>
      <trkpt lat="42.5060750" lon="11.6092840">
        <ele>141.25</ele>
      </trkpt>
      <trkpt lat="42.5059590" lon="11.6095240">
        <ele>143.00</ele>
      </trkpt>
      <trkpt lat="42.5059070" lon="11.6097290">
        <ele>146.00</ele>
      </trkpt>
      <trkpt lat="42.5059270" lon="11.6098330">
        <ele>147.50</ele>
      </trkpt>
      <trkpt lat="42.5061550" lon="11.6104360">
        <ele>148.50</ele>
      </trkpt>
      <trkpt lat="42.5069230" lon="11.6118230">
        <ele>163.00</ele>
      </trkpt>
      <trkpt lat="42.5070430" lon="11.6122410">
        <ele>164.25</ele>
      </trkpt>
      <trkpt lat="42.5070610" lon="11.6124560">
        <ele>166.00</ele>
      </trkpt>
      <trkpt lat="42.5070010" lon="11.6128030">
        <ele>168.25</ele>
      </trkpt>
      <trkpt lat="42.5068250" lon="11.6130660">
        <ele>171.50</ele>
      </trkpt>
      <trkpt lat="42.5059090" lon="11.6133830">
        <ele>179.25</ele>
      </trkpt>
      <trkpt lat="42.5055940" lon="11.6137270">
        <ele>179.25</ele>
      </trkpt>
      <trkpt lat="42.5045370" lon="11.6145360">
        <ele>175.75</ele>
      </trkpt>
      <trkpt lat="42.5029330" lon="11.6157480">
        <ele>171.25</ele>
      </trkpt>
      <trkpt lat="42.5020100" lon="11.6165400">
        <ele>170.50</ele>
      </trkpt>
      <trkpt lat="42.5013930" lon="11.6168250">
        <ele>170.75</ele>
      </trkpt>
      <trkpt lat="42.5013460" lon="11.6168290">
        <ele>170.75</ele>
      </trkpt>
      <trkpt lat="42.5012790" lon="11.6170000">
        <ele>170.00</ele>
      </trkpt>
      <trkpt lat="42.5011780" lon="11.6172280">
        <ele>169.75</ele>
      </trkpt>
      <trkpt lat="42.5009170" lon="11.6175610">
        <ele>167.75</ele>
      </trkpt>
      <trkpt lat="42.5007870" lon="11.6176790">
        <ele>167.75</ele>
      </trkpt>
      <trkpt lat="42.5006880" lon="11.6178660">
        <ele>167.75</ele>
      </trkpt>
      <trkpt lat="42.5007870" lon="11.6176790">
        <ele>167.75</ele>
      </trkpt>
      <trkpt lat="42.5009170" lon="11.6175610">
        <ele>167.75</ele>
      </trkpt>
      <trkpt lat="42.5011780" lon="11.6172280">
        <ele>169.75</ele>
      </trkpt>
      <trkpt lat="42.5012790" lon="11.6170000">
        <ele>170.00</ele>
      </trkpt>
      <trkpt lat="42.5013460" lon="11.6168290">
        <ele>170.75</ele>
      </trkpt>
      <trkpt lat="42.5007560" lon="11.6168880">
        <ele>169.00</ele>
      </trkpt>
      <trkpt lat="42.4994630" lon="11.6168790">
        <ele>162.25</ele>
      </trkpt>
      <trkpt lat="42.4983290" lon="11.6166930">
        <ele>150.50</ele>
      </trkpt>
      <trkpt lat="42.4981060" lon="11.6166920">
        <ele>150.75</ele>
      </trkpt>
      <trkpt lat="42.4976990" lon="11.6167020">
        <ele>152.00</ele>
      </trkpt>
      <trkpt lat="42.4963190" lon="11.6165530">
        <ele>144.25</ele>
      </trkpt>
      <trkpt lat="42.4960480" lon="11.6166210">
        <ele>144.25</ele>
      </trkpt>
      <trkpt lat="42.4953950" lon="11.6169200">
        <ele>148.00</ele>
      </trkpt>
      <trkpt lat="42.4947950" lon="11.6170780">
        <ele>151.75</ele>
      </trkpt>
      <trkpt lat="42.4943650" lon="11.6170150">
        <ele>153.75</ele>
      </trkpt>
      <trkpt lat="42.4935310" lon="11.6166750">
        <ele>148.25</ele>
      </trkpt>
      <trkpt lat="42.4930610" lon="11.6165260">
        <ele>146.50</ele>
      </trkpt>
      <trkpt lat="42.4926970" lon="11.6166310">
        <ele>146.00</ele>
      </trkpt>
      <trkpt lat="42.4921940" lon="11.6167280">
        <ele>143.50</ele>
      </trkpt>
      <trkpt lat="42.4921190" lon="11.6166580">
        <ele>142.50</ele>
      </trkpt>
      <trkpt lat="42.4919740" lon="11.6163800">
        <ele>140.50</ele>
      </trkpt>
      <trkpt lat="42.4918240" lon="11.6161700">
        <ele>137.25</ele>
      </trkpt>
      <trkpt lat="42.4911780" lon="11.6150220">
        <ele>125.75</ele>
      </trkpt>
      <trkpt lat="42.4909260" lon="11.6143730">
        <ele>122.25</ele>
      </trkpt>
      <trkpt lat="42.4905610" lon="11.6136320">
        <ele>117.00</ele>
      </trkpt>
      <trkpt lat="42.4904700" lon="11.6134620">
        <ele>116.00</ele>
      </trkpt>
      <trkpt lat="42.4901570" lon="11.6134290">
        <ele>115.50</ele>
      </trkpt>
      <trkpt lat="42.4899910" lon="11.6135900">
        <ele>112.25</ele>
      </trkpt>
      <trkpt lat="42.4897730" lon="11.6139110">
        <ele>112.75</ele>
      </trkpt>
      <trkpt lat="42.4892510" lon="11.6142490">
        <ele>113.75</ele>
      </trkpt>
      <trkpt lat="42.4885790" lon="11.6147750">
        <ele>116.25</ele>
      </trkpt>
      <trkpt lat="42.4883180" lon="11.6149360">
        <ele>118.50</ele>
      </trkpt>
      <trkpt lat="42.4881480" lon="11.6149470">
        <ele>118.75</ele>
      </trkpt>
      <trkpt lat="42.4878750" lon="11.6148290">
        <ele>119.00</ele>
      </trkpt>
      <trkpt lat="42.4877060" lon="11.6146740">
        <ele>119.25</ele>
      </trkpt>
      <trkpt lat="42.4874870" lon="11.6142920">
        <ele>118.00</ele>
      </trkpt>
      <trkpt lat="42.4873520" lon="11.6139540">
        <ele>116.75</ele>
      </trkpt>
      <trkpt lat="42.4869850" lon="11.6135900">
        <ele>115.25</ele>
      </trkpt>
      <trkpt lat="42.4868860" lon="11.6134180">
        <ele>116.25</ele>
      </trkpt>
      <trkpt lat="42.4867040" lon="11.6129460">
        <ele>122.25</ele>
      </trkpt>
      <trkpt lat="42.4865970" lon="11.6127420">
        <ele>125.25</ele>
      </trkpt>
      <trkpt lat="42.4861300" lon="11.6124360">
        <ele>125.25</ele>
      </trkpt>
      <trkpt lat="42.4858900" lon="11.6120880">
        <ele>126.75</ele>
      </trkpt>
      <trkpt lat="42.4851770" lon="11.6110200">
        <ele>129.25</ele>
      </trkpt>
      <trkpt lat="42.4851210" lon="11.6109180">
        <ele>129.75</ele>
      </trkpt>
      <trkpt lat="42.4850150" lon="11.6109070">
        <ele>129.25</ele>
      </trkpt>
      <trkpt lat="42.4842430" lon="11.6109880">
        <ele>129.50</ele>
      </trkpt>
      <trkpt lat="42.4837370" lon="11.6109500">
        <ele>129.00</ele>
      </trkpt>
      <trkpt lat="42.4833850" lon="11.6107840">
        <ele>131.50</ele>
      </trkpt>
      <trkpt lat="42.4829970" lon="11.6108380">
        <ele>132.00</ele>
      </trkpt>
      <trkpt lat="42.4823880" lon="11.6109990">
        <ele>133.00</ele>
      </trkpt>
      <trkpt lat="42.4819880" lon="11.6110200">
        <ele>133.75</ele>
      </trkpt>
      <trkpt lat="42.4816120" lon="11.6109230">
        <ele>135.75</ele>
      </trkpt>
      <trkpt lat="42.4810620" lon="11.6108050">
        <ele>134.25</ele>
      </trkpt>
      <trkpt lat="42.4806030" lon="11.6109660">
        <ele>133.25</ele>
      </trkpt>
      <trkpt lat="42.4799860" lon="11.6112720">
        <ele>134.25</ele>
      </trkpt>
      <trkpt lat="42.4795350" lon="11.6112880">
        <ele>135.00</ele>
      </trkpt>
      <trkpt lat="42.4791830" lon="11.6111920">
        <ele>137.00</ele>
      </trkpt>
      <trkpt lat="42.4789180" lon="11.6110840">
        <ele>139.25</ele>
      </trkpt>
      <trkpt lat="42.4785070" lon="11.6110950">
        <ele>137.75</ele>
      </trkpt>
      <trkpt lat="42.4779960" lon="11.6111220">
        <ele>138.25</ele>
      </trkpt>
      <trkpt lat="42.4769200" lon="11.6112350">
        <ele>136.00</ele>
      </trkpt>
      <trkpt lat="42.4759430" lon="11.6113470">
        <ele>135.75</ele>
      </trkpt>
      <trkpt lat="42.4755370" lon="11.6115140">
        <ele>134.00</ele>
      </trkpt>
      <trkpt lat="42.4746920" lon="11.6118350">
        <ele>131.50</ele>
      </trkpt>
      <trkpt lat="42.4738180" lon="11.6122480">
        <ele>128.00</ele>
      </trkpt>
      <trkpt lat="42.4730190" lon="11.6125860">
        <ele>131.50</ele>
      </trkpt>
      <trkpt lat="42.4727100" lon="11.6126830">
        <ele>132.50</ele>
      </trkpt>
      <trkpt lat="42.4721440" lon="11.6127470">
        <ele>131.25</ele>
      </trkpt>
      <trkpt lat="42.4717920" lon="11.6130370">
        <ele>127.25</ele>
      </trkpt>
      <trkpt lat="42.4715820" lon="11.6130420">
        <ele>127.00</ele>
      </trkpt>
      <trkpt lat="42.4713690" lon="11.6129190">
        <ele>124.50</ele>
      </trkpt>
      <trkpt lat="42.4712300" lon="11.6128170">
        <ele>121.00</ele>
      </trkpt>
      <trkpt lat="42.4710840" lon="11.6126290">
        <ele>118.25</ele>
      </trkpt>
      <trkpt lat="42.4710170" lon="11.6125760">
        <ele>118.00</ele>
      </trkpt>
      <trkpt lat="42.4706050" lon="11.6126450">
        <ele>114.25</ele>
      </trkpt>
      <trkpt lat="42.4700470" lon="11.6125270">
        <ele>110.50</ele>
      </trkpt>
      <trkpt lat="42.4688880" lon="11.6125810">
        <ele>97.50</ele>
      </trkpt>
      <trkpt lat="42.4686900" lon="11.6126190">
        <ele>97.75</ele>
      </trkpt>
      <trkpt lat="42.4685000" lon="11.6126130">
        <ele>97.75</ele>
      </trkpt>
      <trkpt lat="42.4682230" lon="11.6126450">
        <ele>96.50</ele>
      </trkpt>
      <trkpt lat="42.4673880" lon="11.6126620">
        <ele>86.25</ele>
      </trkpt>
      <trkpt lat="42.4672690" lon="11.6127310">
        <ele>84.75</ele>
      </trkpt>
      <trkpt lat="42.4670240" lon="11.6130690">
        <ele>80.00</ele>
      </trkpt>
      <trkpt lat="42.4668380" lon="11.6132620">
        <ele>78.25</ele>
      </trkpt>
      <trkpt lat="42.4666680" lon="11.6133860">
        <ele>76.00</ele>
      </trkpt>
      <trkpt lat="42.4665250" lon="11.6133540">
        <ele>75.75</ele>
      </trkpt>
      <trkpt lat="42.4661770" lon="11.6130530">
        <ele>76.25</ele>
      </trkpt>
      <trkpt lat="42.4660400" lon="11.6130380">
        <ele>76.25</ele>
      </trkpt>
      <trkpt lat="42.4657220" lon="11.6129730">
        <ele>77.25</ele>
      </trkpt>
      <trkpt lat="42.4654060" lon="11.6128280">
        <ele>76.75</ele>
      </trkpt>
      <trkpt lat="42.4648750" lon="11.6127580">
        <ele>75.00</ele>
      </trkpt>
      <trkpt lat="42.4647010" lon="11.6127900">
        <ele>74.75</ele>
      </trkpt>
      <trkpt lat="42.4645350" lon="11.6128870">
        <ele>74.25</ele>
      </trkpt>
      <trkpt lat="42.4643250" lon="11.6129240">
        <ele>73.50</ele>
      </trkpt>
      <trkpt lat="42.4639020" lon="11.6128060">
        <ele>73.50</ele>
      </trkpt>
      <trkpt lat="42.4631810" lon="11.6129140">
        <ele>76.25</ele>
      </trkpt>
      <trkpt lat="42.4628180" lon="11.6129550">
        <ele>76.25</ele>
      </trkpt>
      <trkpt lat="42.4625870" lon="11.6129390">
        <ele>76.50</ele>
      </trkpt>
      <trkpt lat="42.4621640" lon="11.6129550">
        <ele>77.00</ele>
      </trkpt>
      <trkpt lat="42.4620810" lon="11.6129510">
        <ele>76.50</ele>
      </trkpt>
      <trkpt lat="42.4619890" lon="11.6129320">
        <ele>76.00</ele>
      </trkpt>
      <trkpt lat="42.4619170" lon="11.6129020">
        <ele>75.75</ele>
      </trkpt>
      <trkpt lat="42.4617410" lon="11.6128040">
        <ele>74.75</ele>
      </trkpt>
      <trkpt lat="42.4616330" lon="11.6127280">
        <ele>74.25</ele>
      </trkpt>
      <trkpt lat="42.4615910" lon="11.6127170">
        <ele>74.50</ele>
      </trkpt>
      <trkpt lat="42.4611210" lon="11.6127890">
        <ele>74.75</ele>
      </trkpt>
      <trkpt lat="42.4609960" lon="11.6127850">
        <ele>75.00</ele>
      </trkpt>
      <trkpt lat="42.4607760" lon="11.6127340">
        <ele>74.75</ele>
      </trkpt>
      <trkpt lat="42.4604430" lon="11.6126210">
        <ele>74.50</ele>
      </trkpt>
      <trkpt lat="42.4601700" lon="11.6125840">
        <ele>75.50</ele>
      </trkpt>
      <trkpt lat="42.4595930" lon="11.6125500">
        <ele>77.00</ele>
      </trkpt>
      <trkpt lat="42.4593330" lon="11.6125280">
        <ele>77.00</ele>
      </trkpt>
      <trkpt lat="42.4589620" lon="11.6124840">
        <ele>77.00</ele>
      </trkpt>
      <trkpt lat="42.4586530" lon="11.6124880">
        <ele>76.00</ele>
      </trkpt>
      <trkpt lat="42.4583140" lon="11.6125570">
        <ele>74.75</ele>
      </trkpt>
      <trkpt lat="42.4580130" lon="11.6125640">
        <ele>75.75</ele>
      </trkpt>
      <trkpt lat="42.4576790" lon="11.6126160">
        <ele>77.00</ele>
      </trkpt>
      <trkpt lat="42.4572200" lon="11.6127390">
        <ele>78.00</ele>
      </trkpt>
      <trkpt lat="42.4570640" lon="11.6127720">
        <ele>78.00</ele>
      </trkpt>
      <trkpt lat="42.4567710" lon="11.6127470">
        <ele>77.50</ele>
      </trkpt>
      <trkpt lat="42.4565210" lon="11.6126560">
        <ele>77.25</ele>
      </trkpt>
      <trkpt lat="42.4560700" lon="11.6124540">
        <ele>76.75</ele>
      </trkpt>
      <trkpt lat="42.4548730" lon="11.6116670">
        <ele>73.50</ele>
      </trkpt>
      <trkpt lat="42.4545370" lon="11.6113900">
        <ele>72.25</ele>
      </trkpt>
      <trkpt lat="42.4537140" lon="11.6105810">
        <ele>73.75</ele>
      </trkpt>
      <trkpt lat="42.4531440" lon="11.6100910">
        <ele>73.25</ele>
      </trkpt>
      <trkpt lat="42.4530660" lon="11.6100320">
        <ele>73.00</ele>
      </trkpt>
      <trkpt lat="42.4529510" lon="11.6099950">
        <ele>73.00</ele>
      </trkpt>
      <trkpt lat="42.4524170" lon="11.6098780">
        <ele>74.00</ele>
      </trkpt>
      <trkpt lat="42.4521690" lon="11.6097600">
        <ele>74.75</ele>
      </trkpt>
      <trkpt lat="42.4519960" lon="11.6096380">
        <ele>75.25</ele>
      </trkpt>
      <trkpt lat="42.4519050" lon="11.6095210">
        <ele>75.50</ele>
      </trkpt>
      <trkpt lat="42.4518190" lon="11.6093770">
        <ele>76.25</ele>
      </trkpt>
      <trkpt lat="42.4513470" lon="11.6084330">
        <ele>78.50</ele>
      </trkpt>
      <trkpt lat="42.4511660" lon="11.6081080">
        <ele>78.25</ele>
      </trkpt>
      <trkpt lat="42.4508000" lon="11.6066680">
        <ele>80.75</ele>
      </trkpt>
      <trkpt lat="42.4503320" lon="11.6051120">
        <ele>84.75</ele>
      </trkpt>
      <trkpt lat="42.4502410" lon="11.6049090">
        <ele>85.25</ele>
      </trkpt>
      <trkpt lat="42.4501190" lon="11.6047650">
        <ele>85.25</ele>
      </trkpt>
      <trkpt lat="42.4492850" lon="11.6038750">
        <ele>89.00</ele>
      </trkpt>
      <trkpt lat="42.4491990" lon="11.6038060">
        <ele>89.50</ele>
      </trkpt>
      <trkpt lat="42.4491200" lon="11.6037840">
        <ele>89.50</ele>
      </trkpt>
      <trkpt lat="42.4489980" lon="11.6038000">
        <ele>89.25</ele>
      </trkpt>
      <trkpt lat="42.4486170" lon="11.6039500">
        <ele>89.00</ele>
      </trkpt>
      <trkpt lat="42.4466420" lon="11.6046550">
        <ele>97.25</ele>
      </trkpt>
      <trkpt lat="42.4464560" lon="11.6046610">
        <ele>96.75</ele>
      </trkpt>
      <trkpt lat="42.4462010" lon="11.6048850">
        <ele>97.25</ele>
      </trkpt>
      <trkpt lat="42.4449260" lon="11.6057210">
        <ele>91.00</ele>
      </trkpt>
      <trkpt lat="42.4434070" lon="11.6067440">
        <ele>87.25</ele>
      </trkpt>
      <trkpt lat="42.4423370" lon="11.6074740">
        <ele>86.25</ele>
      </trkpt>
      <trkpt lat="42.4411280" lon="11.6086140">
        <ele>87.75</ele>
      </trkpt>
      <trkpt lat="42.4392230" lon="11.6103870">
        <ele>90.00</ele>
      </trkpt>
      <trkpt lat="42.4387850" lon="11.6108140">
        <ele>90.75</ele>
      </trkpt>
      <trkpt lat="42.4363480" lon="11.6127560">
        <ele>89.50</ele>
      </trkpt>
      <trkpt lat="42.4354110" lon="11.6136500">
        <ele>88.25</ele>
      </trkpt>
      <trkpt lat="42.4328990" lon="11.6160650">
        <ele>79.00</ele>
      </trkpt>
      <trkpt lat="42.4327190" lon="11.6162660">
        <ele>78.00</ele>
      </trkpt>
      <trkpt lat="42.4326060" lon="11.6164530">
        <ele>77.50</ele>
      </trkpt>
      <trkpt lat="42.4325190" lon="11.6166620">
        <ele>77.75</ele>
      </trkpt>
      <trkpt lat="42.4324480" lon="11.6167160">
        <ele>77.50</ele>
      </trkpt>
      <trkpt lat="42.4324120" lon="11.6168130">
        <ele>77.00</ele>
      </trkpt>
      <trkpt lat="42.4325000" lon="11.6169750">
        <ele>76.75</ele>
      </trkpt>
      <trkpt lat="42.4326030" lon="11.6170070">
        <ele>75.75</ele>
      </trkpt>
      <trkpt lat="42.4327050" lon="11.6173380">
        <ele>75.50</ele>
      </trkpt>
      <trkpt lat="42.4327900" lon="11.6176980">
        <ele>75.75</ele>
      </trkpt>
      <trkpt lat="42.4327710" lon="11.6182740">
        <ele>75.75</ele>
      </trkpt>
      <trkpt lat="42.4328030" lon="11.6186200">
        <ele>74.50</ele>
      </trkpt>
      <trkpt lat="42.4328710" lon="11.6186570">
        <ele>74.00</ele>
      </trkpt>
      <trkpt lat="42.4329060" lon="11.6186850">
        <ele>73.75</ele>
      </trkpt>
      <trkpt lat="42.4329510" lon="11.6187190">
        <ele>73.50</ele>
      </trkpt>
      <trkpt lat="42.4330660" lon="11.6188460">
        <ele>73.50</ele>
      </trkpt>
      <trkpt lat="42.4338840" lon="11.6200920">
        <ele>71.50</ele>
      </trkpt>
      <trkpt lat="42.4339250" lon="11.6201770">
        <ele>71.75</ele>
      </trkpt>
      <trkpt lat="42.4339500" lon="11.6202770">
        <ele>72.25</ele>
      </trkpt>
      <trkpt lat="42.4339670" lon="11.6203900">
        <ele>72.25</ele>
      </trkpt>
      <trkpt lat="42.4340470" lon="11.6216930">
        <ele>73.50</ele>
      </trkpt>
      <trkpt lat="42.4340680" lon="11.6218320">
        <ele>73.25</ele>
      </trkpt>
      <trkpt lat="42.4341070" lon="11.6219540">
        <ele>72.75</ele>
      </trkpt>
      <trkpt lat="42.4341770" lon="11.6220900">
        <ele>72.75</ele>
      </trkpt>
      <trkpt lat="42.4345900" lon="11.6228010">
        <ele>73.50</ele>
      </trkpt>
      <trkpt lat="42.4346840" lon="11.6229510">
        <ele>73.00</ele>
      </trkpt>
      <trkpt lat="42.4351570" lon="11.6235370">
        <ele>73.00</ele>
      </trkpt>
      <trkpt lat="42.4352460" lon="11.6236150">
        <ele>73.25</ele>
      </trkpt>
      <trkpt lat="42.4358280" lon="11.6239610">
        <ele>73.00</ele>
      </trkpt>
      <trkpt lat="42.4359250" lon="11.6239930">
        <ele>73.00</ele>
      </trkpt>
      <trkpt lat="42.4361090" lon="11.6240300">
        <ele>73.00</ele>
      </trkpt>
      <trkpt lat="42.4362100" lon="11.6240740">
        <ele>72.25</ele>
      </trkpt>
      <trkpt lat="42.4362730" lon="11.6241340">
        <ele>72.25</ele>
      </trkpt>
      <trkpt lat="42.4363190" lon="11.6241920">
        <ele>72.00</ele>
      </trkpt>
      <trkpt lat="42.4363610" lon="11.6242860">
        <ele>72.25</ele>
      </trkpt>
      <trkpt lat="42.4363900" lon="11.6243950">
        <ele>72.50</ele>
      </trkpt>
      <trkpt lat="42.4364620" lon="11.6250040">
        <ele>74.75</ele>
      </trkpt>
      <trkpt lat="42.4365030" lon="11.6251490">
        <ele>74.50</ele>
      </trkpt>
      <trkpt lat="42.4366540" lon="11.6255460">
        <ele>74.25</ele>
      </trkpt>
      <trkpt lat="42.4367330" lon="11.6256980">
        <ele>74.75</ele>
      </trkpt>
      <trkpt lat="42.4368740" lon="11.6259040">
        <ele>74.25</ele>
      </trkpt>
      <trkpt lat="42.4370950" lon="11.6261710">
        <ele>74.00</ele>
      </trkpt>
      <trkpt lat="42.4374020" lon="11.6264970">
        <ele>73.75</ele>
      </trkpt>
      <trkpt lat="42.4374590" lon="11.6265820">
        <ele>73.50</ele>
      </trkpt>
      <trkpt lat="42.4374990" lon="11.6266970">
        <ele>73.25</ele>
      </trkpt>
      <trkpt lat="42.4375280" lon="11.6268430">
        <ele>74.50</ele>
      </trkpt>
      <trkpt lat="42.4375620" lon="11.6271150">
        <ele>76.50</ele>
      </trkpt>
      <trkpt lat="42.4376110" lon="11.6272950">
        <ele>77.00</ele>
      </trkpt>
      <trkpt lat="42.4378000" lon="11.6275860">
        <ele>74.50</ele>
      </trkpt>
      <trkpt lat="42.4379160" lon="11.6276870">
        <ele>74.50</ele>
      </trkpt>
      <trkpt lat="42.4380980" lon="11.6277910">
        <ele>72.00</ele>
      </trkpt>
      <trkpt lat="42.4384880" lon="11.6278970">
        <ele>73.25</ele>
      </trkpt>
      <trkpt lat="42.4385580" lon="11.6279020">
        <ele>73.50</ele>
      </trkpt>
      <trkpt lat="42.4384950" lon="11.6279980">
        <ele>74.00</ele>
      </trkpt>
      <trkpt lat="42.4383830" lon="11.6281040">
        <ele>74.25</ele>
      </trkpt>
      <trkpt lat="42.4382400" lon="11.6281330">
        <ele>74.50</ele>
      </trkpt>
      <trkpt lat="42.4381720" lon="11.6281250">
        <ele>74.50</ele>
      </trkpt>
      <trkpt lat="42.4379110" lon="11.6280420">
        <ele>77.00</ele>
      </trkpt>
      <trkpt lat="42.4376690" lon="11.6279890">
        <ele>79.25</ele>
      </trkpt>
      <trkpt lat="42.4375490" lon="11.6279850">
        <ele>80.00</ele>
      </trkpt>
      <trkpt lat="42.4374480" lon="11.6280580">
        <ele>80.00</ele>
      </trkpt>
      <trkpt lat="42.4372690" lon="11.6280670">
        <ele>80.75</ele>
      </trkpt>
      <trkpt lat="42.4371600" lon="11.6279940">
        <ele>81.25</ele>
      </trkpt>
      <trkpt lat="42.4370520" lon="11.6279440">
        <ele>82.00</ele>
      </trkpt>
      <trkpt lat="42.4369440" lon="11.6279140">
        <ele>82.50</ele>
      </trkpt>
      <trkpt lat="42.4366340" lon="11.6278560">
        <ele>83.75</ele>
      </trkpt>
      <trkpt lat="42.4364010" lon="11.6277730">
        <ele>84.75</ele>
      </trkpt>
      <trkpt lat="42.4362360" lon="11.6277050">
        <ele>85.25</ele>
      </trkpt>
      <trkpt lat="42.4361050" lon="11.6276820">
        <ele>85.25</ele>
      </trkpt>
      <trkpt lat="42.4356460" lon="11.6276320">
        <ele>83.75</ele>
      </trkpt>
      <trkpt lat="42.4353420" lon="11.6275540">
        <ele>82.25</ele>
      </trkpt>
      <trkpt lat="42.4352630" lon="11.6275430">
        <ele>81.50</ele>
      </trkpt>
      <trkpt lat="42.4352470" lon="11.6275400">
        <ele>81.50</ele>
      </trkpt>
      <trkpt lat="42.4352640" lon="11.6276750">
        <ele>81.25</ele>
      </trkpt>
      <trkpt lat="42.4352620" lon="11.6277560">
        <ele>81.00</ele>
      </trkpt>
      <trkpt lat="42.4351970" lon="11.6281620">
        <ele>80.00</ele>
      </trkpt>
      <trkpt lat="42.4352120" lon="11.6282520">
        <ele>79.75</ele>
      </trkpt>
      <trkpt lat="42.4352420" lon="11.6283240">
        <ele>80.00</ele>
      </trkpt>
      <trkpt lat="42.4352960" lon="11.6283750">
        <ele>80.25</ele>
      </trkpt>
      <trkpt lat="42.4356950" lon="11.6285220">
        <ele>82.25</ele>
      </trkpt>
      <trkpt lat="42.4359390" lon="11.6286960">
        <ele>83.00</ele>
      </trkpt>
      <trkpt lat="42.4360560" lon="11.6288060">
        <ele>83.75</ele>
      </trkpt>
      <trkpt lat="42.4362030" lon="11.6289720">
        <ele>83.75</ele>
      </trkpt>
      <trkpt lat="42.4364210" lon="11.6291880">
        <ele>84.25</ele>
      </trkpt>
    </trkseg>
  </trk>
</gpx>